ORG_ID,STAT_ID,TBL_ID,TBL_NM,TBL_NM_ENG,PATH,SEND_DE,FREQUENCIES,START_PERIOD,END_PERIOD,PERIOD_COUNT,ITEM_COUNT,CLASS_ROW_COUNT,ITEM_NAMES,CLASS_NAMES,UNITS,JOSA_NM,DEPT_NM,DEPT_PHONE,COMMENTS
301,2012013,DT_513Y001,경제심리지수,Economic Sentiment Index,한국은행 > 경제심리지수 > 경제심리지수,2026-09-13,월,,,0,1,2,경제심리지수|경제심리지수(원계열)|경제심리지수(순환변동치),항목|계정코드별,,「경제심리지수」,한국은행  경제통계1국 경제심리조사팀,02-759-5650,"경제심리지수는 매년 1월 표준화구간 연장에 따라 전체 시계열이 수정되며, 경제심리지수 순환변동치는 매월 계절성 및 불규칙 변동치를 갱신하여 산출하므로 전체 시계열이 매월 수정됨"
301,2003008,DT_311Y001,국제투자대조표(IIP),International Investment Position,한국은행 > 국제투자대조표(IIP) > 국제투자대조표(IIP),2026-09-13,분기|년,,,0,1,215,국제투자대조표(IIP)|대외금융자산|직접투자|지분투자|중앙은행|기타금융기관|선도형|＜형태별＞|무역신용|장기무역신용|화폐용 금|채무상품|증권투자|일반정부|비금융기업등|＜부문별＞|옵션형|단기무역신용|대출|SDRs|대외금융부채|차입|예금취급기관|파생금융상품|현금및예금|IMF리저브포지션|순대외금융자산|기타부문|기타투자|기타자산|기타 준비자산|기타부채|지분증권|장기증권|장기대출|장기기타자산|기타지분|준비자산|장기차입|장기기타부채|부채성증권|단기증권|단기대출|단기기타자산|단기차입|단기기타부채,항목|계정코드별,,「국제투자대조표(IIP)」,한국은행 경제통계1국 국외투자통계팀,02-759-4525,
301,2003008,DT_311Y002,지역별 국제투자대조표,IIP for Nations,한국은행 > 국제투자대조표(IIP) > 지역별 국제투자대조표,2026-09-13,년,,,0,1,23,지역별 국제투자대조표|대외금융자산|직접투자|지분증권|증권투자|부채성증권|대외금융부채|파생금융상품|기타투자|총액|미국|중국|일본|유럽연합|동남아|중동|중남미|기타,항목|계정코드별|지역코드별,,「국제투자대조표(IIP)」,한국은행 경제통계1국 국외투자통계팀,02-759-4525,
301,2003008,DT_311Y003,통화별 국제투자대조표,IIP for Currencies,한국은행 > 국제투자대조표(IIP) > 통화별 국제투자대조표,2026-09-13,년,,,0,1,23,통화별 국제투자대조표|대외금융자산|직접투자|지분증권|증권투자|부채성증권|대외금융부채|파생금융상품|기타투자|총액|미달러화|엔화|원화|유로화|홍콩달러화|파운드화|위안화|기타,항목|계정코드별|통화별,,「국제투자대조표(IIP)」,한국은행 경제통계1국 국외투자통계팀,02-759-4525,
301,2001022,DT_514Y003,대출행태서베이(대출수요),Demand for loans,한국은행 > 금융기관대출행태조사 > 대출행태서베이(대출수요),2026-09-13,분기,,,0,1,11,대출행태서베이(대출수요)|국내은행|국내은행-차주가중종합지수|상호저축은행|국내은행-대기업|비은행금융기관|신용카드회사|국내은행-중소기업|상호금융조합|국내은행-가계(일반)|생명보험회사|국내은행-가계(주택),항목|계정코드별,,「금융기관대출행태조사」,한국은행  금융안정국 은행분석팀,02-750-6879,"가장 최근 분기는 전망치, 여타 분기는 실적치 기준임 || [대출수요]: (+)부호는 대출수요 증가, (-)부호는 그 반대를 의미 || 국내은행-차주가중종합지수 : 개별은행의 차주별 대출금액으로 가중평균"
301,2001022,DT_514Y001,대출행태서베이(대출태도),Lending attitude,한국은행 > 금융기관대출행태조사 > 대출행태서베이(대출태도),2026-09-13,분기,,,0,1,11,대출행태서베이(대출태도)|국내은행|국내은행-차주가중종합지수|상호저축은행|국내은행-대기업|비은행금융기관|신용카드회사|국내은행-중소기업|상호금융조합|국내은행-가계(일반)|생명보험회사|국내은행-가계(주택),항목|계정코드별,,「금융기관대출행태조사」,한국은행  금융안정국 은행분석팀,02-750-6879,"가장 최근 분기는 전망치, 여타 분기는 실적치 기준임 || [대출태도]: (+)부호는 대출태도 완화, (-)부호는 그 반대를 의미 || 국내은행-차주가중종합지수: 개별은행의 차주별 대출금액으로 가중평균"
301,2001022,DT_514Y002,대출행태서베이(신용위험),Credit risks,한국은행 > 금융기관대출행태조사 > 대출행태서베이(신용위험),2026-09-13,분기,,,0,1,10,대출행태서베이(신용위험)|국내은행|국내은행-차주가중종합지수|상호저축은행|국내은행-대기업|비은행금융기관|신용카드회사|국내은행-중소기업|상호금융조합|국내은행-가계|생명보험회사,항목|계정코드별,,「금융기관대출행태조사」,한국은행  금융안정국 은행분석팀,02-750-6879,"가장 최근 분기는 전망치, 여타 분기는 실적치 기준임 || [신용위험]: (+)부호는 신용위험 증가, (-)부호는 그 반대를 의미 || 국내은행 - 차주가중종합지수 : 개별은행의 차주별 대출금액으로 가중평균"
301,1966004,DT_501Y005,"성장성 지표(제11차 한국표준산업분류, 2009~)","Indicators concerning Growth(11th revised KSIC, 2009~, complete enumeration)","한국은행 > 기업경영분석 > 성장성 지표(제11차 한국표준산업분류, 2009~)",2026-09-13,년,,,0,1,141,성장성 지표(제11차 한국표준산업분류 2009~)|C10 식료품|C101-4 육류 수산물 과실 가공 및 유지 낙농제품|C111 알코올음료|C131 방적 및 가공사|C201 기초화학물질|C221 고무제품|C231 유리 및 유리제품|C241 1차 철강|C2612 반도체 및 전자부품|C281 전동기 발전기 및 전기변환 · 공급 · 제어 장치|C291 일반 목적용 기계|C301 자동차용 엔진 및 자동차|C311 선박 및 보트 건조업|D351 전기업|E37 E3812 E39 하수 · 폐수 · 분뇨처리 및 폐기물 수집 · 운반 · 처리 환경 정화 · 복원업|F41 종합 건설업|G45 자동차 및 부품 판매업|G471 종합 소매업|G47113 대형 종합 소매업 및 면세점(백화점 제외)|H49 육상운송 및 파이프라인 운송업|H491 철도운송업|I55 숙박업|J58 출판업|J581 서적 잡지 및 기타 인쇄물 출판업|M71 전문 서비스업|M7112 법무 회계 및 세무 관련 서비스업|N74 사업시설 관리 및 조경 서비스업|N751 고용알선 및 인력공급업|전산업|G472-8 G4792-9 일반 소매업(통신판매업 제외)|A01 농업|C1059 곡물가공품 전분제품 사료 및 조제식품|C11 음료|C112 비알코올음료 및 얼음|C132 직물직조 및 직물제품|C202 합성고무 및 플라스틱 물질|C222 플라스틱제품|C232 내화 비내화 요업제품|C242 1차 비철금속|C263 컴퓨터 및 주변장치|C283 절연선 및 케이블|C292 특수 목적용 기계|C302-4 자동차 차체 및 트레일러 자동차 부품|C31239 철도 항공기 및 그 외 기타 운송장비|D3523 연료용 가스 증기 · 냉온수 및 공기조절 공급업|E383 해체 선별 및 원료재생업|F42 전문직별 공사업|G46 도매 및 상품중개업|G47111 백화점|G472-9 일반 소매업|G4791 통신 판매업|H492 육상 여객 운송업|H50 수상 운송업|I56 음식점 및 주점업|J582 소프트웨어 개발 및 공급업|J59 영상 · 오디오 기록물 제작 및 배급업|M713 광고업|M72 건축기술 엔지니어링 및 기타 과학기술 서비스업|N75 사업지원 서비스업|N752 여행사 및 기타 여행보조 서비스업|A03 어업|C106 떡 빵 및 과자류|C13 섬유제품(의복 제외)|C13349 기타 섬유제품|C203 비료 농약 및 살균 살충제|C233 시멘트 석회 플라스터 및 그 제품|C243 금속 주조업|C264 통신 및 방송 장비|C285 가정용 기기|G47 소매업(자동차 제외)|G47129 기타 종합 소매업|H493-5 도로 화물 소화물 전문 파이프라인 운송업|H51 항공 운송업|J60 방송 및 영상 · 오디오물 제공 서비스업|M7147153716 기타 전문 서비스업|M73 기타 전문 과학 및 기술 서비스업|N753 경비 경호 및 탐정업|N76 임대업(부동산 제외)|B 광업|C107 도시락 및 식사용 조리식품|C14 의복 의복액세서리 및 모피제품|C204 기타 화학제품|C239 기타 비금속 광물제품|C2656 영상 및 음향기기 마그네틱 및 광학 매체|C28249 기타 전기장비|H52 창고 및 운송관련 서비스업|J61 우편 및 통신업|N759 기타 사업지원 서비스업|C 제조업|C108 기타 식품|C15 가죽 가방 및 신발|C205 화학섬유|J62 컴퓨터 프로그래밍 시스템 통합 및 관리업|C16 목재 및 나무제품(가구 제외)|J63 정보서비스업|비제조업|C17 펄프 종이 및 종이제품|D35 전기 가스 증기 및 공기조절 공급업|C18 인쇄 및 기록매체 복제업|F 건설업|C19 코크스 연탄 및 석유정제품|서비스업|C20 화학물질 및 화학제품(의약품 제외)|E37-39 하수 · 폐기물 처리 원료재생업|C21 의료용 물질 및 의약품|G 도매 및 소매업|C22 고무 및 플라스틱제품|H 운수 및 창고업|C23 비금속 광물제품|I 숙박 및 음식점업|C24 1차 금속|J 정보통신업|C25 금속가공제품(기계 및 가구 제외)|L 부동산업|C26 전자부품 컴퓨터 영상 음향 및 통신장비|M 전문 과학 및 기술 서비스업|C27 의료 정밀 광학기기 및 시계|N 사업시설 관리 및 사업지원 및 임대 서비스업|C28 전기장비|P 교육 서비스업|C29 기타 기계 및 장비|R 예술 스포츠 및 여가관련 서비스업|C30 자동차 및 트레일러|S95 개인 및 소비용품 수리업|C31 기타 운송장비|S96 기타 개인 서비스업|C32 가구|C33 기타 제품 제조업|C34 산업용기계 및 장비수리업|종합|대기업|대기업_중견|중소기업|중기업|소기업|총자산증가율|유형자산증가율|유동자산증가율|재고자산증가율|자기자본증가율|매출액증가율,항목|업종코드별|기업규모별|계정항목별,,「기업경영분석」,한국은행 경제통계1국 한국은행 기업통계팀,02-759-4270,
301,1966004,DT_501Y019,"성장성 지표(중소기업기본법, 2015~2016)","Indicators concerning Growth(Framework Act on SMEs, 2015~2016, complete enumeration)","한국은행 > 기업경영분석 > 성장성 지표(중소기업기본법, 2015~2016)",2022-06-02,년,,,0,1,150,성장성 지표(중소기업기본법 2015~2016)|C10 식료품|C101-4 고기 과실 채소 및 유지 가공업|C111 알콜음료|C131 방적 및 가공사|C201 기초화학물질|C221 고무제품|C231 유리 및 유리제품|C241 1차 철강|C2612 반도체 및 전자부품|C281 전동기 발전기 및 전기 변환 ・ 공급 ・ 제어 장치|C291 일반 목적용 기계|C301 자동차용 엔진 및 자동차|C311 선박 및 보트 건조업|D351 전기업|E37 E3812 하수 폐수 및 분뇨처리 폐기물 수집운반 ・ 처리업|F41 종합 건설업|G45 자동차 및 부품 판매업|G471 종합소매업|G4711-9 종합 소매업(백화점 제외)|G472-8 G4792-9 일반소매업(통신판매업 제외)|H49 육상운송업|H491 철도운송업|I55 숙박업|J58 출판업|J581 서적 잡지 및 기타 인쇄물 출판업|L68 부동산업|M71 전문서비스업|M7112 법무 회계 및 세무 관련서비스업|N74 사업시설관리 및 조경 서비스업|N751 인력공급 및 고용알선업|전산업|정보통신기기제조업|첨단기술업종|기초소재형산업|A01 농업|C105 낙농제품 및 식용빙과류|C11 음료|C112 비알콜음료 및 얼음|C132 직물직조 및 직물제품|C202 비료 및 질소화합물|C222 플라스틱제품|C232 도자기 및 기타 요업제품|C242 1차 비철금속|C263 컴퓨터 및 주변장치|C283 절연선 및 케이블|C292 특수 목적용 기계|C3023 자동차차체 및 트레일러 자동차 부품|C31239 철도 항공기 및 그외 기타 운송장비|D3523 가스 증기 ・ 냉온수 및 공기조절 공급업|E383 금속 및 비금속 원료 재생업|F42 전문직별 공사업|G46 도매 및 상품중개업|G47111 백화점|G472-9 일반소매업|G4791 통신 판매업|H492 육상 여객 운송업|H50 수상 운송업|I56 음식점 및 주점업|J582 소프트웨어 개발 및 공급업|J59 영상 ・ 오디오 기록물 제작 및 배급업|L69 임대업; 부동산 제외|M713 광고업|M72 건축기술 엔지니어링 및 기타 과학기술 서비스업|N75 사업지원서비스업|N752 여행사 및 기타 여행보조 서비스업|정보통신서비스업|고기술업종|조립가공형산업|A03 어업|C1068 곡물가공품 전분제품 사료 및 조제식품|C13 섬유제품(의복제외)|C13349 기타 섬유제품|C203 합성고무 및 플라스틱 물질|C233 시멘트 석회 플라스터 및 그 제품|C243 금속 주조업|C264 통신 및 방송 장비|C285 가정용 기기|G47 소매업(자동차 제외)|H493-5 도로 화물 소화물 전문 운송업 파이프라인운송업|H51 항공 운송업|J60 방송업|M7147153 기타 전문서비스업|M73 기타 전문 과학 및 기술 서비스업|N753 경비 경호 및 탐정업|중기술업종|생활관련형산업|B 광업|C107 기타 식품|C14 의복 의복액세서리 및 모피제품|C204 기타 화학제품|C239 기타 비금속 광물제품|C2656 영상 및 음향기기 마그네틱 및 광학 매체|C28249 기타 전기장비|H52 창고 및 운송관련 서비스업|J61 통신업|N759 기타 사업지원 서비스업|저기술업종|C 제조업|C15 가죽 가방 및 신발|C205 화학섬유|J62 컴퓨터 프로그래밍 시스템 통합 및 관리업|C16 목재 및 나무제품(가구 제외)|J63 정보서비스업|비제조업|C17 펄프 종이 및 종이제품|D35 전기 가스 증기 및 공기조절 공급업|C18 인쇄 및 기록매체 복제업|F 건설업|C19 코크스 연탄 및 석유정제품|서비스업|C20 화학물질 및 화학제품(의약품 제외)|E 하수 ・ 폐기물 처리 원료재생 및 환경복원업|C21 의료용 물질 및 의약품|G 도매 및 소매업|C22 고무제품 및 플라스틱제품|H 운수업|C23 비금속 광물제품|I 숙박 및 음식점업|C24 1차 금속|J 출판 영상 방송통신 및 정보서비스업|C25 금속가공제품(기계 및 가구 제외)|L 부동산업 및 임대업|C26 전자부품 컴퓨터 영상 음향 및 통신장비|M 전문 과학 및 기술 서비스업|C27 의료 정밀 광학기기 및 시계|N 사업시설관리 및 사업지원 서비스업|C28 전기장비|P 교육 서비스업|C29 기타 기계 및 장비|R 예술 스포츠 및 여가관련 서비스업|C30 자동차 및 트레일러|S95 수리업|C31 기타 운송장비|S96 기타 개인 서비스업|C32 가구|제조업 중화학공업|C33 기타 제품 제조업|제조업 경공업|기술수준별|산업형태별|정보통신기술산업|종합|대기업|중소기업|총자산증가율|유형자산증가율|유동자산증가율|재고자산증가율|자기자본증가율|매출액증가율,항목|업종코드별|기업규모별|계정항목별,,「기업경영분석」,한국은행 경제통계1국 한국은행 기업통계팀,02-759-4270,
301,1966004,DT_501Y006,"손익 지표(제11차 한국표준산업분류, 2009~)","Relationship Ratios of Income and Expenses(11th revised KSIC, 2009~, complete enumeration)","한국은행 > 기업경영분석 > 손익 지표(제11차 한국표준산업분류, 2009~)",2026-09-13,년,,,0,1,170,손익 지표(제11차 한국표준산업분류 2009~)|C10 식료품|C101-4 육류 수산물 과실 가공 및 유지 낙농제품|C111 알코올음료|C131 방적 및 가공사|C201 기초화학물질|C221 고무제품|C231 유리 및 유리제품|C241 1차 철강|C2612 반도체 및 전자부품|C281 전동기 발전기 및 전기변환 · 공급 · 제어 장치|C291 일반 목적용 기계|C301 자동차용 엔진 및 자동차|C311 선박 및 보트 건조업|D351 전기업|E37 E3812 E39 하수 · 폐수 · 분뇨처리 및 폐기물 수집 · 운반 · 처리 환경 정화 · 복원업|F41 종합 건설업|G45 자동차 및 부품 판매업|G471 종합 소매업|G47113 대형 종합 소매업 및 면세점(백화점 제외)|H49 육상운송 및 파이프라인 운송업|H491 철도운송업|I55 숙박업|J58 출판업|J581 서적 잡지 및 기타 인쇄물 출판업|M71 전문 서비스업|M7112 법무 회계 및 세무 관련 서비스업|N74 사업시설 관리 및 조경 서비스업|N751 고용알선 및 인력공급업|전산업|G472-8 G4792-9 일반 소매업(통신판매업 제외)|A01 농업|C1059 곡물가공품 전분제품 사료 및 조제식품|C11 음료|C112 비알코올음료 및 얼음|C132 직물직조 및 직물제품|C202 합성고무 및 플라스틱 물질|C222 플라스틱제품|C232 내화 비내화 요업제품|C242 1차 비철금속|C263 컴퓨터 및 주변장치|C283 절연선 및 케이블|C292 특수 목적용 기계|C302-4 자동차 차체 및 트레일러 자동차 부품|C31239 철도 항공기 및 그 외 기타 운송장비|D3523 연료용 가스 증기 · 냉온수 및 공기조절 공급업|E383 해체 선별 및 원료재생업|F42 전문직별 공사업|G46 도매 및 상품중개업|G47111 백화점|G472-9 일반 소매업|G4791 통신 판매업|H492 육상 여객 운송업|H50 수상 운송업|I56 음식점 및 주점업|J582 소프트웨어 개발 및 공급업|J59 영상 · 오디오 기록물 제작 및 배급업|M713 광고업|M72 건축기술 엔지니어링 및 기타 과학기술 서비스업|N75 사업지원 서비스업|N752 여행사 및 기타 여행보조 서비스업|A03 어업|C106 떡 빵 및 과자류|C13 섬유제품(의복 제외)|C13349 기타 섬유제품|C203 비료 농약 및 살균 살충제|C233 시멘트 석회 플라스터 및 그 제품|C243 금속 주조업|C264 통신 및 방송 장비|C285 가정용 기기|G47 소매업(자동차 제외)|G47129 기타 종합 소매업|H493-5 도로 화물 소화물 전문 파이프라인 운송업|H51 항공 운송업|J60 방송 및 영상 · 오디오물 제공 서비스업|M7147153716 기타 전문 서비스업|M73 기타 전문 과학 및 기술 서비스업|N753 경비 경호 및 탐정업|N76 임대업(부동산 제외)|B 광업|C107 도시락 및 식사용 조리식품|C14 의복 의복액세서리 및 모피제품|C204 기타 화학제품|C239 기타 비금속 광물제품|C2656 영상 및 음향기기 마그네틱 및 광학 매체|C28249 기타 전기장비|H52 창고 및 운송관련 서비스업|J61 우편 및 통신업|N759 기타 사업지원 서비스업|C 제조업|C108 기타 식품|C15 가죽 가방 및 신발|C205 화학섬유|J62 컴퓨터 프로그래밍 시스템 통합 및 관리업|C16 목재 및 나무제품(가구 제외)|J63 정보서비스업|비제조업|C17 펄프 종이 및 종이제품|D35 전기 가스 증기 및 공기조절 공급업|C18 인쇄 및 기록매체 복제업|F 건설업|C19 코크스 연탄 및 석유정제품|서비스업|C20 화학물질 및 화학제품(의약품 제외)|E37-39 하수 · 폐기물 처리 원료재생업|C21 의료용 물질 및 의약품|G 도매 및 소매업|C22 고무 및 플라스틱제품|H 운수 및 창고업|C23 비금속 광물제품|I 숙박 및 음식점업|C24 1차 금속|J 정보통신업|C25 금속가공제품(기계 및 가구 제외)|L 부동산업|C26 전자부품 컴퓨터 영상 음향 및 통신장비|M 전문 과학 및 기술 서비스업|C27 의료 정밀 광학기기 및 시계|N 사업시설 관리 및 사업지원 및 임대 서비스업|C28 전기장비|P 교육 서비스업|C29 기타 기계 및 장비|R 예술 스포츠 및 여가관련 서비스업|C30 자동차 및 트레일러|S95 개인 및 소비용품 수리업|C31 기타 운송장비|S96 기타 개인 서비스업|C32 가구|C33 기타 제품 제조업|C34 산업용기계 및 장비수리업|종합|대기업|대기업_중견|중소기업|중기업|소기업|총자산세전순이익률|총자산순이익률|기업세전순이익률|기업순이익률|자기자본세전순이익률|자기자본순이익률|자본금세전순이익률|자본금순이익률|매출액세전순이익률|매출액순이익률|매출액영업이익률|매출원가대매출액|변동비대매출액|고정비대매출액|연구개발비대매출액|인건비대매출액|인건비대영업총비용|재료비대매출액|재료비대영업총비용|순외환손익대매출액|EBIT대매출액|EBITDA대매출액|감가상각률|금융비용대부채|차입금평균이자율|금융비용대총비용|금융비용대매출액|순금융비용대매출액|이자보상비율|순이자보상비율|손익분기점률|사내유보율|배당률|배당성향|수정영업자산이익률,항목|업종코드별|기업규모별|계정항목별,,「기업경영분석」,한국은행 경제통계1국 한국은행 기업통계팀,02-759-4270,
301,1966004,DT_501Y024,"손익 지표(중소기업기본법, 2015~2016)","Relationship Ratios of Income and Expenses(Framework Act on SMEs, 2015~2016, complete enumeration)","한국은행 > 기업경영분석 > 손익 지표(중소기업기본법, 2015~2016)",2022-06-02,년,,,0,1,178,수익성 지표(중소기업기본법 2015~2016)|C10 식료품|C101-4 고기 과실 채소 및 유지 가공업|C111 알콜음료|C131 방적 및 가공사|C201 기초화학물질|C221 고무제품|C231 유리 및 유리제품|C241 1차 철강|C2612 반도체 및 전자부품|C281 전동기 발전기 및 전기 변환 ・ 공급 ・ 제어 장치|C291 일반 목적용 기계|C301 자동차용 엔진 및 자동차|C311 선박 및 보트 건조업|D351 전기업|E37 E3812 하수 폐수 및 분뇨처리 폐기물 수집운반 ・ 처리업|F41 종합 건설업|G45 자동차 및 부품 판매업|G471 종합소매업|G4711-9 종합 소매업(백화점 제외)|G472-8 G4792-9 일반소매업(통신판매업 제외)|H49 육상운송업|H491 철도운송업|I55 숙박업|J58 출판업|J581 서적 잡지 및 기타 인쇄물 출판업|L68 부동산업|M71 전문서비스업|M7112 법무 회계 및 세무 관련서비스업|N74 사업시설관리 및 조경 서비스업|N751 인력공급 및 고용알선업|전산업|정보통신기기제조업|첨단기술업종|기초소재형산업|A01 농업|C105 낙농제품 및 식용빙과류|C11 음료|C112 비알콜음료 및 얼음|C132 직물직조 및 직물제품|C202 비료 및 질소화합물|C222 플라스틱제품|C232 도자기 및 기타 요업제품|C242 1차 비철금속|C263 컴퓨터 및 주변장치|C283 절연선 및 케이블|C292 특수 목적용 기계|C3023 자동차차체 및 트레일러 자동차 부품|C31239 철도 항공기 및 그외 기타 운송장비|D3523 가스 증기 ・ 냉온수 및 공기조절 공급업|E383 금속 및 비금속 원료 재생업|F42 전문직별 공사업|G46 도매 및 상품중개업|G47111 백화점|G472-9 일반소매업|G4791 통신 판매업|H492 육상 여객 운송업|H50 수상 운송업|I56 음식점 및 주점업|J582 소프트웨어 개발 및 공급업|J59 영상 ・ 오디오 기록물 제작 및 배급업|L69 임대업; 부동산 제외|M713 광고업|M72 건축기술 엔지니어링 및 기타 과학기술 서비스업|N75 사업지원서비스업|N752 여행사 및 기타 여행보조 서비스업|정보통신서비스업|고기술업종|조립가공형산업|A03 어업|C1068 곡물가공품 전분제품 사료 및 조제식품|C13 섬유제품(의복제외)|C13349 기타 섬유제품|C203 합성고무 및 플라스틱 물질|C233 시멘트 석회 플라스터 및 그 제품|C243 금속 주조업|C264 통신 및 방송 장비|C285 가정용 기기|G47 소매업(자동차 제외)|H493-5 도로 화물 소화물 전문 운송업 파이프라인운송업|H51 항공 운송업|J60 방송업|M7147153 기타 전문서비스업|M73 기타 전문 과학 및 기술 서비스업|N753 경비 경호 및 탐정업|중기술업종|생활관련형산업|B 광업|C107 기타 식품|C14 의복 의복액세서리 및 모피제품|C204 기타 화학제품|C239 기타 비금속 광물제품|C2656 영상 및 음향기기 마그네틱 및 광학 매체|C28249 기타 전기장비|H52 창고 및 운송관련 서비스업|J61 통신업|N759 기타 사업지원 서비스업|저기술업종|C 제조업|C15 가죽 가방 및 신발|C205 화학섬유|J62 컴퓨터 프로그래밍 시스템 통합 및 관리업|C16 목재 및 나무제품(가구 제외)|J63 정보서비스업|비제조업|C17 펄프 종이 및 종이제품|D35 전기 가스 증기 및 공기조절 공급업|C18 인쇄 및 기록매체 복제업|F 건설업|C19 코크스 연탄 및 석유정제품|서비스업|C20 화학물질 및 화학제품(의약품 제외)|E 하수 ・ 폐기물 처리 원료재생 및 환경복원업|C21 의료용 물질 및 의약품|G 도매 및 소매업|C22 고무제품 및 플라스틱제품|H 운수업|C23 비금속 광물제품|I 숙박 및 음식점업|C24 1차 금속|J 출판 영상 방송통신 및 정보서비스업|C25 금속가공제품(기계 및 가구 제외)|L 부동산업 및 임대업|C26 전자부품 컴퓨터 영상 음향 및 통신장비|M 전문 과학 및 기술 서비스업|C27 의료 정밀 광학기기 및 시계|N 사업시설관리 및 사업지원 서비스업|C28 전기장비|P 교육 서비스업|C29 기타 기계 및 장비|R 예술 스포츠 및 여가관련 서비스업|C30 자동차 및 트레일러|S95 수리업|C31 기타 운송장비|S96 기타 개인 서비스업|C32 가구|제조업 중화학공업|C33 기타 제품 제조업|제조업 경공업|기술수준별|산업형태별|정보통신기술산업|종합|대기업|중소기업|총자산세전순이익률|총자산순이익률|기업세전순이익률|기업순이익률|자기자본세전순이익률|자기자본순이익률|자본금세전순이익률|자본금순이익률|매출액세전순이익률|매출액순이익률|매출액영업이익률|매출원가대매출액|변동비대매출액|고정비대매출액|연구개발비대매출액|인건비대매출액비율|인건비대영업총비용|재료비대매출액비율|재료비대영업총비용|순외환손익대매출액|EBIT대매출액|EBITDA대매출액|감가상각률|금융비용대부채|차입금평균이자율|금융비용대총비용|금융비용대매출액|순금융비용대매출액|이자보상비율|순이자보상비율|손익분기점률|사내유보율|배당률|배당성향,항목|업종코드별|기업규모별|계정항목별,,「기업경영분석」,한국은행 경제통계1국 한국은행 기업통계팀,02-759-4270,공란은 계산불능 또는 계산식의 분모가 음수(-)인 경우
301,1966004,DT_501Y007,"자산/자본 지표(제11차 한국표준산업분류, 2009~)","Relationship Ratios of Assets, Liabilities and Stockholder's Equity(11th revised KSIC, 2009~, complete enumeration)","한국은행 > 기업경영분석 > 자산/자본 지표(제11차 한국표준산업분류, 2009~)",2026-09-13,년,,,0,1,148,자산/자본 지표(제11차 한국표준산업분류 2009~)|C10 식료품|C101-4 육류 수산물 과실 가공 및 유지 낙농제품|C111 알코올음료|C131 방적 및 가공사|C201 기초화학물질|C221 고무제품|C231 유리 및 유리제품|C241 1차 철강|C2612 반도체 및 전자부품|C281 전동기 발전기 및 전기변환 · 공급 · 제어 장치|C291 일반 목적용 기계|C301 자동차용 엔진 및 자동차|C311 선박 및 보트 건조업|D351 전기업|E37 E3812 E39 하수 · 폐수 · 분뇨처리 및 폐기물 수집 · 운반 · 처리 환경 정화 · 복원업|F41 종합 건설업|G45 자동차 및 부품 판매업|G471 종합 소매업|G47113 대형 종합 소매업 및 면세점(백화점 제외)|H49 육상운송 및 파이프라인 운송업|H491 철도운송업|I55 숙박업|J58 출판업|J581 서적 잡지 및 기타 인쇄물 출판업|M71 전문 서비스업|M7112 법무 회계 및 세무 관련 서비스업|N74 사업시설 관리 및 조경 서비스업|N751 고용알선 및 인력공급업|전산업|G472-8 G4792-9 일반 소매업(통신판매업 제외)|A01 농업|C1059 곡물가공품 전분제품 사료 및 조제식품|C11 음료|C112 비알코올음료 및 얼음|C132 직물직조 및 직물제품|C202 합성고무 및 플라스틱 물질|C222 플라스틱제품|C232 내화 비내화 요업제품|C242 1차 비철금속|C263 컴퓨터 및 주변장치|C283 절연선 및 케이블|C292 특수 목적용 기계|C302-4 자동차 차체 및 트레일러 자동차 부품|C31239 철도 항공기 및 그 외 기타 운송장비|D3523 연료용 가스 증기 · 냉온수 및 공기조절 공급업|E383 해체 선별 및 원료재생업|F42 전문직별 공사업|G46 도매 및 상품중개업|G47111 백화점|G472-9 일반 소매업|G4791 통신 판매업|H492 육상 여객 운송업|H50 수상 운송업|I56 음식점 및 주점업|J582 소프트웨어 개발 및 공급업|J59 영상 · 오디오 기록물 제작 및 배급업|M713 광고업|M72 건축기술 엔지니어링 및 기타 과학기술 서비스업|N75 사업지원 서비스업|N752 여행사 및 기타 여행보조 서비스업|A03 어업|C106 떡 빵 및 과자류|C13 섬유제품(의복 제외)|C13349 기타 섬유제품|C203 비료 농약 및 살균 살충제|C233 시멘트 석회 플라스터 및 그 제품|C243 금속 주조업|C264 통신 및 방송 장비|C285 가정용 기기|G47 소매업(자동차 제외)|G47129 기타 종합 소매업|H493-5 도로 화물 소화물 전문 파이프라인 운송업|H51 항공 운송업|J60 방송 및 영상 · 오디오물 제공 서비스업|M7147153716 기타 전문 서비스업|M73 기타 전문 과학 및 기술 서비스업|N753 경비 경호 및 탐정업|N76 임대업(부동산 제외)|B 광업|C107 도시락 및 식사용 조리식품|C14 의복 의복액세서리 및 모피제품|C204 기타 화학제품|C239 기타 비금속 광물제품|C2656 영상 및 음향기기 마그네틱 및 광학 매체|C28249 기타 전기장비|H52 창고 및 운송관련 서비스업|J61 우편 및 통신업|N759 기타 사업지원 서비스업|C 제조업|C108 기타 식품|C15 가죽 가방 및 신발|C205 화학섬유|J62 컴퓨터 프로그래밍 시스템 통합 및 관리업|C16 목재 및 나무제품(가구 제외)|J63 정보서비스업|비제조업|C17 펄프 종이 및 종이제품|D35 전기 가스 증기 및 공기조절 공급업|C18 인쇄 및 기록매체 복제업|F 건설업|C19 코크스 연탄 및 석유정제품|서비스업|C20 화학물질 및 화학제품(의약품 제외)|E37-39 하수 · 폐기물 처리 원료재생업|C21 의료용 물질 및 의약품|G 도매 및 소매업|C22 고무 및 플라스틱제품|H 운수 및 창고업|C23 비금속 광물제품|I 숙박 및 음식점업|C24 1차 금속|J 정보통신업|C25 금속가공제품(기계 및 가구 제외)|L 부동산업|C26 전자부품 컴퓨터 영상 음향 및 통신장비|M 전문 과학 및 기술 서비스업|C27 의료 정밀 광학기기 및 시계|N 사업시설 관리 및 사업지원 및 임대 서비스업|C28 전기장비|P 교육 서비스업|C29 기타 기계 및 장비|R 예술 스포츠 및 여가관련 서비스업|C30 자동차 및 트레일러|S95 개인 및 소비용품 수리업|C31 기타 운송장비|S96 기타 개인 서비스업|C32 가구|C33 기타 제품 제조업|C34 산업용기계 및 장비수리업|종합|대기업|대기업_중견|중소기업|중기업|소기업|자기자본비율|유동비율|당좌비율|현금비율|비유동비율|비유동장기적합률|부채비율|유동부채비율|비유동부채비율|차입금의존도|차입금대매출액|매출채권대매입채무|순운전자본대총자본,항목|업종코드별|기업규모별|계정항목별,,「기업경영분석」,한국은행 경제통계1국 한국은행 기업통계팀,02-759-4270,
301,1966004,DT_501Y029,"자산/자본 지표(중소기업기본법, 2015~2016)","Relationship Ratios of Assets, Liabilities and Stockholder's Equity(Framework Act on SMEs, 2015~2016, complete enumeration)","한국은행 > 기업경영분석 > 자산/자본 지표(중소기업기본법, 2015~2016)",2022-06-02,년,,,0,1,158,자산/자본 지표(중소기업기본법 2015~2016)|C10 식료품|C101-4 고기 과실 채소 및 유지 가공업|C111 알콜음료|C131 방적 및 가공사|C201 기초화학물질|C221 고무제품|C231 유리 및 유리제품|C241 1차 철강|C2612 반도체 및 전자부품|C281 전동기 발전기 및 전기 변환 ・ 공급 ・ 제어 장치|C291 일반 목적용 기계|C301 자동차용 엔진 및 자동차|C311 선박 및 보트 건조업|D351 전기업|E37 E3812 하수 폐수 및 분뇨처리 폐기물 수집운반 ・ 처리업|F41 종합 건설업|G45 자동차 및 부품 판매업|G471 종합소매업|G4711-9 종합 소매업(백화점 제외)|G472-8 G4792-9 일반소매업(통신판매업 제외)|H49 육상운송업|H491 철도운송업|I55 숙박업|J58 출판업|J581 서적 잡지 및 기타 인쇄물 출판업|L68 부동산업|M71 전문서비스업|M7112 법무 회계 및 세무 관련서비스업|N74 사업시설관리 및 조경 서비스업|N751 인력공급 및 고용알선업|전산업|정보통신기기제조업|첨단기술업종|기초소재형산업|A01 농업|C105 낙농제품 및 식용빙과류|C11 음료|C112 비알콜음료 및 얼음|C132 직물직조 및 직물제품|C202 비료 및 질소화합물|C222 플라스틱제품|C232 도자기 및 기타 요업제품|C242 1차 비철금속|C263 컴퓨터 및 주변장치|C283 절연선 및 케이블|C292 특수 목적용 기계|C3023 자동차차체 및 트레일러 자동차 부품|C31239 철도 항공기 및 그외 기타 운송장비|D3523 가스 증기 ・ 냉온수 및 공기조절 공급업|E383 금속 및 비금속 원료 재생업|F42 전문직별 공사업|G46 도매 및 상품중개업|G47111 백화점|G472-9 일반소매업|G4791 통신 판매업|H492 육상 여객 운송업|H50 수상 운송업|I56 음식점 및 주점업|J582 소프트웨어 개발 및 공급업|J59 영상 ・ 오디오 기록물 제작 및 배급업|L69 임대업; 부동산 제외|M713 광고업|M72 건축기술 엔지니어링 및 기타 과학기술 서비스업|N75 사업지원서비스업|N752 여행사 및 기타 여행보조 서비스업|정보통신서비스업|고기술업종|조립가공형산업|A03 어업|C1068 곡물가공품 전분제품 사료 및 조제식품|C13 섬유제품(의복제외)|C13349 기타 섬유제품|C203 합성고무 및 플라스틱 물질|C233 시멘트 석회 플라스터 및 그 제품|C243 금속 주조업|C264 통신 및 방송 장비|C285 가정용 기기|G47 소매업(자동차 제외)|H493-5 도로 화물 소화물 전문 운송업 파이프라인운송업|H51 항공 운송업|J60 방송업|M7147153 기타 전문서비스업|M73 기타 전문 과학 및 기술 서비스업|N753 경비 경호 및 탐정업|중기술업종|생활관련형산업|B 광업|C107 기타 식품|C14 의복 의복액세서리 및 모피제품|C204 기타 화학제품|C239 기타 비금속 광물제품|C2656 영상 및 음향기기 마그네틱 및 광학 매체|C28249 기타 전기장비|H52 창고 및 운송관련 서비스업|J61 통신업|N759 기타 사업지원 서비스업|저기술업종|C 제조업|C15 가죽 가방 및 신발|C205 화학섬유|J62 컴퓨터 프로그래밍 시스템 통합 및 관리업|C16 목재 및 나무제품(가구 제외)|J63 정보서비스업|비제조업|C17 펄프 종이 및 종이제품|D35 전기 가스 증기 및 공기조절 공급업|C18 인쇄 및 기록매체 복제업|F 건설업|C19 코크스 연탄 및 석유정제품|서비스업|C20 화학물질 및 화학제품(의약품 제외)|E 하수 ・ 폐기물 처리 원료재생 및 환경복원업|C21 의료용 물질 및 의약품|G 도매 및 소매업|C22 고무제품 및 플라스틱제품|H 운수업|C23 비금속 광물제품|I 숙박 및 음식점업|C24 1차 금속|J 출판 영상 방송통신 및 정보서비스업|C25 금속가공제품(기계 및 가구 제외)|L 부동산업 및 임대업|C26 전자부품 컴퓨터 영상 음향 및 통신장비|M 전문 과학 및 기술 서비스업|C27 의료 정밀 광학기기 및 시계|N 사업시설관리 및 사업지원 서비스업|C28 전기장비|P 교육 서비스업|C29 기타 기계 및 장비|R 예술 스포츠 및 여가관련 서비스업|C30 자동차 및 트레일러|S95 수리업|C31 기타 운송장비|S96 기타 개인 서비스업|C32 가구|제조업 중화학공업|C33 기타 제품 제조업|제조업 경공업|기술수준별|산업형태별|정보통신기술산업|종합|대기업|대기업_중견|중소기업|자기자본비율|유동비율|당좌비율|현금및현금성자산비율|비유동비율|비유동장기적합률|부채비율|유동부채비율|비유동부채비율|차입금의존도|차입금대매출액비율|매출채권대매입채무|순운전자본대총자본,항목|업종코드별|기업규모별|계정항목별,,「기업경영분석」,한국은행 경제통계1국 한국은행 기업통계팀,02-759-4270,
301,1966004,DT_501Y008,"자산/자본 회전율(제11차 한국표준산업분류, 2009~)","Turnover Ratios of Assets, Liabilities and Stockholder's Equity(11th revised KSIC, 2009~, complete enumeration)","한국은행 > 기업경영분석 > 자산/자본 회전율(제11차 한국표준산업분류, 2009~)",2026-09-13,년,,,0,1,145,자산/자본 회전율(제11차 한국표준산업분류 2009~)|C10 식료품|C101-4 육류 수산물 과실 가공 및 유지 낙농제품|C111 알코올음료|C131 방적 및 가공사|C201 기초화학물질|C221 고무제품|C231 유리 및 유리제품|C241 1차 철강|C2612 반도체 및 전자부품|C281 전동기 발전기 및 전기변환 · 공급 · 제어 장치|C291 일반 목적용 기계|C301 자동차용 엔진 및 자동차|C311 선박 및 보트 건조업|D351 전기업|E37 E3812 E39 하수 · 폐수 · 분뇨처리 및 폐기물 수집 · 운반 · 처리 환경 정화 · 복원업|F41 종합 건설업|G45 자동차 및 부품 판매업|G471 종합 소매업|G47113 대형 종합 소매업 및 면세점(백화점 제외)|H49 육상운송 및 파이프라인 운송업|H491 철도운송업|I55 숙박업|J58 출판업|J581 서적 잡지 및 기타 인쇄물 출판업|M71 전문 서비스업|M7112 법무 회계 및 세무 관련 서비스업|N74 사업시설 관리 및 조경 서비스업|N751 고용알선 및 인력공급업|전산업|G472-8 G4792-9 일반 소매업(통신판매업 제외)|A01 농업|C1059 곡물가공품 전분제품 사료 및 조제식품|C11 음료|C112 비알코올음료 및 얼음|C132 직물직조 및 직물제품|C202 합성고무 및 플라스틱 물질|C222 플라스틱제품|C232 내화 비내화 요업제품|C242 1차 비철금속|C263 컴퓨터 및 주변장치|C283 절연선 및 케이블|C292 특수 목적용 기계|C302-4 자동차 차체 및 트레일러 자동차 부품|C31239 철도 항공기 및 그 외 기타 운송장비|D3523 연료용 가스 증기 · 냉온수 및 공기조절 공급업|E383 해체 선별 및 원료재생업|F42 전문직별 공사업|G46 도매 및 상품중개업|G47111 백화점|G472-9 일반 소매업|G4791 통신 판매업|H492 육상 여객 운송업|H50 수상 운송업|I56 음식점 및 주점업|J582 소프트웨어 개발 및 공급업|J59 영상 · 오디오 기록물 제작 및 배급업|M713 광고업|M72 건축기술 엔지니어링 및 기타 과학기술 서비스업|N75 사업지원 서비스업|N752 여행사 및 기타 여행보조 서비스업|A03 어업|C106 떡 빵 및 과자류|C13 섬유제품(의복 제외)|C13349 기타 섬유제품|C203 비료 농약 및 살균 살충제|C233 시멘트 석회 플라스터 및 그 제품|C243 금속 주조업|C264 통신 및 방송 장비|C285 가정용 기기|G47 소매업(자동차 제외)|G47129 기타 종합 소매업|H493-5 도로 화물 소화물 전문 파이프라인 운송업|H51 항공 운송업|J60 방송 및 영상 · 오디오물 제공 서비스업|M7147153716 기타 전문 서비스업|M73 기타 전문 과학 및 기술 서비스업|N753 경비 경호 및 탐정업|N76 임대업(부동산 제외)|B 광업|C107 도시락 및 식사용 조리식품|C14 의복 의복액세서리 및 모피제품|C204 기타 화학제품|C239 기타 비금속 광물제품|C2656 영상 및 음향기기 마그네틱 및 광학 매체|C28249 기타 전기장비|H52 창고 및 운송관련 서비스업|J61 우편 및 통신업|N759 기타 사업지원 서비스업|C 제조업|C108 기타 식품|C15 가죽 가방 및 신발|C205 화학섬유|J62 컴퓨터 프로그래밍 시스템 통합 및 관리업|C16 목재 및 나무제품(가구 제외)|J63 정보서비스업|비제조업|C17 펄프 종이 및 종이제품|D35 전기 가스 증기 및 공기조절 공급업|C18 인쇄 및 기록매체 복제업|F 건설업|C19 코크스 연탄 및 석유정제품|서비스업|C20 화학물질 및 화학제품(의약품 제외)|E37-39 하수 · 폐기물 처리 원료재생업|C21 의료용 물질 및 의약품|G 도매 및 소매업|C22 고무 및 플라스틱제품|H 운수 및 창고업|C23 비금속 광물제품|I 숙박 및 음식점업|C24 1차 금속|J 정보통신업|C25 금속가공제품(기계 및 가구 제외)|L 부동산업|C26 전자부품 컴퓨터 영상 음향 및 통신장비|M 전문 과학 및 기술 서비스업|C27 의료 정밀 광학기기 및 시계|N 사업시설 관리 및 사업지원 및 임대 서비스업|C28 전기장비|P 교육 서비스업|C29 기타 기계 및 장비|R 예술 스포츠 및 여가관련 서비스업|C30 자동차 및 트레일러|S95 개인 및 소비용품 수리업|C31 기타 운송장비|S96 기타 개인 서비스업|C32 가구|C33 기타 제품 제조업|C34 산업용기계 및 장비수리업|종합|대기업|대기업_중견|중소기업|중기업|소기업|총자산회전율|자기자본회전율|자본금회전율|경영자산회전율|비유동자산회전율|유형자산회전율|재고자산회전율|상(제)품회전율|매출채권회전율|매입채무회전율,항목|업종코드별|기업규모별|계정항목별,,「기업경영분석」,한국은행 경제통계1국 한국은행 기업통계팀,02-759-4270,
301,1966004,DT_501Y034,"자산/자본 회전율(중소기업기본법, 2015~2016)","Turnover Ratios of Assets, Liabilities and Stockholder's Equity(Framework Act on SMEs, 2015~2016, complete enumeration)","한국은행 > 기업경영분석 > 자산/자본 회전율(중소기업기본법, 2015~2016)",2022-06-02,년,,,0,1,155,자산/자본 회전율(중소기업기본법 2015~2016)|C10 식료품|C101-4 고기 과실 채소 및 유지 가공업|C111 알콜음료|C131 방적 및 가공사|C201 기초화학물질|C221 고무제품|C231 유리 및 유리제품|C241 1차 철강|C2612 반도체 및 전자부품|C281 전동기 발전기 및 전기 변환 ・ 공급 ・ 제어 장치|C291 일반 목적용 기계|C301 자동차용 엔진 및 자동차|C311 선박 및 보트 건조업|D351 전기업|E37 E3812 하수 폐수 및 분뇨처리 폐기물 수집운반 ・ 처리업|F41 종합 건설업|G45 자동차 및 부품 판매업|G471 종합소매업|G4711-9 종합 소매업(백화점 제외)|G472-8 G4792-9 일반소매업(통신판매업 제외)|H49 육상운송업|H491 철도운송업|I55 숙박업|J58 출판업|J581 서적 잡지 및 기타 인쇄물 출판업|L68 부동산업|M71 전문서비스업|M7112 법무 회계 및 세무 관련서비스업|N74 사업시설관리 및 조경 서비스업|N751 인력공급 및 고용알선업|전산업|정보통신기기제조업|첨단기술업종|기초소재형산업|A01 농업|C105 낙농제품 및 식용빙과류|C11 음료|C112 비알콜음료 및 얼음|C132 직물직조 및 직물제품|C202 비료 및 질소화합물|C222 플라스틱제품|C232 도자기 및 기타 요업제품|C242 1차 비철금속|C263 컴퓨터 및 주변장치|C283 절연선 및 케이블|C292 특수 목적용 기계|C3023 자동차차체 및 트레일러 자동차 부품|C31239 철도 항공기 및 그외 기타 운송장비|D3523 가스 증기 ・ 냉온수 및 공기조절 공급업|E383 금속 및 비금속 원료 재생업|F42 전문직별 공사업|G46 도매 및 상품중개업|G47111 백화점|G472-9 일반소매업|G4791 통신 판매업|H492 육상 여객 운송업|H50 수상 운송업|I56 음식점 및 주점업|J582 소프트웨어 개발 및 공급업|J59 영상 ・ 오디오 기록물 제작 및 배급업|L69 임대업; 부동산 제외|M713 광고업|M72 건축기술 엔지니어링 및 기타 과학기술 서비스업|N75 사업지원서비스업|N752 여행사 및 기타 여행보조 서비스업|정보통신서비스업|고기술업종|조립가공형산업|A03 어업|C1068 곡물가공품 전분제품 사료 및 조제식품|C13 섬유제품(의복제외)|C13349 기타 섬유제품|C203 합성고무 및 플라스틱 물질|C233 시멘트 석회 플라스터 및 그 제품|C243 금속 주조업|C264 통신 및 방송 장비|C285 가정용 기기|G47 소매업(자동차 제외)|H493-5 도로 화물 소화물 전문 운송업 파이프라인운송업|H51 항공 운송업|J60 방송업|M7147153 기타 전문서비스업|M73 기타 전문 과학 및 기술 서비스업|N753 경비 경호 및 탐정업|중기술업종|생활관련형산업|B 광업|C107 기타 식품|C14 의복 의복액세서리 및 모피제품|C204 기타 화학제품|C239 기타 비금속 광물제품|C2656 영상 및 음향기기 마그네틱 및 광학 매체|C28249 기타 전기장비|H52 창고 및 운송관련 서비스업|J61 통신업|N759 기타 사업지원 서비스업|저기술업종|C 제조업|C15 가죽 가방 및 신발|C205 화학섬유|J62 컴퓨터 프로그래밍 시스템 통합 및 관리업|C16 목재 및 나무제품(가구 제외)|J63 정보서비스업|비제조업|C17 펄프 종이 및 종이제품|D35 전기 가스 증기 및 공기조절 공급업|C18 인쇄 및 기록매체 복제업|F 건설업|C19 코크스 연탄 및 석유정제품|서비스업|C20 화학물질 및 화학제품(의약품 제외)|E 하수 ・ 폐기물 처리 원료재생 및 환경복원업|C21 의료용 물질 및 의약품|G 도매 및 소매업|C22 고무제품 및 플라스틱제품|H 운수업|C23 비금속 광물제품|I 숙박 및 음식점업|C24 1차 금속|J 출판 영상 방송통신 및 정보서비스업|C25 금속가공제품(기계 및 가구 제외)|L 부동산업 및 임대업|C26 전자부품 컴퓨터 영상 음향 및 통신장비|M 전문 과학 및 기술 서비스업|C27 의료 정밀 광학기기 및 시계|N 사업시설관리 및 사업지원 서비스업|C28 전기장비|P 교육 서비스업|C29 기타 기계 및 장비|R 예술 스포츠 및 여가관련 서비스업|C30 자동차 및 트레일러|S95 수리업|C31 기타 운송장비|S96 기타 개인 서비스업|C32 가구|제조업 중화학공업|C33 기타 제품 제조업|제조업 경공업|기술수준별|산업형태별|정보통신기술산업|종합|대기업|대기업_중견|중소기업|총자산회전율|자기자본회전율|자본금회전율|경영자산회전율|비유동자산회전율|유형자산회전율|재고자산회전율|상(제)품회전율|매출채권회전율|매입채무회전율,항목|업종코드별|기업규모별|계정항목별,,「기업경영분석」,한국은행 경제통계1국 한국은행 기업통계팀,02-759-4270,
301,1966004,DT_501Y009,"생산성 지표(제11차 한국표준산업분류, 2009~)","Indicators concerning Productivity(11th revised KSIC, 2009~, complete enumeration)","한국은행 > 기업경영분석 > 생산성 지표(제11차 한국표준산업분류, 2009~)",2026-09-13,년,,,0,1,140,생산성 지표(제11차 한국표준산업분류 2009~)|C10 식료품|C101-4 육류 수산물 과실 가공 및 유지 낙농제품|C111 알코올음료|C131 방적 및 가공사|C201 기초화학물질|C221 고무제품|C231 유리 및 유리제품|C241 1차 철강|C2612 반도체 및 전자부품|C281 전동기 발전기 및 전기변환 · 공급 · 제어 장치|C291 일반 목적용 기계|C301 자동차용 엔진 및 자동차|C311 선박 및 보트 건조업|D351 전기업|E37 E3812 E39 하수 · 폐수 · 분뇨처리 및 폐기물 수집 · 운반 · 처리 환경 정화 · 복원업|F41 종합 건설업|G45 자동차 및 부품 판매업|G471 종합 소매업|G47113 대형 종합 소매업 및 면세점(백화점 제외)|H49 육상운송 및 파이프라인 운송업|H491 철도운송업|I55 숙박업|J58 출판업|J581 서적 잡지 및 기타 인쇄물 출판업|M71 전문 서비스업|M7112 법무 회계 및 세무 관련 서비스업|N74 사업시설 관리 및 조경 서비스업|N751 고용알선 및 인력공급업|전산업|G472-8 G4792-9 일반 소매업(통신판매업 제외)|A01 농업|C1059 곡물가공품 전분제품 사료 및 조제식품|C11 음료|C112 비알코올음료 및 얼음|C132 직물직조 및 직물제품|C202 합성고무 및 플라스틱 물질|C222 플라스틱제품|C232 내화 비내화 요업제품|C242 1차 비철금속|C263 컴퓨터 및 주변장치|C283 절연선 및 케이블|C292 특수 목적용 기계|C302-4 자동차 차체 및 트레일러 자동차 부품|C31239 철도 항공기 및 그 외 기타 운송장비|D3523 연료용 가스 증기 · 냉온수 및 공기조절 공급업|E383 해체 선별 및 원료재생업|F42 전문직별 공사업|G46 도매 및 상품중개업|G47111 백화점|G472-9 일반 소매업|G4791 통신 판매업|H492 육상 여객 운송업|H50 수상 운송업|I56 음식점 및 주점업|J582 소프트웨어 개발 및 공급업|J59 영상 · 오디오 기록물 제작 및 배급업|M713 광고업|M72 건축기술 엔지니어링 및 기타 과학기술 서비스업|N75 사업지원 서비스업|N752 여행사 및 기타 여행보조 서비스업|A03 어업|C106 떡 빵 및 과자류|C13 섬유제품(의복 제외)|C13349 기타 섬유제품|C203 비료 농약 및 살균 살충제|C233 시멘트 석회 플라스터 및 그 제품|C243 금속 주조업|C264 통신 및 방송 장비|C285 가정용 기기|G47 소매업(자동차 제외)|G47129 기타 종합 소매업|H493-5 도로 화물 소화물 전문 파이프라인 운송업|H51 항공 운송업|J60 방송 및 영상 · 오디오물 제공 서비스업|M7147153716 기타 전문 서비스업|M73 기타 전문 과학 및 기술 서비스업|N753 경비 경호 및 탐정업|N76 임대업(부동산 제외)|B 광업|C107 도시락 및 식사용 조리식품|C14 의복 의복액세서리 및 모피제품|C204 기타 화학제품|C239 기타 비금속 광물제품|C2656 영상 및 음향기기 마그네틱 및 광학 매체|C28249 기타 전기장비|H52 창고 및 운송관련 서비스업|J61 우편 및 통신업|N759 기타 사업지원 서비스업|C 제조업|C108 기타 식품|C15 가죽 가방 및 신발|C205 화학섬유|J62 컴퓨터 프로그래밍 시스템 통합 및 관리업|C16 목재 및 나무제품(가구 제외)|J63 정보서비스업|비제조업|C17 펄프 종이 및 종이제품|D35 전기 가스 증기 및 공기조절 공급업|C18 인쇄 및 기록매체 복제업|F 건설업|C19 코크스 연탄 및 석유정제품|서비스업|C20 화학물질 및 화학제품(의약품 제외)|E37-39 하수 · 폐기물 처리 원료재생업|C21 의료용 물질 및 의약품|G 도매 및 소매업|C22 고무 및 플라스틱제품|H 운수 및 창고업|C23 비금속 광물제품|I 숙박 및 음식점업|C24 1차 금속|J 정보통신업|C25 금속가공제품(기계 및 가구 제외)|L 부동산업|C26 전자부품 컴퓨터 영상 음향 및 통신장비|M 전문 과학 및 기술 서비스업|C27 의료 정밀 광학기기 및 시계|N 사업시설 관리 및 사업지원 및 임대 서비스업|C28 전기장비|P 교육 서비스업|C29 기타 기계 및 장비|R 예술 스포츠 및 여가관련 서비스업|C30 자동차 및 트레일러|S95 개인 및 소비용품 수리업|C31 기타 운송장비|S96 기타 개인 서비스업|C32 가구|C33 기타 제품 제조업|C34 산업용기계 및 장비수리업|종합|대기업|대기업_중견|중소기업|중기업|소기업|총자본투자효율|설비투자효율|기계투자효율|부가가치율|노동소득분배율,항목|업종코드별|기업규모별|계정항목별,,「기업경영분석」,한국은행 경제통계1국 한국은행 기업통계팀,02-759-4270,
301,1966004,DT_501Y039,"생산성 지표(중소기업기본법, 2015~2016)","Indicators concerning Productivity(Framework Act on SMEs, 2015~2016, complete enumeration)","한국은행 > 기업경영분석 > 생산성 지표(중소기업기본법, 2015~2016)",2022-06-02,년,,,0,1,150,생산성 지표(중소기업기본법 2015~2016)|C10 식료품|C101-4 고기 과실 채소 및 유지 가공업|C111 알콜음료|C131 방적 및 가공사|C201 기초화학물질|C221 고무제품|C231 유리 및 유리제품|C241 1차 철강|C2612 반도체 및 전자부품|C281 전동기 발전기 및 전기 변환 ・ 공급 ・ 제어 장치|C291 일반 목적용 기계|C301 자동차용 엔진 및 자동차|C311 선박 및 보트 건조업|D351 전기업|E37 E3812 하수 폐수 및 분뇨처리 폐기물 수집운반 ・ 처리업|F41 종합 건설업|G45 자동차 및 부품 판매업|G471 종합소매업|G4711-9 종합 소매업(백화점 제외)|G472-8 G4792-9 일반소매업(통신판매업 제외)|H49 육상운송업|H491 철도운송업|I55 숙박업|J58 출판업|J581 서적 잡지 및 기타 인쇄물 출판업|L68 부동산업|M71 전문서비스업|M7112 법무 회계 및 세무 관련서비스업|N74 사업시설관리 및 조경 서비스업|N751 인력공급 및 고용알선업|전산업|정보통신기기제조업|첨단기술업종|기초소재형산업|A01 농업|C105 낙농제품 및 식용빙과류|C11 음료|C112 비알콜음료 및 얼음|C132 직물직조 및 직물제품|C202 비료 및 질소화합물|C222 플라스틱제품|C232 도자기 및 기타 요업제품|C242 1차 비철금속|C263 컴퓨터 및 주변장치|C283 절연선 및 케이블|C292 특수 목적용 기계|C3023 자동차차체 및 트레일러 자동차 부품|C31239 철도 항공기 및 그외 기타 운송장비|D3523 가스 증기 ・ 냉온수 및 공기조절 공급업|E383 금속 및 비금속 원료 재생업|F42 전문직별 공사업|G46 도매 및 상품중개업|G47111 백화점|G472-9 일반소매업|G4791 통신 판매업|H492 육상 여객 운송업|H50 수상 운송업|I56 음식점 및 주점업|J582 소프트웨어 개발 및 공급업|J59 영상 ・ 오디오 기록물 제작 및 배급업|L69 임대업; 부동산 제외|M713 광고업|M72 건축기술 엔지니어링 및 기타 과학기술 서비스업|N75 사업지원서비스업|N752 여행사 및 기타 여행보조 서비스업|정보통신서비스업|고기술업종|조립가공형산업|A03 어업|C1068 곡물가공품 전분제품 사료 및 조제식품|C13 섬유제품(의복제외)|C13349 기타 섬유제품|C203 합성고무 및 플라스틱 물질|C233 시멘트 석회 플라스터 및 그 제품|C243 금속 주조업|C264 통신 및 방송 장비|C285 가정용 기기|G47 소매업(자동차 제외)|H493-5 도로 화물 소화물 전문 운송업 파이프라인운송업|H51 항공 운송업|J60 방송업|M7147153 기타 전문서비스업|M73 기타 전문 과학 및 기술 서비스업|N753 경비 경호 및 탐정업|중기술업종|생활관련형산업|B 광업|C107 기타 식품|C14 의복 의복액세서리 및 모피제품|C204 기타 화학제품|C239 기타 비금속 광물제품|C2656 영상 및 음향기기 마그네틱 및 광학 매체|C28249 기타 전기장비|H52 창고 및 운송관련 서비스업|J61 통신업|N759 기타 사업지원 서비스업|저기술업종|C 제조업|C15 가죽 가방 및 신발|C205 화학섬유|J62 컴퓨터 프로그래밍 시스템 통합 및 관리업|C16 목재 및 나무제품(가구 제외)|J63 정보서비스업|비제조업|C17 펄프 종이 및 종이제품|D35 전기 가스 증기 및 공기조절 공급업|C18 인쇄 및 기록매체 복제업|F 건설업|C19 코크스 연탄 및 석유정제품|서비스업|C20 화학물질 및 화학제품(의약품 제외)|E 하수 ・ 폐기물 처리 원료재생 및 환경복원업|C21 의료용 물질 및 의약품|G 도매 및 소매업|C22 고무제품 및 플라스틱제품|H 운수업|C23 비금속 광물제품|I 숙박 및 음식점업|C24 1차 금속|J 출판 영상 방송통신 및 정보서비스업|C25 금속가공제품(기계 및 가구 제외)|L 부동산업 및 임대업|C26 전자부품 컴퓨터 영상 음향 및 통신장비|M 전문 과학 및 기술 서비스업|C27 의료 정밀 광학기기 및 시계|N 사업시설관리 및 사업지원 서비스업|C28 전기장비|P 교육 서비스업|C29 기타 기계 및 장비|R 예술 스포츠 및 여가관련 서비스업|C30 자동차 및 트레일러|S95 수리업|C31 기타 운송장비|S96 기타 개인 서비스업|C32 가구|제조업 중화학공업|C33 기타 제품 제조업|제조업 경공업|기술수준별|산업형태별|정보통신기술산업|종합|대기업|대기업_중견|중소기업|총자본투자효율|설비투자효율|기계투자효율|부가가치율|노동소득분배율,항목|업종코드별|기업규모별|계정항목별,,「기업경영분석」,한국은행 경제통계1국 한국은행 기업통계팀,02-759-4270,
301,1966004,DT_501Y086,"분위수(제11차 한국표준산업분류, 2013~)","FSA Quartiles Statistics(11th revised KSIC, 2013~, complete enumeration)","한국은행 > 기업경영분석 > 분위수(제11차 한국표준산업분류, 2013~)",2026-09-13,년,,,0,1,144,분위수(제11차 한국표준산업분류 2013~)|C10 식료품|C101-4 육류 수산물 과실 가공 및 유지 낙농제품|C111 알코올음료|C131 방적 및 가공사|C201 기초화학물질|C221 고무제품|C231 유리 및 유리제품|C241 1차 철강|C2612 반도체 및 전자부품|C281 전동기 발전기 및 전기변환 · 공급 · 제어 장치|C291 일반 목적용 기계|C301 자동차용 엔진 및 자동차|C311 선박 및 보트 건조업|D351 전기업|E37 E3812 E39 하수 · 폐수 · 분뇨처리 및 폐기물 수집 · 운반 · 처리 환경 정화 · 복원업|F41 종합 건설업|G45 자동차 및 부품 판매업|G47113 대형 종합 소매업 및 면세점(백화점 제외)|H49 육상운송 및 파이프라인 운송업|H491 철도운송업|I55 숙박업|J58 출판업|J581 서적 잡지 및 기타 인쇄물 출판업|M71 전문 서비스업|M7112 법무 회계 및 세무 관련 서비스업|N74 사업시설 관리 및 조경 서비스업|N751 고용알선 및 인력공급업|전산업|G472-8 G4792-9 일반 소매업(통신판매업 제외)|A01 농업|C1059 곡물가공품 전분제품 사료 및 조제식품|C11 음료|C112 비알코올음료 및 얼음|C132 직물직조 및 직물제품|C202 합성고무 및 플라스틱 물질|C222 플라스틱제품|C232 내화 비내화 요업제품|C242 1차 비철금속|C263 컴퓨터 및 주변장치|C283 절연선 및 케이블|C292 특수 목적용 기계|C302-4 자동차 차체 및 트레일러 자동차 부품|C31239 철도 항공기 및 그 외 기타 운송장비|D3523 연료용 가스 증기 · 냉온수 및 공기조절 공급업|E383 해체 선별 및 원료재생업|F42 전문직별 공사업|G46 도매 및 상품중개업|G47111 백화점|G4791 통신 판매업|H492 육상 여객 운송업|H50 수상 운송업|I56 음식점 및 주점업|J582 소프트웨어 개발 및 공급업|J59 영상 · 오디오 기록물 제작 및 배급업|M713 광고업|M72 건축기술 엔지니어링 및 기타 과학기술 서비스업|N75 사업지원 서비스업|N752 여행사 및 기타 여행보조 서비스업|A03 어업|C106 떡 빵 및 과자류|C13 섬유제품(의복 제외)|C13349 기타 섬유제품|C203 비료 농약 및 살균 살충제|C233 시멘트 석회 플라스터 및 그 제품|C243 금속 주조업|C264 통신 및 방송 장비|C285 가정용 기기|G47 소매업(자동차 제외)|G47129 기타 종합 소매업|H493-5 도로 화물 소화물 전문 파이프라인 운송업|H51 항공 운송업|J60 방송 및 영상 · 오디오물 제공 서비스업|M7147153716 기타 전문 서비스업|M73 기타 전문 과학 및 기술 서비스업|N753 경비 경호 및 탐정업|N76 임대업(부동산 제외)|B 광업|C107 도시락 및 식사용 조리식품|C14 의복 의복액세서리 및 모피제품|C204 기타 화학제품|C239 기타 비금속 광물제품|C2656 영상 및 음향기기 마그네틱 및 광학 매체|C28249 기타 전기장비|G471 종합 소매업|H52 창고 및 운송관련 서비스업|J61 우편 및 통신업|N759 기타 사업지원 서비스업|C 제조업|C108 기타 식품|C15 가죽 가방 및 신발|C205 화학섬유|G472-9 일반 소매업|J62 컴퓨터 프로그래밍 시스템 통합 및 관리업|C16 목재 및 나무제품(가구 제외)|J63 정보서비스업|비제조업|C17 펄프 종이 및 종이제품|D35 전기 가스 증기 및 공기조절 공급업|C18 인쇄 및 기록매체 복제업|F 건설업|C19 코크스 연탄 및 석유정제품|서비스업|C20 화학물질 및 화학제품(의약품 제외)|E37-39 하수 · 폐기물 처리 원료재생업|C21 의료용 물질 및 의약품|G 도매 및 소매업|C22 고무 및 플라스틱제품|H 운수 및 창고업|C23 비금속 광물제품|I 숙박 및 음식점업|C24 1차 금속|J 정보통신업|C25 금속가공제품(기계 및 가구 제외)|L 부동산업|C26 전자부품 컴퓨터 영상 음향 및 통신장비|M 전문 과학 및 기술 서비스업|C27 의료 정밀 광학기기 및 시계|N 사업시설 관리 및 사업지원 및 임대 서비스업|C28 전기장비|P 교육 서비스업|C29 기타 기계 및 장비|R 예술 스포츠 및 여가관련 서비스업|C30 자동차 및 트레일러|S95 개인 및 소비용품 수리업|C31 기타 운송장비|S96 기타 개인 서비스업|C32 가구|C33 기타 제품 제조업|C34 산업용기계 및 장비수리업|종합|대기업|중소기업|총자산증가율|유형자산증가율|매출액증가율|매출액순이익률|매출액영업이익률|이자보상비율|부채비율|차입금의존도|평균값|1분위|2분위(중위수)|3분위,항목|업종코드별|기업규모별|계정항목별|분위 구분코드별,,「기업경영분석」,한국은행 경제통계1국 한국은행 기업통계팀,02-759-4270,"1) 연간 기업경영분석 편제대상 법인들의 재무비율을  각 비율별로 오름차순 정렬후 25%(1분위), 50%(2분위, 중위수), 75%(3분위)에 해당하는 값 || 2) * 는 이자비용이 0으로 이자보상비율이 정의되지 않거나, 자본잠식 등으로 부채비율이 음수인 경우임"
301,1966004,DT_501Y001,"재무상태표(제11차 한국표준산업분류, 2009~)","Balance Sheet(11th revised KSIC, 2009~, complete enumeration)","한국은행 > 기업경영분석 > 재무상태표(제11차 한국표준산업분류, 2009~)",2026-09-13,년,,,0,1,176,재무상태표(제11차 한국표준산업분류 2009~)|C10 식료품|C101-4 육류 수산물 과실 가공 및 유지 낙농제품|C111 알코올음료|C131 방적 및 가공사|C201 기초화학물질|C221 고무제품|C231 유리 및 유리제품|C241 1차 철강|C2612 반도체 및 전자부품|C281 전동기 발전기 및 전기변환 · 공급 · 제어 장치|C291 일반 목적용 기계|C301 자동차용 엔진 및 자동차|C311 선박 및 보트 건조업|D351 전기업|E37 E3812 E39 하수 · 폐수 · 분뇨처리 및 폐기물 수집 · 운반 · 처리 환경 정화 · 복원업|F41 종합 건설업|G45 자동차 및 부품 판매업|G471 종합 소매업|G47113 대형 종합 소매업 및 면세점(백화점 제외)|H49 육상운송 및 파이프라인 운송업|H491 철도운송업|I55 숙박업|J58 출판업|J581 서적 잡지 및 기타 인쇄물 출판업|M71 전문 서비스업|M7112 법무 회계 및 세무 관련 서비스업|N74 사업시설 관리 및 조경 서비스업|N751 고용알선 및 인력공급업|전산업|G472-8 G4792-9 일반 소매업(통신판매업 제외)|A01 농업|C1059 곡물가공품 전분제품 사료 및 조제식품|C11 음료|C112 비알코올음료 및 얼음|C132 직물직조 및 직물제품|C202 합성고무 및 플라스틱 물질|C222 플라스틱제품|C232 내화 비내화 요업제품|C242 1차 비철금속|C263 컴퓨터 및 주변장치|C283 절연선 및 케이블|C292 특수 목적용 기계|C302-4 자동차 차체 및 트레일러 자동차 부품|C31239 철도 항공기 및 그 외 기타 운송장비|D3523 연료용 가스 증기 · 냉온수 및 공기조절 공급업|E383 해체 선별 및 원료재생업|F42 전문직별 공사업|G46 도매 및 상품중개업|G47111 백화점|G472-9 일반 소매업|G4791 통신 판매업|H492 육상 여객 운송업|H50 수상 운송업|I56 음식점 및 주점업|J582 소프트웨어 개발 및 공급업|J59 영상 · 오디오 기록물 제작 및 배급업|M713 광고업|M72 건축기술 엔지니어링 및 기타 과학기술 서비스업|N75 사업지원 서비스업|N752 여행사 및 기타 여행보조 서비스업|A03 어업|C106 떡 빵 및 과자류|C13 섬유제품(의복 제외)|C13349 기타 섬유제품|C203 비료 농약 및 살균 살충제|C233 시멘트 석회 플라스터 및 그 제품|C243 금속 주조업|C264 통신 및 방송 장비|C285 가정용 기기|G47 소매업(자동차 제외)|G47129 기타 종합 소매업|H493-5 도로 화물 소화물 전문 파이프라인 운송업|H51 항공 운송업|J60 방송 및 영상 · 오디오물 제공 서비스업|M7147153716 기타 전문 서비스업|M73 기타 전문 과학 및 기술 서비스업|N753 경비 경호 및 탐정업|N76 임대업(부동산 제외)|B 광업|C107 도시락 및 식사용 조리식품|C14 의복 의복액세서리 및 모피제품|C204 기타 화학제품|C239 기타 비금속 광물제품|C2656 영상 및 음향기기 마그네틱 및 광학 매체|C28249 기타 전기장비|H52 창고 및 운송관련 서비스업|J61 우편 및 통신업|N759 기타 사업지원 서비스업|C 제조업|C108 기타 식품|C15 가죽 가방 및 신발|C205 화학섬유|J62 컴퓨터 프로그래밍 시스템 통합 및 관리업|C16 목재 및 나무제품(가구 제외)|J63 정보서비스업|비제조업|C17 펄프 종이 및 종이제품|D35 전기 가스 증기 및 공기조절 공급업|C18 인쇄 및 기록매체 복제업|F 건설업|C19 코크스 연탄 및 석유정제품|서비스업|C20 화학물질 및 화학제품(의약품 제외)|E37-39 하수 · 폐기물 처리 원료재생업|C21 의료용 물질 및 의약품|G 도매 및 소매업|C22 고무 및 플라스틱제품|H 운수 및 창고업|C23 비금속 광물제품|I 숙박 및 음식점업|C24 1차 금속|J 정보통신업|C25 금속가공제품(기계 및 가구 제외)|L 부동산업|C26 전자부품 컴퓨터 영상 음향 및 통신장비|M 전문 과학 및 기술 서비스업|C27 의료 정밀 광학기기 및 시계|N 사업시설 관리 및 사업지원 및 임대 서비스업|C28 전기장비|P 교육 서비스업|C29 기타 기계 및 장비|R 예술 스포츠 및 여가관련 서비스업|C30 자동차 및 트레일러|S95 개인 및 소비용품 수리업|C31 기타 운송장비|S96 기타 개인 서비스업|C32 가구|C33 기타 제품 제조업|C34 산업용기계 및 장비수리업|종합|대기업|대기업_중견|중소기업|중기업|소기업|유동자산|당좌자산|현금.현금성자산|단기투자자산|매출채권|기타당좌자산|재고자산|상(제)품및반제품|원재료|기타재고자산|비유동자산|투자자산|(장기투자증권)|유형자산|토지|설비자산|건물·구축물|기계장치|선박·차량운반구|기타설비자산|건설중인자산|무형자산|(개발비)|기타비유동자산|자산총계|유동부채|매입채무|단기차입금|유동성장기부채|기타유동부채|비유동부채|회사채|장기차입금|기타비유동부채|자본|자본금|자본잉여금|자본조정|기타포괄손익누계액|이익잉여금|부채및자본합계,항목|업종코드별|기업규모별|계정항목별,,「기업경영분석」,한국은행 경제통계1국 한국은행 기업통계팀,02-759-4270,
301,1966004,DT_501Y049,"재무상태표(중소기업기본법, 2015~2016)","Balance Sheet(Framework Act on SMEs, 2015~2016, complete enumeration)","한국은행 > 기업경영분석 > 재무상태표(중소기업기본법, 2015~2016)",2022-06-02,년,,,0,1,186,재무상태표(중소기업기본법 2015~2016)|C10 식료품|C101-4 고기 과실 채소 및 유지 가공업|C111 알콜음료|C131 방적 및 가공사|C201 기초화학물질|C221 고무제품|C231 유리 및 유리제품|C241 1차 철강|C2612 반도체 및 전자부품|C281 전동기 발전기 및 전기 변환 ・ 공급 ・ 제어 장치|C291 일반 목적용 기계|C301 자동차용 엔진 및 자동차|C311 선박 및 보트 건조업|D351 전기업|E37 E3812 하수 폐수 및 분뇨처리 폐기물 수집운반 ・ 처리업|F41 종합 건설업|G45 자동차 및 부품 판매업|G471 종합소매업|G4711-9 종합 소매업(백화점 제외)|G472-8 G4792-9 일반소매업(통신판매업 제외)|H49 육상운송업|H491 철도운송업|I55 숙박업|J58 출판업|J581 서적 잡지 및 기타 인쇄물 출판업|L68 부동산업|M71 전문서비스업|M7112 법무 회계 및 세무 관련서비스업|N74 사업시설관리 및 조경 서비스업|N751 인력공급 및 고용알선업|전산업|정보통신기기제조업|첨단기술업종|기초소재형산업|A01 농업|C105 낙농제품 및 식용빙과류|C11 음료|C112 비알콜음료 및 얼음|C132 직물직조 및 직물제품|C202 비료 및 질소화합물|C222 플라스틱제품|C232 도자기 및 기타 요업제품|C242 1차 비철금속|C263 컴퓨터 및 주변장치|C283 절연선 및 케이블|C292 특수 목적용 기계|C3023 자동차차체 및 트레일러 자동차 부품|C31239 철도 항공기 및 그외 기타 운송장비|D3523 가스 증기 ・ 냉온수 및 공기조절 공급업|E383 금속 및 비금속 원료 재생업|F42 전문직별 공사업|G46 도매 및 상품중개업|G47111 백화점|G472-9 일반소매업|G4791 통신 판매업|H492 육상 여객 운송업|H50 수상 운송업|I56 음식점 및 주점업|J582 소프트웨어 개발 및 공급업|J59 영상 ・ 오디오 기록물 제작 및 배급업|L69 임대업; 부동산 제외|M713 광고업|M72 건축기술 엔지니어링 및 기타 과학기술 서비스업|N75 사업지원서비스업|N752 여행사 및 기타 여행보조 서비스업|정보통신서비스업|고기술업종|조립가공형산업|A03 어업|C1068 곡물가공품 전분제품 사료 및 조제식품|C13 섬유제품(의복제외)|C13349 기타 섬유제품|C203 합성고무 및 플라스틱 물질|C233 시멘트 석회 플라스터 및 그 제품|C243 금속 주조업|C264 통신 및 방송 장비|C285 가정용 기기|G47 소매업(자동차 제외)|H493-5 도로 화물 소화물 전문 운송업 파이프라인운송업|H51 항공 운송업|J60 방송업|M7147153 기타 전문서비스업|M73 기타 전문 과학 및 기술 서비스업|N753 경비 경호 및 탐정업|중기술업종|생활관련형산업|B 광업|C107 기타 식품|C14 의복 의복액세서리 및 모피제품|C204 기타 화학제품|C239 기타 비금속 광물제품|C2656 영상 및 음향기기 마그네틱 및 광학 매체|C28249 기타 전기장비|H52 창고 및 운송관련 서비스업|J61 통신업|N759 기타 사업지원 서비스업|저기술업종|C 제조업|C15 가죽 가방 및 신발|C205 화학섬유|J62 컴퓨터 프로그래밍 시스템 통합 및 관리업|C16 목재 및 나무제품(가구 제외)|J63 정보서비스업|비제조업|C17 펄프 종이 및 종이제품|D35 전기 가스 증기 및 공기조절 공급업|C18 인쇄 및 기록매체 복제업|F 건설업|C19 코크스 연탄 및 석유정제품|서비스업|C20 화학물질 및 화학제품(의약품 제외)|E 하수 ・ 폐기물 처리 원료재생 및 환경복원업|C21 의료용 물질 및 의약품|G 도매 및 소매업|C22 고무제품 및 플라스틱제품|H 운수업|C23 비금속 광물제품|I 숙박 및 음식점업|C24 1차 금속|J 출판 영상 방송통신 및 정보서비스업|C25 금속가공제품(기계 및 가구 제외)|L 부동산업 및 임대업|C26 전자부품 컴퓨터 영상 음향 및 통신장비|M 전문 과학 및 기술 서비스업|C27 의료 정밀 광학기기 및 시계|N 사업시설관리 및 사업지원 서비스업|C28 전기장비|P 교육 서비스업|C29 기타 기계 및 장비|R 예술 스포츠 및 여가관련 서비스업|C30 자동차 및 트레일러|S95 수리업|C31 기타 운송장비|S96 기타 개인 서비스업|C32 가구|제조업 중화학공업|C33 기타 제품 제조업|제조업 경공업|기술수준별|산업형태별|정보통신기술산업|종합|대기업|대기업_중견|중소기업|유동자산|당좌자산|현금.현금성자산|단기투자자산|매출채권|기타당좌자산|재고자산|상(제)품및반제품|원재료|기타재고자산|비유동자산|투자자산|(장기투자증권)|유형자산|토지|설비자산|건물・구축물|기계장치|선박・차량운반구|기타설비자산|건설중인자산|무형자산|(개발비)|기타비유동자산|자산총계|유동부채|매입채무|단기차입금|유동성장기부채|기타유동부채|비유동부채|회사채|장기차입금|기타비유동부채|자본|자본금|자본잉여금|자본조정|기타포괄손익누계액|이익잉여금|부채및자본합계,항목|업종코드별|기업규모별|계정항목별,,「기업경영분석」,한국은행 경제통계1국 한국은행 기업통계팀,02-759-4270,
301,1966004,DT_501Y002,"손익계산서(제11차 한국표준산업분류, 2009~)","Income Statement(11th revised KSIC, 2009~, complete enumeration)","한국은행 > 기업경영분석 > 손익계산서(제11차 한국표준산업분류, 2009~)",2026-09-13,년,,,0,1,171,손익계산서(제11차 한국표준산업분류 2009~)|C10 식료품|C101-4 육류 수산물 과실 가공 및 유지 낙농제품|C111 알코올음료|C131 방적 및 가공사|C201 기초화학물질|C221 고무제품|C231 유리 및 유리제품|C241 1차 철강|C2612 반도체 및 전자부품|C281 전동기 발전기 및 전기변환 · 공급 · 제어 장치|C291 일반 목적용 기계|C301 자동차용 엔진 및 자동차|C311 선박 및 보트 건조업|D351 전기업|E37 E3812 E39 하수 · 폐수 · 분뇨처리 및 폐기물 수집 · 운반 · 처리 환경 정화 · 복원업|F41 종합 건설업|G45 자동차 및 부품 판매업|G471 종합 소매업|G47113 대형 종합 소매업 및 면세점(백화점 제외)|H49 육상운송 및 파이프라인 운송업|H491 철도운송업|I55 숙박업|J58 출판업|J581 서적 잡지 및 기타 인쇄물 출판업|M71 전문 서비스업|M7112 법무 회계 및 세무 관련 서비스업|N74 사업시설 관리 및 조경 서비스업|N751 고용알선 및 인력공급업|전산업|G472-8 G4792-9 일반 소매업(통신판매업 제외)|A01 농업|C1059 곡물가공품 전분제품 사료 및 조제식품|C11 음료|C112 비알코올음료 및 얼음|C132 직물직조 및 직물제품|C202 합성고무 및 플라스틱 물질|C222 플라스틱제품|C232 내화 비내화 요업제품|C242 1차 비철금속|C263 컴퓨터 및 주변장치|C283 절연선 및 케이블|C292 특수 목적용 기계|C302-4 자동차 차체 및 트레일러 자동차 부품|C31239 철도 항공기 및 그 외 기타 운송장비|D3523 연료용 가스 증기 · 냉온수 및 공기조절 공급업|E383 해체 선별 및 원료재생업|F42 전문직별 공사업|G46 도매 및 상품중개업|G47111 백화점|G472-9 일반 소매업|G4791 통신 판매업|H492 육상 여객 운송업|H50 수상 운송업|I56 음식점 및 주점업|J582 소프트웨어 개발 및 공급업|J59 영상 · 오디오 기록물 제작 및 배급업|M713 광고업|M72 건축기술 엔지니어링 및 기타 과학기술 서비스업|N75 사업지원 서비스업|N752 여행사 및 기타 여행보조 서비스업|A03 어업|C106 떡 빵 및 과자류|C13 섬유제품(의복 제외)|C13349 기타 섬유제품|C203 비료 농약 및 살균 살충제|C233 시멘트 석회 플라스터 및 그 제품|C243 금속 주조업|C264 통신 및 방송 장비|C285 가정용 기기|G47 소매업(자동차 제외)|G47129 기타 종합 소매업|H493-5 도로 화물 소화물 전문 파이프라인 운송업|H51 항공 운송업|J60 방송 및 영상 · 오디오물 제공 서비스업|M7147153716 기타 전문 서비스업|M73 기타 전문 과학 및 기술 서비스업|N753 경비 경호 및 탐정업|N76 임대업(부동산 제외)|B 광업|C107 도시락 및 식사용 조리식품|C14 의복 의복액세서리 및 모피제품|C204 기타 화학제품|C239 기타 비금속 광물제품|C2656 영상 및 음향기기 마그네틱 및 광학 매체|C28249 기타 전기장비|H52 창고 및 운송관련 서비스업|J61 우편 및 통신업|N759 기타 사업지원 서비스업|C 제조업|C108 기타 식품|C15 가죽 가방 및 신발|C205 화학섬유|J62 컴퓨터 프로그래밍 시스템 통합 및 관리업|C16 목재 및 나무제품(가구 제외)|J63 정보서비스업|비제조업|C17 펄프 종이 및 종이제품|D35 전기 가스 증기 및 공기조절 공급업|C18 인쇄 및 기록매체 복제업|F 건설업|C19 코크스 연탄 및 석유정제품|서비스업|C20 화학물질 및 화학제품(의약품 제외)|E37-39 하수 · 폐기물 처리 원료재생업|C21 의료용 물질 및 의약품|G 도매 및 소매업|C22 고무 및 플라스틱제품|H 운수 및 창고업|C23 비금속 광물제품|I 숙박 및 음식점업|C24 1차 금속|J 정보통신업|C25 금속가공제품(기계 및 가구 제외)|L 부동산업|C26 전자부품 컴퓨터 영상 음향 및 통신장비|M 전문 과학 및 기술 서비스업|C27 의료 정밀 광학기기 및 시계|N 사업시설 관리 및 사업지원 및 임대 서비스업|C28 전기장비|P 교육 서비스업|C29 기타 기계 및 장비|R 예술 스포츠 및 여가관련 서비스업|C30 자동차 및 트레일러|S95 개인 및 소비용품 수리업|C31 기타 운송장비|S96 기타 개인 서비스업|C32 가구|C33 기타 제품 제조업|C34 산업용기계 및 장비수리업|종합|대기업|대기업_중견|중소기업|중기업|소기업|매출액|매출원가|매출총손익|판매비와관리비|급여|퇴직급여|복리후생비|세금과공과|임차료|감가상각비|접대비|광고선전비|경상연구개발비|보험료|대손상각비|무형자산상각비|기타판매비와관리비|영업손익|영업외수익|이자수익|배당금수익|외환차익|외화환산이익|투자·유형자산 처분이익|지분법평가이익|기타영업외수익|영업외비용|이자비용|외환차손|외환환산손실|투자·유형자산 처분손실|지분법평가손실|기타영업외비용|법인세차감전순손익|법인세비용|당기순손익,항목|업종코드별|기업규모별|계정항목별,,「기업경영분석」,한국은행 경제통계1국 한국은행 기업통계팀,02-759-4270,
301,1966004,DT_501Y056,"손익계산서(중소기업기본법, 2015~2016)","Income Statement(Framework Act on SMEs, 2015~2016, complete enumeration)","한국은행 > 기업경영분석 > 손익계산서(중소기업기본법, 2015~2016)",2022-06-02,년,,,0,1,180,손익계산서(중소기업기본법 2015~2016)|C10 식료품|C101-4 고기 과실 채소 및 유지 가공업|C111 알콜음료|C131 방적 및 가공사|C201 기초화학물질|C221 고무제품|C231 유리 및 유리제품|C241 1차 철강|C2612 반도체 및 전자부품|C281 전동기 발전기 및 전기 변환 ・ 공급 ・ 제어 장치|C291 일반 목적용 기계|C301 자동차용 엔진 및 자동차|C311 선박 및 보트 건조업|D351 전기업|E37 E3812 하수 폐수 및 분뇨처리 폐기물 수집운반 ・ 처리업|F41 종합 건설업|G45 자동차 및 부품 판매업|G471 종합소매업|G4711-9 종합 소매업(백화점 제외)|G472-8 G4792-9 일반소매업(통신판매업 제외)|H49 육상운송업|H491 철도운송업|I55 숙박업|J58 출판업|J581 서적 잡지 및 기타 인쇄물 출판업|L68 부동산업|M71 전문서비스업|M7112 법무 회계 및 세무 관련서비스업|N74 사업시설관리 및 조경 서비스업|N751 인력공급 및 고용알선업|전산업|정보통신기기제조업|첨단기술업종|기초소재형산업|A01 농업|C105 낙농제품 및 식용빙과류|C11 음료|C112 비알콜음료 및 얼음|C132 직물직조 및 직물제품|C202 비료 및 질소화합물|C222 플라스틱제품|C232 도자기 및 기타 요업제품|C242 1차 비철금속|C263 컴퓨터 및 주변장치|C283 절연선 및 케이블|C292 특수 목적용 기계|C3023 자동차차체 및 트레일러 자동차 부품|C31239 철도 항공기 및 그외 기타 운송장비|D3523 가스 증기 ・ 냉온수 및 공기조절 공급업|E383 금속 및 비금속 원료 재생업|F42 전문직별 공사업|G46 도매 및 상품중개업|G47111 백화점|G472-9 일반소매업|G4791 통신 판매업|H492 육상 여객 운송업|H50 수상 운송업|I56 음식점 및 주점업|J582 소프트웨어 개발 및 공급업|J59 영상 ・ 오디오 기록물 제작 및 배급업|L69 임대업; 부동산 제외|M713 광고업|M72 건축기술 엔지니어링 및 기타 과학기술 서비스업|N75 사업지원서비스업|N752 여행사 및 기타 여행보조 서비스업|정보통신서비스업|고기술업종|조립가공형산업|A03 어업|C1068 곡물가공품 전분제품 사료 및 조제식품|C13 섬유제품(의복제외)|C13349 기타 섬유제품|C203 합성고무 및 플라스틱 물질|C233 시멘트 석회 플라스터 및 그 제품|C243 금속 주조업|C264 통신 및 방송 장비|C285 가정용 기기|G47 소매업(자동차 제외)|H493-5 도로 화물 소화물 전문 운송업 파이프라인운송업|H51 항공 운송업|J60 방송업|M7147153 기타 전문서비스업|M73 기타 전문 과학 및 기술 서비스업|N753 경비 경호 및 탐정업|중기술업종|생활관련형산업|B 광업|C107 기타 식품|C14 의복 의복액세서리 및 모피제품|C204 기타 화학제품|C239 기타 비금속 광물제품|C2656 영상 및 음향기기 마그네틱 및 광학 매체|C28249 기타 전기장비|H52 창고 및 운송관련 서비스업|J61 통신업|N759 기타 사업지원 서비스업|저기술업종|C 제조업|C15 가죽 가방 및 신발|C205 화학섬유|J62 컴퓨터 프로그래밍 시스템 통합 및 관리업|C16 목재 및 나무제품(가구 제외)|J63 정보서비스업|비제조업|C17 펄프 종이 및 종이제품|D35 전기 가스 증기 및 공기조절 공급업|C18 인쇄 및 기록매체 복제업|F 건설업|C19 코크스 연탄 및 석유정제품|서비스업|C20 화학물질 및 화학제품(의약품 제외)|E 하수 ・ 폐기물 처리 원료재생 및 환경복원업|C21 의료용 물질 및 의약품|G 도매 및 소매업|C22 고무제품 및 플라스틱제품|H 운수업|C23 비금속 광물제품|I 숙박 및 음식점업|C24 1차 금속|J 출판 영상 방송통신 및 정보서비스업|C25 금속가공제품(기계 및 가구 제외)|L 부동산업 및 임대업|C26 전자부품 컴퓨터 영상 음향 및 통신장비|M 전문 과학 및 기술 서비스업|C27 의료 정밀 광학기기 및 시계|N 사업시설관리 및 사업지원 서비스업|C28 전기장비|P 교육 서비스업|C29 기타 기계 및 장비|R 예술 스포츠 및 여가관련 서비스업|C30 자동차 및 트레일러|S95 수리업|C31 기타 운송장비|S96 기타 개인 서비스업|C32 가구|제조업 중화학공업|C33 기타 제품 제조업|제조업 경공업|기술수준별|산업형태별|정보통신기술산업|종합|대기업|중소기업|매출액|매출원가|매출총손익|판매비와관리비|급여|퇴직급여|복리후생비|세금과공과|임차료|감가상각비|접대비|광고선전비|경상연구개발비|보험료|대손상각비|무형자산상각비|기타판매비와관리비|영업손익|영업외수익|이자수익|배당금수익|외환차익|외화환산이익|투자・유형자산 처분이익|지분법평가이익|기타영업외수익|영업외비용|이자비용|외환차손|외환환산손실|투자・유형자산 처분손실|지분법평가손실|기타영업외비용|법인세차감전순손익|법인세비용|당기순손익,항목|업종코드별|기업규모별|계정항목별,,「기업경영분석」,한국은행 경제통계1국 한국은행 기업통계팀,02-759-4270,
301,1966004,DT_501Y003,"제조원가명세서(제11차 한국표준산업분류, 2009~)","Statement of Cost of Goods Manufactured(11th revised KSIC, 2009~, complete enumeration)","한국은행 > 기업경영분석 > 제조원가명세서(제11차 한국표준산업분류, 2009~)",2026-09-13,년,,,0,1,155,제조원가명세서(제11차 한국표준산업분류 2009~)|C10 식료품|C101-4 육류 수산물 과실 가공 및 유지 낙농제품|C111 알코올음료|C131 방적 및 가공사|C201 기초화학물질|C221 고무제품|C231 유리 및 유리제품|C241 1차 철강|C2612 반도체 및 전자부품|C281 전동기 발전기 및 전기변환 · 공급 · 제어 장치|C291 일반 목적용 기계|C301 자동차용 엔진 및 자동차|C311 선박 및 보트 건조업|D351 전기업|E37 E3812 E39 하수 · 폐수 · 분뇨처리 및 폐기물 수집 · 운반 · 처리 환경 정화 · 복원업|F41 종합 건설업|G45 자동차 및 부품 판매업|G471 종합 소매업|G47113 대형 종합 소매업 및 면세점(백화점 제외)|H49 육상운송 및 파이프라인 운송업|H491 철도운송업|I55 숙박업|J58 출판업|J581 서적 잡지 및 기타 인쇄물 출판업|M71 전문 서비스업|M7112 법무 회계 및 세무 관련 서비스업|N74 사업시설 관리 및 조경 서비스업|N751 고용알선 및 인력공급업|전산업|G472-8 G4792-9 일반 소매업(통신판매업 제외)|A01 농업|C1059 곡물가공품 전분제품 사료 및 조제식품|C11 음료|C112 비알코올음료 및 얼음|C132 직물직조 및 직물제품|C202 합성고무 및 플라스틱 물질|C222 플라스틱제품|C232 내화 비내화 요업제품|C242 1차 비철금속|C263 컴퓨터 및 주변장치|C283 절연선 및 케이블|C292 특수 목적용 기계|C302-4 자동차 차체 및 트레일러 자동차 부품|C31239 철도 항공기 및 그 외 기타 운송장비|D3523 연료용 가스 증기 · 냉온수 및 공기조절 공급업|E383 해체 선별 및 원료재생업|F42 전문직별 공사업|G46 도매 및 상품중개업|G47111 백화점|G472-9 일반 소매업|G4791 통신 판매업|H492 육상 여객 운송업|H50 수상 운송업|I56 음식점 및 주점업|J582 소프트웨어 개발 및 공급업|J59 영상 · 오디오 기록물 제작 및 배급업|M713 광고업|M72 건축기술 엔지니어링 및 기타 과학기술 서비스업|N75 사업지원 서비스업|N752 여행사 및 기타 여행보조 서비스업|A03 어업|C106 떡 빵 및 과자류|C13 섬유제품(의복 제외)|C13349 기타 섬유제품|C203 비료 농약 및 살균 살충제|C233 시멘트 석회 플라스터 및 그 제품|C243 금속 주조업|C264 통신 및 방송 장비|C285 가정용 기기|G47 소매업(자동차 제외)|G47129 기타 종합 소매업|H493-5 도로 화물 소화물 전문 파이프라인 운송업|H51 항공 운송업|J60 방송 및 영상 · 오디오물 제공 서비스업|M7147153716 기타 전문 서비스업|M73 기타 전문 과학 및 기술 서비스업|N753 경비 경호 및 탐정업|N76 임대업(부동산 제외)|B 광업|C107 도시락 및 식사용 조리식품|C14 의복 의복액세서리 및 모피제품|C204 기타 화학제품|C239 기타 비금속 광물제품|C2656 영상 및 음향기기 마그네틱 및 광학 매체|C28249 기타 전기장비|H52 창고 및 운송관련 서비스업|J61 우편 및 통신업|N759 기타 사업지원 서비스업|C 제조업|C108 기타 식품|C15 가죽 가방 및 신발|C205 화학섬유|J62 컴퓨터 프로그래밍 시스템 통합 및 관리업|C16 목재 및 나무제품(가구 제외)|J63 정보서비스업|비제조업|C17 펄프 종이 및 종이제품|D35 전기 가스 증기 및 공기조절 공급업|C18 인쇄 및 기록매체 복제업|F 건설업|C19 코크스 연탄 및 석유정제품|서비스업|C20 화학물질 및 화학제품(의약품 제외)|E37-39 하수 · 폐기물 처리 원료재생업|C21 의료용 물질 및 의약품|G 도매 및 소매업|C22 고무 및 플라스틱제품|H 운수 및 창고업|C23 비금속 광물제품|I 숙박 및 음식점업|C24 1차 금속|J 정보통신업|C25 금속가공제품(기계 및 가구 제외)|L 부동산업|C26 전자부품 컴퓨터 영상 음향 및 통신장비|M 전문 과학 및 기술 서비스업|C27 의료 정밀 광학기기 및 시계|N 사업시설 관리 및 사업지원 및 임대 서비스업|C28 전기장비|P 교육 서비스업|C29 기타 기계 및 장비|R 예술 스포츠 및 여가관련 서비스업|C30 자동차 및 트레일러|S95 개인 및 소비용품 수리업|C31 기타 운송장비|S96 기타 개인 서비스업|C32 가구|C33 기타 제품 제조업|C34 산업용기계 및 장비수리업|종합|대기업|대기업_중견|중소기업|중기업|소기업|당기총제조비용|재료비|노무비|경비|복리후생비|전력비|가스수도비|감가상각비|세금과공과|임차료|보험료|수선비|외주가공비|운반·하역·보관·포장비|경상개발비|기타경비|기초재공품원가|기말재공품원가|유형자산(타계정)대체액|당기제품제조원가,항목|업종코드별|기업규모별|계정항목별,,「기업경영분석」,한국은행 경제통계1국 한국은행 기업통계팀,02-759-4270,
301,1966004,DT_501Y063,"제조원가명세서(중소기업기본법, 2015~2016)","Statement of Cost of Goods Manufactured(Framework Act on SMEs, 2015~2016, complete enumeration)","한국은행 > 기업경영분석 > 제조원가명세서(중소기업기본법, 2015~2016)",2022-06-02,년,,,0,1,165,제조원가명세서(중소기업기본법 2015~2016)|C10 식료품|C101-4 고기 과실 채소 및 유지 가공업|C111 알콜음료|C131 방적 및 가공사|C201 기초화학물질|C221 고무제품|C231 유리 및 유리제품|C241 1차 철강|C2612 반도체 및 전자부품|C281 전동기 발전기 및 전기 변환 ・ 공급 ・ 제어 장치|C291 일반 목적용 기계|C301 자동차용 엔진 및 자동차|C311 선박 및 보트 건조업|D351 전기업|E37 E3812 하수 폐수 및 분뇨처리 폐기물 수집운반 ・ 처리업|F41 종합 건설업|G45 자동차 및 부품 판매업|G471 종합소매업|G4711-9 종합 소매업(백화점 제외)|G472-8 G4792-9 일반소매업(통신판매업 제외)|H49 육상운송업|H491 철도운송업|I55 숙박업|J58 출판업|J581 서적 잡지 및 기타 인쇄물 출판업|L68 부동산업|M71 전문서비스업|M7112 법무 회계 및 세무 관련서비스업|N74 사업시설관리 및 조경 서비스업|N751 인력공급 및 고용알선업|전산업|정보통신기기제조업|첨단기술업종|기초소재형산업|A01 농업|C105 낙농제품 및 식용빙과류|C11 음료|C112 비알콜음료 및 얼음|C132 직물직조 및 직물제품|C202 비료 및 질소화합물|C222 플라스틱제품|C232 도자기 및 기타 요업제품|C242 1차 비철금속|C263 컴퓨터 및 주변장치|C283 절연선 및 케이블|C292 특수 목적용 기계|C3023 자동차차체 및 트레일러 자동차 부품|C31239 철도 항공기 및 그외 기타 운송장비|D3523 가스 증기 ・ 냉온수 및 공기조절 공급업|E383 금속 및 비금속 원료 재생업|F42 전문직별 공사업|G46 도매 및 상품중개업|G47111 백화점|G472-9 일반소매업|G4791 통신 판매업|H492 육상 여객 운송업|H50 수상 운송업|I56 음식점 및 주점업|J582 소프트웨어 개발 및 공급업|J59 영상 ・ 오디오 기록물 제작 및 배급업|L69 임대업; 부동산 제외|M713 광고업|M72 건축기술 엔지니어링 및 기타 과학기술 서비스업|N75 사업지원서비스업|N752 여행사 및 기타 여행보조 서비스업|정보통신서비스업|고기술업종|조립가공형산업|A03 어업|C1068 곡물가공품 전분제품 사료 및 조제식품|C13 섬유제품(의복제외)|C13349 기타 섬유제품|C203 합성고무 및 플라스틱 물질|C233 시멘트 석회 플라스터 및 그 제품|C243 금속 주조업|C264 통신 및 방송 장비|C285 가정용 기기|G47 소매업(자동차 제외)|H493-5 도로 화물 소화물 전문 운송업 파이프라인운송업|H51 항공 운송업|J60 방송업|M7147153 기타 전문서비스업|M73 기타 전문 과학 및 기술 서비스업|N753 경비 경호 및 탐정업|중기술업종|생활관련형산업|B 광업|C107 기타 식품|C14 의복 의복액세서리 및 모피제품|C204 기타 화학제품|C239 기타 비금속 광물제품|C2656 영상 및 음향기기 마그네틱 및 광학 매체|C28249 기타 전기장비|H52 창고 및 운송관련 서비스업|J61 통신업|N759 기타 사업지원 서비스업|저기술업종|C 제조업|C15 가죽 가방 및 신발|C205 화학섬유|J62 컴퓨터 프로그래밍 시스템 통합 및 관리업|C16 목재 및 나무제품(가구 제외)|J63 정보서비스업|비제조업|C17 펄프 종이 및 종이제품|D35 전기 가스 증기 및 공기조절 공급업|C18 인쇄 및 기록매체 복제업|F 건설업|C19 코크스 연탄 및 석유정제품|서비스업|C20 화학물질 및 화학제품(의약품 제외)|E 하수 ・ 폐기물 처리 원료재생 및 환경복원업|C21 의료용 물질 및 의약품|G 도매 및 소매업|C22 고무제품 및 플라스틱제품|H 운수업|C23 비금속 광물제품|I 숙박 및 음식점업|C24 1차 금속|J 출판 영상 방송통신 및 정보서비스업|C25 금속가공제품(기계 및 가구 제외)|L 부동산업 및 임대업|C26 전자부품 컴퓨터 영상 음향 및 통신장비|M 전문 과학 및 기술 서비스업|C27 의료 정밀 광학기기 및 시계|N 사업시설관리 및 사업지원 서비스업|C28 전기장비|P 교육 서비스업|C29 기타 기계 및 장비|R 예술 스포츠 및 여가관련 서비스업|C30 자동차 및 트레일러|S95 수리업|C31 기타 운송장비|S96 기타 개인 서비스업|C32 가구|제조업 중화학공업|C33 기타 제품 제조업|제조업 경공업|기술수준별|산업형태별|정보통신기술산업|종합|대기업|대기업_중견|중소기업|당기총제조비용|재료비|노무비|경비|복리후생비|전력비|가스수도비|감가상각비|세금과공과|임차료|보험료|수선비|외주가공비|운반・하역・보관・포장비|경상개발비|기타경비|기초재공품원가|기말재공품원가|유형자산(타계정)대체액|당기제품제조원가,항목|업종코드별|기업규모별|계정항목별,,「기업경영분석」,한국은행 경제통계1국 한국은행 기업통계팀,02-759-4270,
301,1966004,DT_501Y004,"이익잉여금 처분계산서(제11차 한국표준산업분류, 2009~)","Statement of Appropriation of Retained Earnings(11th revised KSIC, 2009~, complete enumeration)","한국은행 > 기업경영분석 > 이익잉여금 처분계산서(제11차 한국표준산업분류, 2009~)",2026-09-13,년,,,0,1,149,이익잉여금 처분계산서(제11차 한국표준산업분류 2009~)|C10 식료품|C101-4 육류 수산물 과실 가공 및 유지 낙농제품|C111 알코올음료|C131 방적 및 가공사|C201 기초화학물질|C221 고무제품|C231 유리 및 유리제품|C241 1차 철강|C2612 반도체 및 전자부품|C281 전동기 발전기 및 전기변환 · 공급 · 제어 장치|C291 일반 목적용 기계|C301 자동차용 엔진 및 자동차|C311 선박 및 보트 건조업|D351 전기업|E37 E3812 E39 하수 · 폐수 · 분뇨처리 및 폐기물 수집 · 운반 · 처리 환경 정화 · 복원업|F41 종합 건설업|G45 자동차 및 부품 판매업|G471 종합 소매업|G47113 대형 종합 소매업 및 면세점(백화점 제외)|H49 육상운송 및 파이프라인 운송업|H491 철도운송업|I55 숙박업|J58 출판업|J581 서적 잡지 및 기타 인쇄물 출판업|M71 전문 서비스업|M7112 법무 회계 및 세무 관련 서비스업|N74 사업시설 관리 및 조경 서비스업|N751 고용알선 및 인력공급업|전산업|G472-8 G4792-9 일반 소매업(통신판매업 제외)|A01 농업|C1059 곡물가공품 전분제품 사료 및 조제식품|C11 음료|C112 비알코올음료 및 얼음|C132 직물직조 및 직물제품|C202 합성고무 및 플라스틱 물질|C222 플라스틱제품|C232 내화 비내화 요업제품|C242 1차 비철금속|C263 컴퓨터 및 주변장치|C283 절연선 및 케이블|C292 특수 목적용 기계|C302-4 자동차 차체 및 트레일러 자동차 부품|C31239 철도 항공기 및 그 외 기타 운송장비|D3523 연료용 가스 증기 · 냉온수 및 공기조절 공급업|E383 해체 선별 및 원료재생업|F42 전문직별 공사업|G46 도매 및 상품중개업|G47111 백화점|G472-9 일반 소매업|G4791 통신 판매업|H492 육상 여객 운송업|H50 수상 운송업|I56 음식점 및 주점업|J582 소프트웨어 개발 및 공급업|J59 영상 · 오디오 기록물 제작 및 배급업|M713 광고업|M72 건축기술 엔지니어링 및 기타 과학기술 서비스업|N75 사업지원 서비스업|N752 여행사 및 기타 여행보조 서비스업|A03 어업|C106 떡 빵 및 과자류|C13 섬유제품(의복 제외)|C13349 기타 섬유제품|C203 비료 농약 및 살균 살충제|C233 시멘트 석회 플라스터 및 그 제품|C243 금속 주조업|C264 통신 및 방송 장비|C285 가정용 기기|G47 소매업(자동차 제외)|G47129 기타 종합 소매업|H493-5 도로 화물 소화물 전문 파이프라인 운송업|H51 항공 운송업|J60 방송 및 영상 · 오디오물 제공 서비스업|M7147153716 기타 전문 서비스업|M73 기타 전문 과학 및 기술 서비스업|N753 경비 경호 및 탐정업|N76 임대업(부동산 제외)|B 광업|C107 도시락 및 식사용 조리식품|C14 의복 의복액세서리 및 모피제품|C204 기타 화학제품|C239 기타 비금속 광물제품|C2656 영상 및 음향기기 마그네틱 및 광학 매체|C28249 기타 전기장비|H52 창고 및 운송관련 서비스업|J61 우편 및 통신업|N759 기타 사업지원 서비스업|C 제조업|C108 기타 식품|C15 가죽 가방 및 신발|C205 화학섬유|J62 컴퓨터 프로그래밍 시스템 통합 및 관리업|C16 목재 및 나무제품(가구 제외)|J63 정보서비스업|비제조업|C17 펄프 종이 및 종이제품|D35 전기 가스 증기 및 공기조절 공급업|C18 인쇄 및 기록매체 복제업|F 건설업|C19 코크스 연탄 및 석유정제품|서비스업|C20 화학물질 및 화학제품(의약품 제외)|E37-39 하수 · 폐기물 처리 원료재생업|C21 의료용 물질 및 의약품|G 도매 및 소매업|C22 고무 및 플라스틱제품|H 운수 및 창고업|C23 비금속 광물제품|I 숙박 및 음식점업|C24 1차 금속|J 정보통신업|C25 금속가공제품(기계 및 가구 제외)|L 부동산업|C26 전자부품 컴퓨터 영상 음향 및 통신장비|M 전문 과학 및 기술 서비스업|C27 의료 정밀 광학기기 및 시계|N 사업시설 관리 및 사업지원 및 임대 서비스업|C28 전기장비|P 교육 서비스업|C29 기타 기계 및 장비|R 예술 스포츠 및 여가관련 서비스업|C30 자동차 및 트레일러|S95 개인 및 소비용품 수리업|C31 기타 운송장비|S96 기타 개인 서비스업|C32 가구|C33 기타 제품 제조업|C34 산업용기계 및 장비수리업|종합|대기업|대기업_중견|중소기업|중기업|소기업|처분전이익잉여금|전기이월이익잉여금|당기순이익|회계변경의 누적효과|전기오류수정손익|기타처분전이익잉여금|임의적립금 등의 이입액|이익잉여금처분액|이익준비금|기타법정적립금|배당금|임의적립금|기타이익잉여금처분액|차기이월이익잉여금,항목|업종코드별|기업규모별|계정항목별,,「기업경영분석」,한국은행 경제통계1국 한국은행 기업통계팀,02-759-4270,
301,1966004,DT_501Y068,"이익잉여금 처분계산서(중소기업기본법, 2015~2016)","Statement of Appropriation of Retained Earnings(Framework Act on SMEs, 2015~2016, complete enumeration)","한국은행 > 기업경영분석 > 이익잉여금 처분계산서(중소기업기본법, 2015~2016)",2022-06-02,년,,,0,1,159,이익잉여금 처분계산서(중소기업기본법 2015~2016)|C10 식료품|C101-4 고기 과실 채소 및 유지 가공업|C111 알콜음료|C131 방적 및 가공사|C201 기초화학물질|C221 고무제품|C231 유리 및 유리제품|C241 1차 철강|C2612 반도체 및 전자부품|C281 전동기 발전기 및 전기 변환 ・ 공급 ・ 제어 장치|C291 일반 목적용 기계|C301 자동차용 엔진 및 자동차|C311 선박 및 보트 건조업|D351 전기업|E37 E3812 하수 폐수 및 분뇨처리 폐기물 수집운반 ・ 처리업|F41 종합 건설업|G45 자동차 및 부품 판매업|G471 종합소매업|G4711-9 종합 소매업(백화점 제외)|G472-8 G4792-9 일반소매업(통신판매업 제외)|H49 육상운송업|H491 철도운송업|I55 숙박업|J58 출판업|J581 서적 잡지 및 기타 인쇄물 출판업|L68 부동산업|M71 전문서비스업|M7112 법무 회계 및 세무 관련서비스업|N74 사업시설관리 및 조경 서비스업|N751 인력공급 및 고용알선업|전산업|정보통신기기제조업|첨단기술업종|기초소재형산업|A01 농업|C105 낙농제품 및 식용빙과류|C11 음료|C112 비알콜음료 및 얼음|C132 직물직조 및 직물제품|C202 비료 및 질소화합물|C222 플라스틱제품|C232 도자기 및 기타 요업제품|C242 1차 비철금속|C263 컴퓨터 및 주변장치|C283 절연선 및 케이블|C292 특수 목적용 기계|C3023 자동차차체 및 트레일러 자동차 부품|C31239 철도 항공기 및 그외 기타 운송장비|D3523 가스 증기 ・ 냉온수 및 공기조절 공급업|E383 금속 및 비금속 원료 재생업|F42 전문직별 공사업|G46 도매 및 상품중개업|G47111 백화점|G472-9 일반소매업|G4791 통신 판매업|H492 육상 여객 운송업|H50 수상 운송업|I56 음식점 및 주점업|J582 소프트웨어 개발 및 공급업|J59 영상 ・ 오디오 기록물 제작 및 배급업|L69 임대업; 부동산 제외|M713 광고업|M72 건축기술 엔지니어링 및 기타 과학기술 서비스업|N75 사업지원서비스업|N752 여행사 및 기타 여행보조 서비스업|정보통신서비스업|고기술업종|조립가공형산업|A03 어업|C1068 곡물가공품 전분제품 사료 및 조제식품|C13 섬유제품(의복제외)|C13349 기타 섬유제품|C203 합성고무 및 플라스틱 물질|C233 시멘트 석회 플라스터 및 그 제품|C243 금속 주조업|C264 통신 및 방송 장비|C285 가정용 기기|G47 소매업(자동차 제외)|H493-5 도로 화물 소화물 전문 운송업 파이프라인운송업|H51 항공 운송업|J60 방송업|M7147153 기타 전문서비스업|M73 기타 전문 과학 및 기술 서비스업|N753 경비 경호 및 탐정업|중기술업종|생활관련형산업|B 광업|C107 기타 식품|C14 의복 의복액세서리 및 모피제품|C204 기타 화학제품|C239 기타 비금속 광물제품|C2656 영상 및 음향기기 마그네틱 및 광학 매체|C28249 기타 전기장비|H52 창고 및 운송관련 서비스업|J61 통신업|N759 기타 사업지원 서비스업|저기술업종|C 제조업|C15 가죽 가방 및 신발|C205 화학섬유|J62 컴퓨터 프로그래밍 시스템 통합 및 관리업|C16 목재 및 나무제품(가구 제외)|J63 정보서비스업|비제조업|C17 펄프 종이 및 종이제품|D35 전기 가스 증기 및 공기조절 공급업|C18 인쇄 및 기록매체 복제업|F 건설업|C19 코크스 연탄 및 석유정제품|서비스업|C20 화학물질 및 화학제품(의약품 제외)|E 하수 ・ 폐기물 처리 원료재생 및 환경복원업|C21 의료용 물질 및 의약품|G 도매 및 소매업|C22 고무제품 및 플라스틱제품|H 운수업|C23 비금속 광물제품|I 숙박 및 음식점업|C24 1차 금속|J 출판 영상 방송통신 및 정보서비스업|C25 금속가공제품(기계 및 가구 제외)|L 부동산업 및 임대업|C26 전자부품 컴퓨터 영상 음향 및 통신장비|M 전문 과학 및 기술 서비스업|C27 의료 정밀 광학기기 및 시계|N 사업시설관리 및 사업지원 서비스업|C28 전기장비|P 교육 서비스업|C29 기타 기계 및 장비|R 예술 스포츠 및 여가관련 서비스업|C30 자동차 및 트레일러|S95 수리업|C31 기타 운송장비|S96 기타 개인 서비스업|C32 가구|제조업 중화학공업|C33 기타 제품 제조업|제조업 경공업|기술수준별|산업형태별|정보통신기술산업|종합|대기업|대기업_중견|중소기업|처분전이익잉여금|전기이월이익잉여금|당기순이익|회계변경의 누적효과|전기오류수정손익|기타처분전이익잉여금|임의적립금 등의 이입액|이익잉여금처분액|이익준비금|기타법정적립금|배당금|임의적립금|기타이익잉여금처분액|차기이월이익잉여금,항목|업종코드별|기업규모별|계정항목별,,「기업경영분석」,한국은행 경제통계1국 한국은행 기업통계팀,02-759-4270,공란은 계산불능 또는 계산식의 분모가 음수(-)인 경우
301,1966004,DT_501Y010,"부가가치 구성(제11차 한국표준산업분류, 2009~)","Composition of Gross Value Added(11th revised KSIC, 2009~, complete enumeration)","한국은행 > 기업경영분석 > 부가가치 구성(제11차 한국표준산업분류, 2009~)",2026-09-13,년,,,0,1,140,부가가치 구성(제11차 한국표준산업분류 2009~)|C10 식료품|C101-4 육류 수산물 과실 가공 및 유지 낙농제품|C111 알코올음료|C131 방적 및 가공사|C201 기초화학물질|C221 고무제품|C231 유리 및 유리제품|C241 1차 철강|C2612 반도체 및 전자부품|C281 전동기 발전기 및 전기변환 · 공급 · 제어 장치|C291 일반 목적용 기계|C301 자동차용 엔진 및 자동차|C311 선박 및 보트 건조업|D351 전기업|E37 E3812 E39 하수 · 폐수 · 분뇨처리 및 폐기물 수집 · 운반 · 처리 환경 정화 · 복원업|F41 종합 건설업|G45 자동차 및 부품 판매업|G471 종합 소매업|G47113 대형 종합 소매업 및 면세점(백화점 제외)|H49 육상운송 및 파이프라인 운송업|H491 철도운송업|I55 숙박업|J58 출판업|J581 서적 잡지 및 기타 인쇄물 출판업|M71 전문 서비스업|M7112 법무 회계 및 세무 관련 서비스업|N74 사업시설 관리 및 조경 서비스업|N751 고용알선 및 인력공급업|전산업|G472-8 G4792-9 일반 소매업(통신판매업 제외)|A01 농업|C1059 곡물가공품 전분제품 사료 및 조제식품|C11 음료|C112 비알코올음료 및 얼음|C132 직물직조 및 직물제품|C202 합성고무 및 플라스틱 물질|C222 플라스틱제품|C232 내화 비내화 요업제품|C242 1차 비철금속|C263 컴퓨터 및 주변장치|C283 절연선 및 케이블|C292 특수 목적용 기계|C302-4 자동차 차체 및 트레일러 자동차 부품|C31239 철도 항공기 및 그 외 기타 운송장비|D3523 연료용 가스 증기 · 냉온수 및 공기조절 공급업|E383 해체 선별 및 원료재생업|F42 전문직별 공사업|G46 도매 및 상품중개업|G47111 백화점|G472-9 일반 소매업|G4791 통신 판매업|H492 육상 여객 운송업|H50 수상 운송업|I56 음식점 및 주점업|J582 소프트웨어 개발 및 공급업|J59 영상 · 오디오 기록물 제작 및 배급업|M713 광고업|M72 건축기술 엔지니어링 및 기타 과학기술 서비스업|N75 사업지원 서비스업|N752 여행사 및 기타 여행보조 서비스업|A03 어업|C106 떡 빵 및 과자류|C13 섬유제품(의복 제외)|C13349 기타 섬유제품|C203 비료 농약 및 살균 살충제|C233 시멘트 석회 플라스터 및 그 제품|C243 금속 주조업|C264 통신 및 방송 장비|C285 가정용 기기|G47 소매업(자동차 제외)|G47129 기타 종합 소매업|H493-5 도로 화물 소화물 전문 파이프라인 운송업|H51 항공 운송업|J60 방송 및 영상 · 오디오물 제공 서비스업|M7147153716 기타 전문 서비스업|M73 기타 전문 과학 및 기술 서비스업|N753 경비 경호 및 탐정업|N76 임대업(부동산 제외)|B 광업|C107 도시락 및 식사용 조리식품|C14 의복 의복액세서리 및 모피제품|C204 기타 화학제품|C239 기타 비금속 광물제품|C2656 영상 및 음향기기 마그네틱 및 광학 매체|C28249 기타 전기장비|H52 창고 및 운송관련 서비스업|J61 우편 및 통신업|N759 기타 사업지원 서비스업|C 제조업|C108 기타 식품|C15 가죽 가방 및 신발|C205 화학섬유|J62 컴퓨터 프로그래밍 시스템 통합 및 관리업|C16 목재 및 나무제품(가구 제외)|J63 정보서비스업|비제조업|C17 펄프 종이 및 종이제품|D35 전기 가스 증기 및 공기조절 공급업|C18 인쇄 및 기록매체 복제업|F 건설업|C19 코크스 연탄 및 석유정제품|서비스업|C20 화학물질 및 화학제품(의약품 제외)|E37-39 하수 · 폐기물 처리 원료재생업|C21 의료용 물질 및 의약품|G 도매 및 소매업|C22 고무 및 플라스틱제품|H 운수 및 창고업|C23 비금속 광물제품|I 숙박 및 음식점업|C24 1차 금속|J 정보통신업|C25 금속가공제품(기계 및 가구 제외)|L 부동산업|C26 전자부품 컴퓨터 영상 음향 및 통신장비|M 전문 과학 및 기술 서비스업|C27 의료 정밀 광학기기 및 시계|N 사업시설 관리 및 사업지원 및 임대 서비스업|C28 전기장비|P 교육 서비스업|C29 기타 기계 및 장비|R 예술 스포츠 및 여가관련 서비스업|C30 자동차 및 트레일러|S95 개인 및 소비용품 수리업|C31 기타 운송장비|S96 기타 개인 서비스업|C32 가구|C33 기타 제품 제조업|C34 산업용기계 및 장비수리업|종합|대기업|대기업_중견|중소기업|중기업|소기업|영업잉여|인건비|금융비용|조세공과|감가상각비,항목|업종코드별|기업규모별|계정항목별,,「기업경영분석」,한국은행 경제통계1국 한국은행 기업통계팀,02-759-4270,
301,1966004,DT_501Y073,"부가가치 구성(중소기업기본법, 2015~2016)","Composition of Gross Value Added(Framework Act on SMEs, 2015~2016, complete enumeration)","한국은행 > 기업경영분석 > 부가가치 구성(중소기업기본법, 2015~2016)",2022-06-02,년,,,0,1,150,부가가치 구성(중소기업기본법 2015~2016)|C10 식료품|C101-4 고기 과실 채소 및 유지 가공업|C111 알콜음료|C131 방적 및 가공사|C201 기초화학물질|C221 고무제품|C231 유리 및 유리제품|C241 1차 철강|C2612 반도체 및 전자부품|C281 전동기 발전기 및 전기 변환 ・ 공급 ・ 제어 장치|C291 일반 목적용 기계|C301 자동차용 엔진 및 자동차|C311 선박 및 보트 건조업|D351 전기업|E37 E3812 하수 폐수 및 분뇨처리 폐기물 수집운반 ・ 처리업|F41 종합 건설업|G45 자동차 및 부품 판매업|G471 종합소매업|G4711-9 종합 소매업(백화점 제외)|G472-8 G4792-9 일반소매업(통신판매업 제외)|H49 육상운송업|H491 철도운송업|I55 숙박업|J58 출판업|J581 서적 잡지 및 기타 인쇄물 출판업|L68 부동산업|M71 전문서비스업|M7112 법무 회계 및 세무 관련서비스업|N74 사업시설관리 및 조경 서비스업|N751 인력공급 및 고용알선업|전산업|정보통신기기제조업|첨단기술업종|기초소재형산업|A01 농업|C105 낙농제품 및 식용빙과류|C11 음료|C112 비알콜음료 및 얼음|C132 직물직조 및 직물제품|C202 비료 및 질소화합물|C222 플라스틱제품|C232 도자기 및 기타 요업제품|C242 1차 비철금속|C263 컴퓨터 및 주변장치|C283 절연선 및 케이블|C292 특수 목적용 기계|C3023 자동차차체 및 트레일러 자동차 부품|C31239 철도 항공기 및 그외 기타 운송장비|D3523 가스 증기 ・ 냉온수 및 공기조절 공급업|E383 금속 및 비금속 원료 재생업|F42 전문직별 공사업|G46 도매 및 상품중개업|G47111 백화점|G472-9 일반소매업|G4791 통신 판매업|H492 육상 여객 운송업|H50 수상 운송업|I56 음식점 및 주점업|J582 소프트웨어 개발 및 공급업|J59 영상 ・ 오디오 기록물 제작 및 배급업|L69 임대업; 부동산 제외|M713 광고업|M72 건축기술 엔지니어링 및 기타 과학기술 서비스업|N75 사업지원서비스업|N752 여행사 및 기타 여행보조 서비스업|정보통신서비스업|고기술업종|조립가공형산업|A03 어업|C1068 곡물가공품 전분제품 사료 및 조제식품|C13 섬유제품(의복제외)|C13349 기타 섬유제품|C203 합성고무 및 플라스틱 물질|C233 시멘트 석회 플라스터 및 그 제품|C243 금속 주조업|C264 통신 및 방송 장비|C285 가정용 기기|G47 소매업(자동차 제외)|H493-5 도로 화물 소화물 전문 운송업 파이프라인운송업|H51 항공 운송업|J60 방송업|M7147153 기타 전문서비스업|M73 기타 전문 과학 및 기술 서비스업|N753 경비 경호 및 탐정업|중기술업종|생활관련형산업|B 광업|C107 기타 식품|C14 의복 의복액세서리 및 모피제품|C204 기타 화학제품|C239 기타 비금속 광물제품|C2656 영상 및 음향기기 마그네틱 및 광학 매체|C28249 기타 전기장비|H52 창고 및 운송관련 서비스업|J61 통신업|N759 기타 사업지원 서비스업|저기술업종|C 제조업|C15 가죽 가방 및 신발|C205 화학섬유|J62 컴퓨터 프로그래밍 시스템 통합 및 관리업|C16 목재 및 나무제품(가구 제외)|J63 정보서비스업|비제조업|C17 펄프 종이 및 종이제품|D35 전기 가스 증기 및 공기조절 공급업|C18 인쇄 및 기록매체 복제업|F 건설업|C19 코크스 연탄 및 석유정제품|서비스업|C20 화학물질 및 화학제품(의약품 제외)|E 하수 ・ 폐기물 처리 원료재생 및 환경복원업|C21 의료용 물질 및 의약품|G 도매 및 소매업|C22 고무제품 및 플라스틱제품|H 운수업|C23 비금속 광물제품|I 숙박 및 음식점업|C24 1차 금속|J 출판 영상 방송통신 및 정보서비스업|C25 금속가공제품(기계 및 가구 제외)|L 부동산업 및 임대업|C26 전자부품 컴퓨터 영상 음향 및 통신장비|M 전문 과학 및 기술 서비스업|C27 의료 정밀 광학기기 및 시계|N 사업시설관리 및 사업지원 서비스업|C28 전기장비|P 교육 서비스업|C29 기타 기계 및 장비|R 예술 스포츠 및 여가관련 서비스업|C30 자동차 및 트레일러|S95 수리업|C31 기타 운송장비|S96 기타 개인 서비스업|C32 가구|제조업 중화학공업|C33 기타 제품 제조업|제조업 경공업|기술수준별|산업형태별|정보통신기술산업|종합|대기업|대기업_중견|중소기업|영업잉여|인건비|금융비용|조세공과|감가상각비,항목|업종코드별|기업규모별|계정항목별,,「기업경영분석」,한국은행 경제통계1국 한국은행 기업통계팀,02-759-4270,
301,1966004,DT_501Y013,현금흐름표(2012~),Statement of Cash Flow(2012~),한국은행 > 기업경영분석 > 현금흐름표(2012~),2026-09-13,년,,,0,1,88,현금흐름표(2012~)|C 제조업|C10 식료품|C11 음료|F 건설업|C13 섬유제품(의복 제외)|G 도매 및 소매업|C14 의복 의복액세서리 및 모피제품|H 운수업|C15 가죽 가방 및 신발|J 출판 영상 방송통신 및 정보서비스업|C16 목재 및 나무제품(가구 제외)|제조업 대기업|C17 펄프 종이 및 종이제품|제조업 중소기업|C18 인쇄 및 기록매체 복제업|C19 코크스 연탄 및 석유정제품|C20 화학물질 및 화학제품(의약품 제외)|C21 의료용 물질 및 의약품|C22 고무 및 플라스틱제품|C23 비금속 광물제품|C24 1차 금속|C25 금속가공제품(기계 및 가구 제외)|C26 전자부품 컴퓨터 영상 음향 및 통신장비|C27 의료 정밀 광학기기 및 시계|C28 전기장비|C29 기타 기계 및 장비|C30 자동차 및 트레일러|C31 기타 운송장비|C32 가구|C33 기타 제품 제조업|C34 산업용기계 및 장비수리업|2024년기준|2023년기준|2022년기준|2021년기준|2020년기준|2019년기준|2018년기준|2017년기준|2016년기준|2015년기준|2014년기준|2013년기준|2012년기준|Ⅰ. 영업활동으로 인한 현금흐름|1. 당기순이익(순손실)|2. 현금의 유출이 없는 비용 등의 가산|3. 현금의 유입이 없는 수익 등의 차감|4. 영업활동으로 인한 자산·부채의 변동|Ⅱ. 투자활동으로 인한 현금흐름 주2)|1. 투자활동으로 인한 현금유입액|가. 유동자산의 감소|나. 투자자산의 감소|다. 유형자산의 감소|(토지의 처분)|(건물·구축물의 처분)|(기계장치의 처분)|라. 기타|2. 투자활동으로 인한 현금유출액|가. 유동자산의 증가|나. 투자자산의 증가|다. 유형자산의 증가|(토지의 취득)|(건물·구축물의 취득)|(기계장치의 취득)|(건설중인 자산의 증가)|Ⅲ. 재무활동으로 인한 현금흐름|1. 재무활동으로 인한 현금유입액|가. 유동부채의 증가|(단기차입금의 증가)|나. 비유동부채의 증가|(회사채의 발행)|(장기차입금의 증가)|다. 자본의 증가|2. 재무활동으로 인한 현금유출액|가. 유동부채의 감소|(단기차입금의 상환)|나. 비유동부채의 감소|(회사채의 상환)|(장기차입금의 상환)|다. 자본의 감소|(배당금의 지급)|Ⅳ. 순현금흐름(Ⅰ+Ⅱ+Ⅲ)|Ⅴ. 기초의 현금|Ⅵ. 기말의 현금,항목|업종코드별|기준년도구분별|계정항목별,,「기업경영분석」,한국은행 경제통계1국 한국은행 기업통계팀,02-759-4270,외부감사대상법인의 업체당 평균수치임
301,1966004,DT_501Y014,현금흐름관련 기타 주요 재무항목(2012~),Other Major Financial Items(2012~),한국은행 > 기업경영분석 > 현금흐름관련 기타 주요 재무항목(2012~),2026-09-13,년,,,0,1,52,현금흐름관련 기타 주요 재무항목(2012~)|C 제조업|C10 식료품|C11 음료|F 건설업|C13 섬유제품(의복 제외)|G 도매 및 소매업|C14 의복 의복액세서리 및 모피제품|H 운수업|C15 가죽 가방 및 신발|J 출판 영상 방송통신 및 정보서비스업|C16 목재 및 나무제품(가구 제외)|제조업 대기업|C17 펄프 종이 및 종이제품|제조업 중소기업|C18 인쇄 및 기록매체 복제업|C19 코크스 연탄 및 석유정제품|C20 화학물질 및 화학제품(의약품 제외)|C21 의료용 물질 및 의약품|C22 고무 및 플라스틱제품|C23 비금속 광물제품|C24 1차 금속|C25 금속가공제품(기계 및 가구 제외)|C26 전자부품 컴퓨터 영상 음향 및 통신장비|C27 의료 정밀 광학기기 및 시계|C28 전기장비|C29 기타 기계 및 장비|C30 자동차 및 트레일러|C31 기타 운송장비|C32 가구|C33 기타 제품 제조업|C34 산업용기계 및 장비수리업|2024년기준|2023년기준|2022년기준|2021년기준|2020년기준|2019년기준|2018년기준|2017년기준|2016년기준|2015년기준|2014년기준|2013년기준|2012년기준|매출액|이자비용|법인세차감전순이익|총자산|단기차입금|장기차입금|회사채|자기자본,항목|업종코드별|기준년도구분별|계정항목별,,「기업경영분석」,한국은행 경제통계1국 한국은행 기업통계팀,02-759-4270,1) 외부감사대상법인 기준 || 2) 재무상태표 항목은 기초와 기말의 평균금액
301,1966004,DT_501Y015,현금흐름비율(2012~),Cash Flow Ratios(2012~),한국은행 > 기업경영분석 > 현금흐름비율(2012~),2026-09-13,년,,,0,1,52,현금흐름비율(2012~)|C 제조업|C10 식료품|C11 음료|F 건설업|C13 섬유제품(의복 제외)|G 도매 및 소매업|C14 의복 의복액세서리 및 모피제품|H 운수업|C15 가죽 가방 및 신발|J 출판 영상 방송통신 및 정보서비스업|C16 목재 및 나무제품(가구 제외)|제조업 대기업|C17 펄프 종이 및 종이제품|제조업 중소기업|C18 인쇄 및 기록매체 복제업|C19 코크스 연탄 및 석유정제품|C20 화학물질 및 화학제품(의약품 제외)|C21 의료용 물질 및 의약품|C22 고무 및 플라스틱제품|C23 비금속 광물제품|C24 1차 금속|C25 금속가공제품(기계 및 가구 제외)|C26 전자부품 컴퓨터 영상 음향 및 통신장비|C27 의료 정밀 광학기기 및 시계|C28 전기장비|C29 기타 기계 및 장비|C30 자동차 및 트레일러|C31 기타 운송장비|C32 가구|C33 기타 제품 제조업|C34 산업용기계 및 장비수리업|2024년기준|2023년기준|2022년기준|2021년기준|2020년기준|2019년기준|2018년기준|2017년기준|2016년기준|2015년기준|2014년기준|2013년기준|2012년기준|현금흐름보상비율|현금흐름이자보상비율|영업활동현금흐름대매출액|당기순이익대영업활동현금흐름|투자안정성비율|영업활동현금흐름대투자활동현금지출|영업활동현금흐름대총부채|영업활동현금흐름대차입금,항목|업종코드별|기준년도구분별|계정항목별,,「기업경영분석」,한국은행 경제통계1국 한국은행 기업통계팀,02-759-4270,외부감사대상법인 기준
301,2003033,DT_311Y005,대외채권,External Assets,한국은행 > 대외채무및대외채권 > 대외채권,2026-09-13,분기|년,,,0,1,97,대외채권|A-1.단기|A-1.1.증권투자|A-2.1.증권투자|B-1.단기|B-1.1.증권투자|B-2.1.증권투자|C-1.단기|C-1.1.증권투자|C-2.1.증권투자|D-1.단기|D-1.1.증권투자|D-2.1.증권투자|D-가.1.단기|D-가.1.1.증권투자|D-가.2.1.증권투자|D-나.1.단기|D-나.1.1.증권투자|D-나.2.1.증권투자|1.단기|1.1.증권투자|2.1.증권투자|A-1.2.대출금|A-2.장기|A-2.2.대출금|B-1.2.대출금|B-2.장기|B-2.2.대출금|C-1.2.대출금|C-2.장기|C-2.2.대출금|D-1.2.대출금|D-2.장기|D-2.2.대출금|D-가.1.2.대출금|D-가.2.장기|D-가.2.2.대출금|D-나.1.2.대출금|D-나.2.장기|D-나.2.2.대출금|1.2.대출금|2.장기|2.2.대출금|A.일반정부|A-1.3.현금및예금|A-2.3.현금및예금|B-1.3.현금및예금|B-2.3.현금및예금|C-1.3.현금및예금|C-2.3.현금및예금|D-1.3.현금및예금|D-2.3.현금및예금|D-가.기타금융기관|D-가.1.3.현금및예금|D-가.2.3.현금및예금|D-나.1.3.현금및예금|D-나.2.3.현금및예금|1.3.현금및예금|2.3.현금및예금|A-1.4.무역신용|A-2.4.무역신용|B.중앙은행|B-1.4.무역신용|B-2.4.무역신용|C-1.4.무역신용|C-2.4.무역신용|D-1.4.무역신용|D-2.4.무역신용|D-가.1.4.무역신용|D-가.2.4.무역신용|D-나.비금융기업 등|D-나.1.4.무역신용|D-나.2.4.무역신용|1.4.무역신용|2.4.무역신용|A-1.5.기타자산|A-2.5.기타자산|B-1.5.기타자산|B-2.5.기타자산|C.예금취급기관|C-1.5.기타자산|C-2.5.기타자산|D-1.5.기타자산|D-2.5.기타자산|D-가.1.5.기타자산|D-가.2.5.기타자산|D-나.1.5.기타자산|D-나.2.5.기타자산|1.5.기타자산|2.5.기타자산|B-1.6.준비자산|D.기타부문|D-2.6.채무상품 직접투자|D-가.2.6.채무상품 직접투자|D-나.2.6.채무상품 직접투자|1.6.준비자산|2.6.채무상품 직접투자,항목|계정코드별,,「대외채무및대외채권」,한국은행  경제통계국 국외투자통계팀,02-759-4525,
301,2003033,DT_311Y004,대외채무,External Debt,한국은행 > 대외채무및대외채권 > 대외채무,2026-09-13,분기|년,,,0,1,98,대외채무|A-1.단기|A-1.1.증권발행|A-2.1.증권발행|B-1.단기|B-1.1.증권발행|B-2.1.증권발행|C-1.단기|C-1.1.증권발행|C-2.1.증권발행|D-1.단기|D-1.1.증권발행|D-2.1.증권발행|D-가.1.단기|D-가.1.1.증권발행|D-가.2.1.증권발행|D-나.1.단기|D-나.1.1.증권발행|D-나.2.1.증권발행|1.단기|1.1.증권발행|2.1.증권발행|A-1.2.차입금|A-2.장기|A-2.2.차입금|B-1.2.차입금|B-2.장기|B-2.2.차입금|C-1.2.차입금|C-2.장기|C-2.2.차입금|D-1.2.차입금|D-2.장기|D-2.2.차입금|D-가.1.2.차입금|D-가.2.장기|D-가.2.2.차입금|D-나.1.2.차입금|D-나.2.장기|D-나.2.2.차입금|1.2.차입금|2.장기|2.2.차입금|A.일반정부|A-1.3.현금및예금|A-2.3.현금및예금|B-1.3.현금및예금|B-2.3.현금및예금|C-1.3.현금및예금|C-2.3.현금및예금|D-1.3.현금및예금|D-2.3.현금및예금|D-가.기타금융기관|D-가.1.3.현금및예금|D-가.2.3.현금및예금|D-나.1.3.현금및예금|D-나.2.3.현금및예금|1.3.현금및예금|2.3.현금및예금|A-1.4.무역신용|A-2.4.무역신용|B.중앙은행|B-1.4.무역신용|B-2.4.무역신용|C-1.4.무역신용|C-2.4.무역신용|D-1.4.무역신용|D-2.4.무역신용|D-가.1.4.무역신용|D-가.2.4.무역신용|D-나.비금융기업 등|D-나.1.4.무역신용|D-나.2.4.무역신용|1.4.무역신용|2.4.무역신용|A-1.5.기타부채|A-2.5.기타부채|B-1.5.기타부채|B-2.5.기타부채|C.예금취급기관|C-1.5.기타부채|C-2.5.기타부채|D-1.5.기타부채|D-2.5.기타부채|D-가.1.5.기타부채|D-가.2.5.기타부채|D-나.1.5.기타부채|D-나.2.5.기타부채|1.5.기타부채|2.5.기타부채|A-2.6.SDRs|B-2.6.SDRs|D.기타부문|D-2.6.채무상품 직접투자|D-가.2.6.채무상품 직접투자|D-나.2.6.채무상품 직접투자|2.6.SDRs|2.7.채무상품 직접투자,항목|계정코드별,,「대외채무및대외채권」,한국은행  경제통계국 국외투자통계팀,02-759-4525,
301,2003033,DT_311Y006,순대외채권,Net External Assets,한국은행 > 대외채무및대외채권 > 순대외채권,2026-09-13,분기|년,,,0,1,21,순대외채권|A-1.단기|B-1.단기|C-1.단기|D-1.단기|D-가.1.단기|D-나.1.단기|1.단기|A-2.장기|B-2.장기|C-2.장기|D-2.장기|D-가.2.장기|D-나.2.장기|2.장기|A.일반정부|D-가.기타금융기관|B.중앙은행|D-나.비금융기업 등|C.예금취급기관|D.기타부문,항목|계정코드별,,「대외채무및대외채권」,한국은행  경제통계국 국외투자통계팀,02-759-4525,
301,1966003,DT_405Y006,국내공급물가지수,Domestic Supply Price Indices (2020=100),한국은행 > 생산자물가조사(2020=100) > 국내공급물가지수,2026-09-14,월|분기|년,,,0,1,59,국내공급물가지수|총지수|원재료국내출하|원재료제조용(국내출하)|원재료연료(국내출하)|원재료기타(국내출하)|원재료|중간재국내출하|중간재제조용(국내출하)|중간재건설용(국내출하)|중간재연료·동력(국내출하)|중간재기타(국내출하)|최종재국내출하|최종재자본재(국내출하)|최종재소비재(국내출하)|최종재내구재(국내출하)|최종재비내구재(국내출하)|생산재국내출하|생산재제조용재료(국내출하)|생산재건설용재료(국내출하)|생산재연료·동력(국내출하)|생산재기타(국내출하)|원재료수입|원재료제조용(수입)|원재료연료(수입)|원재료기타(수입)|중간재수입|중간재제조용(수입)|중간재건설용(수입)|중간재연료·동력(수입)|중간재기타(수입)|중간재|최종재수입|최종재자본재(수입)|최종재소비재(수입)|최종재내구재(수입)|최종재비내구재(수입)|생산재수입|생산재제조용재료(수입)|생산재건설용재료(수입)|생산재연료·동력(수입)|생산재기타(수입)|원재료제조용|중간재제조용|최종재|최종재자본재|생산재제조용재료|중간재건설용|최종재소비재|생산재건설용재료|생산재(원재료+중간재)|원재료연료|중간재연료·동력|최종재내구재|생산재연료·동력|원재료기타|중간재기타|최종재비내구재|생산재기타|최종재서비스,항목|계정코드별,2020=100|2022.12=100,「생산자물가조사」,한국은행  한국은행 물가통계팀,02-759-4437,"1) 금월지수는 잠정치이며, 익월지수 공표시 확정됨 || 2) 2010년 이후 가중치는 매년 변경되며, 2026년 적용되는 가중치를 표기하였음."
301,1966003,DT_404Y014,생산자물가지수(기본분류),Producer Price Indices  (Basic Groups),한국은행 > 생산자물가조사(2020=100) > 생산자물가지수(기본분류),2026-09-14,월|분기|년,,,0,1,526,생산자물가지수(기본분류)|총지수|농림수산품|광산품|공산품|전력가스수도및폐기물|서비스|음식료품|섬유및가죽제품|목재및종이제품|석탄및석유제품|화학제품|비금속광물제품|1차금속제품|금속가공제품|컴퓨터전자및광학기기|전기장비|기계및장비|운송장비|기타제조업제품|전력가스및증기|수도폐기물처리및재활용서비스|운송서비스|음식점및숙박서비스|정보통신및방송서비스|금융및보험서비스|부동산서비스|전문과학및기술서비스|사업지원서비스|교육서비스|예술스포츠및여가관련서비스|기타서비스|농산물|축산물|임산물|수산물|석탄원유및천연가스|금속및비금속광물|식료품|음료품|담배|섬유및의복|가죽제품|목재및목제품|펄프및종이제품|기초화학물질|합성수지및합성고무|화학섬유|의약품|비료및농약|기타화학제품|플라스틱제품|고무제품|유리및유리제품|기타비금속광물제품|철강1차제품|비철금속괴및1차제품|금속주물|반도체|전자표시장치|기타전자부품|컴퓨터및주변기기|통신방송및영상음향기기|정밀기기|일반목적용기계|특수목적용기계|자동차및부품|기타운송장비|전력|가스증기및온수|수도|폐수처리|폐기물처리및자원재활용서비스|육상운송서비스|수상운송서비스|항공운송서비스|창고및운송보조서비스|우편및소화물전문운송서비스|통신서비스|정보서비스|소프트웨어개발공급및기타IT서비스|신문및출판서비스|영상·오디오물제작배급|금융서비스|보험서비스|금융및보험보조서비스|주거서비스|기타부동산서비스|사업관련전문서비스|과학기술및기타전문서비스|장비·용품및지식재산권임대|문화및여행관련서비스|스포츠및오락서비스|자동차·소비용품수리및개인서비스|곡물및식량작물|채소및과실|기타작물|낙농및육류|기타축산|신선수산물|냉동건조수산물|석탄|비금속광물|육가공품및낙농품|수산가공품|제분|제당및전분|떡과자및면류|조미료및유지|기타식료품|사료|주류|비알콜음료및얼음|섬유사|섬유직물|직물제품|의복제품|목재|목제품|펄프|종이류|종이제품|석탄제품|원유정제처리제품|윤활유및기타석유정제품|기초유기화학물질|기초무기화학물질|도료및잉크|비누및화장품|플라스틱1차제품|기타플라스틱제품|타이어및튜브|기타고무제품|도자기및요업제품|시멘트|콘크리트제품|선철및조강|열간압연강재|냉간압연강재|기타철강1차제품|비철금속괴|비철금속1차제품|구조용금속제품및탱크|금속단조야금및압형제품|기타금속가공제품|인쇄회로기판|통신및방송장비|영상및음향기기|의료및측정기기|기타정밀기기|발전기및전동기|전기변환.공급제어장치|전지|전선및케이블|가정용전기기기|기타전기장비|내연기관및터빈|펌프및압축기|일반목적용기계부품|산업용운반기계|공기및액체조절장치|기타일반목적용기계|농업및건설용기계|금속가공용기계|금형및주형|반도체및디스플레이제조용기계|기타특수목적용기계|자동차|특장차및트레일러|자동차부품|가구|도시가스|증기및온수공급|폐기물처리|철도운송서비스|도로운송서비스|운송보조서비스|하역서비스|보관및창고서비스|공영우편서비스|소화물전문운송서비스|음식점및주점|숙박서비스|유무선및위성통신서비스|기타전기통신서비스|소프트웨어개발공급|기타IT서비스|영화상영|예금취급기관|기타금융중개기관|비주거용건물임대및부동산공급|부동산관련서비스|법무및경영지원서비스|광고|건축·토목관련서비스|기타과학기술및전문서비스|사업시설유지관리및조경서비스|인력공급및알선|기타사업지원서비스|자동차및소비용품수리서비스|개인서비스|곡류|콩류|감자류|채소|과실|화훼작물|약용작물|잎담배|기타식용작물|낙농|도축육|가금육|원목|식용임산물|신선어류|신선갑각류|신선패류|신선연체류|냉동수산물|건조수산물|무연탄|골재및석재|석회석|기타비금속광물|육가공품|낙농품|수산물가공품|수산동물저장품|정제당|전분및당류|떡빵및과자류|면류|조미료및첨가용식품|유지|과실및채소가공품|커피및차류|인삼및건강보조식품|주정|소주|맥주|기타주류|천연및화학섬유사|기타섬유사|천연및화학섬유직물|기타섬유직물|부직포및펠트|기타섬유제품|봉제의류|편조의류|의복관련장신품|가죽|가방및핸드백|신발|제재목|합판|강화및재생목재|건축용목제품|목재용기및적재판|인쇄용지|기타원지및판지|골판지및골판지가공품|종이용기|종이문구및사무용지|위생용종이제품|기타종이제품|석탄코크스및석탄관련제품|연탄|나프타|휘발유|제트유|등유|경유|중유|액화석유가스|윤활유및그리스|기타석유정제제품|지방족기초유분|방향족기초유분|석유화학중간제품|기타기초유기화합물|산업용가스|기초무기화합물|염료안료및유연제|합성수지|합성고무|비료및질소화합물|살충제및농약|도료|잉크|비누세제및치약|화장품|접착제및젤라틴|사진용화학제품및감광재료|건축용플라스틱제품|포장용플라스틱제품|운송장비및조립용플라스틱제품|산업용고무제품|판유리및1차유리제품|전자기기용유리제품|산업용유리제품(전자기기용제외)|기타유리제품|가정용도자기|산업용도자기|내화요업제품|건설용비내화요업제품|레미콘|석회및석고제품|석제품|연마재|아스콘및아스팔트제품|선철|합금철|조강|철근및봉강|형강|선재및궤조|중후판(두께3mm이상)|열연강판|강선|철강관|표면처리강재|동제련정련및합금제품|알루미늄제련정련및합금제품|연및아연제련정련및합금제품|금은괴|기타비철금속제련정련및합금제품|동1차제품|알루미늄1차제품|기타비철금속1차제품|건축용금속제품|금속제탱크및압력용기|산업용보일러및증기발생기|금속단조및야금제품|금속압형제품|가정용금속제품|부착용금속제품|공구류|나사및철선제품|금속포장용기|기타금속제품|개별소자|집적회로|LCD평판디스플레이|기타전자표시장치|인쇄회로기판및실장기판|축전기저항기전자코일및변성기|컴퓨터|컴퓨터기억장치|컴퓨터주변기기|유선통신기기|이동전화기|기타무선통신장비및방송장비|TV|영상기기|오디오및음향기기|의료용기기|측정및분석기기|자동조정및제어기기|사진기및영사기|기타광학기기|변압기|전기변환장치|전기회로개폐및접속장치|배전반및전기자동제어반|가정용냉장고및냉동고|주방용및난방용전기기기|기타가정용전기기기|전구및램프|조명장치|밸브|베어링기어및동력전달장치|공기조절장치및냉장냉동장비|공기및액체여과기|사무용기기|농업용기계|건설및광물처리기계|반도체제조용기계|디스플레이제조용기계|산업용로봇|제지및인쇄기계|고무및플라스틱성형기계|승용차|버스|트럭|특장차|자동차용엔진|자동차부분품|모터사이클|목재가구|금속가구|기타가구|장난감및오락용품|운동및경기용품|문구용품|하수폐수및분뇨처리|폐기물수집운반및처리|도로여객운송서비스|도로화물운송서비스|연안및내륙수상운송서비스|외항운송서비스|육상운송보조서비스|수상운송보조서비스|항공운송보조서비스|일반음식점|기타음식점|비알콜음료점|숙박|유선통신서비스|무선및위성통신서비스|통신재판매및중개서비스|정보제공서비스|신문및출판|금융투자기관|비생명보험|비주거용건물임대|법무및회계서비스|과학기술서비스|여행사및여행보조서비스|스포츠서비스|오락서비스|자동차수리서비스|전자통신기기및가정용품수리서비스|미용관련서비스|세탁|기타개인서비스|정제혼합용원료유,항목|계정코드별,2020=100|2025.12=100,「생산자물가조사」,한국은행  한국은행 물가통계팀,02-759-4437,"1) 금월지수는 잠정치이며, 익월지수 공표시 확정됨 || 2) 2010년 이후 가중치는 매년 변경되며, 2026년 적용되는 가중치를 표기하였음. || * 생산자물가지수는 총지수의 추정을 위해 표본설계되어 있으므로 최하위 분류단위인 품목별 지수는 통계적 유의성이 떨어질 수 있음"
301,1966003,DT_404Y015,생산자물가지수(특수분류),Producer Price Indices  (Special Groups),한국은행 > 생산자물가조사(2020=100) > 생산자물가지수(특수분류),2026-09-14,월|분기|년,,,0,1,15,생산자물가지수(특수분류)|총지수|식료품구분|식료품|신선식품|에너지|IT|식료품이외|신선식품구분|신선식품이외|에너지이외|IT이외|에너지구분|IT구분|식료품에너지이외|신선식품에너지이외,항목|계정코드별,,「생산자물가조사」,한국은행  한국은행 물가통계팀,02-759-4437,"1) 금월지수는 잠정치이며, 익월지수 공표시 확정됨 || 2) 2010년 이후 가중치는 매년 변경되며, 2026년 적용되는 가중치를 표기하였음 || * 생산자물가지수는 총지수의 추정을 위해 표본설계되어 있으므로 최하위 분류단위인 품목별 지수는 통계적 유의성이 떨어질 수 있음"
301,1966003,DT_404Y016,생산자물가지수(품목별),Producer Price Indices  (Item Groups),한국은행 > 생산자물가조사(2020=100) > 생산자물가지수(품목별),2026-09-14,월|분기|년,,,0,1,927,생산자물가지수(품목별)|총지수|햄및베이컨|석탄코크스|에틸렌|선철|소형전동기|철도여객|농림수산품|광산품|소시지|연탄|프로필렌|합금철|중대형직류및교류전동기|공산품|전력가스수도및폐기물|도시철도|서비스|가금류포장육|음식료품|섬유및가죽제품|목재및종이제품|나프타|석탄및석유제품|부타디엔|화학제품|비금속광물제품|슬래브|1차금속제품|금속가공제품|컴퓨터전자및광학기기|발전기|전기장비|기계및장비|운송장비|기타제조업제품|전력가스및증기|수도폐기물처리및재활용서비스|철도화물|운송서비스|음식점및숙박서비스|정보통신및방송서비스|금융및보험서비스|부동산서비스|전문과학및기술서비스|사업지원서비스|교육서비스|예술스포츠및여가관련서비스|기타서비스|쌀|보리쌀|콩|감자|고구마|배추|시금치|상추|부추|수박|참외|오이|호박|토마토|딸기|파프리카|무|풋고추|건고추|마늘|파|양파|생강|버섯|피망|양배추|사과|배|복숭아|포도|감귤|감|절화류|분화류|인삼|한약재료|잎담배|참깨|들깨|생우유|쇠고기|돼지고기|닭고기|오리고기|달걀|벌꿀|원목|산나물|밤|가자미|넙치|조기|갈치|고등어|조피볼락(우럭)|기타어류|멸치|게|새우|굴|조개|전복|물오징어|냉동고등어|냉동오징어|냉동명태|명태건제품|멸치건제품|오징어건제품|김|무연탄|모래|쇄석|석회석|규석|천일염|육지동물포장육|순면사|면혼방사|모사|순합성섬유사|재봉사|커버링사|면직물|모직물|합성섬유직물|파일및셔닐직물|침구|커튼|차량의자커버|천막및덮개|직물포대|타월|부직포|끈및로프|타이어코드및타이어직물|비닐도포직물|솜|카펫|남성용정장|남성용자켓및점퍼|여성용정장|여성용자켓및점퍼|여성용내의|남성용셔츠|여성용셔츠|운동복|작업복|유아용의복|남성용내의|스웨터|양말|장갑|소가죽|가방|핸드백|구두|운동화|각재|마루용판재|일반합판|가공합판|파티클보드(PB)|중밀도섬유판(MDF)|목재문창문및틀|목재깔판|목재상자|화학펄프|신문용지|백상지|중질지|박엽지|아트지|정보용지|크라프트지|골판지원지|백판지|적층가공지|포장지|위생용지|골판지상자|종이포대|종이가방|판지상자및용기|식품용종이용기|지관|복사용지|노트|바인더|화장지|종이기저귀|종이타월|벽지|종이라벨|식품용종이제품|휘발유|벤젠|판유리|평판디스플레이용유리|유리섬유|차량용안전유리|차량용이외안전유리|차량용거울|유리용기|가정용도자기|위생용도자기|세라믹제및페라이트자석|페라이트코어|내화벽돌및블록|내화시멘트|점토벽돌|점토타일|포틀랜드시멘트|고로슬래그시멘트|레미콘|비내화모르타르|콘크리트벽돌및블록|인조대리석|콘크리트벽면|콘크리트파일|콘크리트전주|흄관및VR관|생석회|플라스터제품|건설용석제품|연마지및포|아스콘|암면제품|내화물용원료|흑연및탄소제품|빌렛|건물용철문|금속제창문|건축용금속공작물|건축용판금제품|조립식건축물용금속패널|저장용금속탱크|압력용기|방열기|증기발생보일러|보통강단조물|특수강단조물|분말야금제품|자동차용프레스가공품|알루미늄제주방용품|스테인리스주방용품|싱크상판|자동차용철물|디지털도어록|건물용철물|가구용철물|절삭공구|볼트및너트|와셔|코일스프링|판상스프링|철망|와이어로프|스틸캔|알루미늄캔|드럼통|병마개|비식품포장용기|금속표시판|용접봉|금속제파킹|트랜지스터|LED|실리콘웨이퍼|DRAM|플래시메모리|시스템반도체|노트북용LCD|모니터용LCD|LCD용백라이트유니트|LCD편광필름|OLED|동박적층판|페놀인쇄회로기판|에폭시인쇄회로기판|고정식축전기|변성기|전자코일|표시기|센서|포토마스크|스마트카드|리드프레임|데스크탑PC|노트북|컴퓨터기억장치|컴퓨터모니터|컴퓨터입력장치|비디오도어폰및인터폰|휴대용전화기|휴대폰용카메라모듈|위성방송수신기|위성방송수신용안테나|무선통신시스템|TV|영상저장장치|안테나|차량용오디오|스피커|앰프세트|의료용방사선장치|초음파진단기|광선치료기|치과용임플란트|치과기공소제품|안경및안경렌즈|주사기및수혈세트|내비게이션|리모콘|전자기측정및분석기계|반도체검사장비|공해계측기|재료시험기|가스공급계기|전기공급계기|속도계|온도자동조절장치|공업계기|폐쇄회로카메라|광학렌즈|BLU용광학필름|송배전변압기|선박용엔진|기계용엔진|내연기관부분품|산업용액체펌프|진공펌프|냉매압축기|차량에어컨용압축기|유압실린더및유압시스템|유압펌프|공기압축기|유압및공기압전송용밸브|감압밸브|체크밸브|안전밸브|수전|자동조절및원격조절밸브|볼베어링|롤러베어링|변속기|기어및기어링|동력전달용체인|지게차|엘리베이터|주차기|컨베이어장치|호이스트|물품취급용크레인|가정용에어컨|차량용에어컨|시스템에어컨|에어핸드링유니트|산업및상업용냉장고|산업용냉동기|냉각탑|냉동냉장쇼케이스|공기조절장치부품|공기청정기|정수기|송풍기|현금자동지급기|신용카드조회기|금전등록기|소각로|열교환기|포장기및용기세척기|소화기|농업용트랙터|농업용콤바인|농업용건조기|굴삭기|콘크리트믹서및펌프카|로더및불도저|건설용기계부품|광산기계|머시닝센터|수치제어식선반|밀링기|기계프레스|주물주조기계|프레스용금형|몰드베이스|웨이퍼가공장비|반도체조립장비|칩마운터|평판디스플레이제조장비|산업용로봇|인쇄기계|플라스틱사출성형기|산업용건조기|금속표면처리기|경승용차|소형승용차|중형승용차|대형승용차|RV자동차|하이브리드승용차|전기승용차|소형버스|중형버스|대형버스|소형트럭|중형트럭|대형트럭|특장차|자동차용엔진|자동차차체|자동차차체부분품|동력전달장치|현가장치및부분품|제동장치및부분품|조향장치및부분품|차륜및부분품|배기장치및부분품|안전벨트및부분품|에어백및부분품|자동차용의자|라디에이터및부분품|연료탱크|모터사이클|싱크대|거실및서재용가구|침대|침실용가구|책상및의자|공공시설가구|사무용금속제의자|금속제캐비닛|사무용금속제책상|매트리스|소파|장난감|체조육상및체력단련용장비|놀이터용장비|낚시및수렵용구|필기구|지퍼|담배필터|칫솔|청소용비및솔|주택용전력|일반용전력|산업용전력|주택용도시가스|일반용도시가스|산업용도시가스|증기|지역난방|가정용수도|영업용수도|업무용수도|하수처리|분뇨처리|폐기물수집운반처리|시내버스|한식|중식|일식|서양식|기관구내식|기타외국식|제과점|햄버거및피자전문점|치킨전문점|분식및기타간이음식점|비알콜음료점|호텔|여관|휴양콘도|초고속망인터넷서비스|유선전화서비스|전용회선서비스|이동통신서비스|무선데이터통신|회선설비재판매서비스|전자지급서비스|온라인콘텐츠서비스|온라인동영상서비스|소프트웨어개발공급|IT시스템관리및호스팅서비스|신문|교과서및학습서적|일반서적|잡지및정기간행물|영화관|원화수입수수료|신용장취급|외국환취급|펀드수수료|카드가맹점수수료|화재보험|해상항공보험|자동차보험|특종보험|보증보험|위탁매매수수료|주거용건물임대|비주거용건물임대|주거용부동산관리|비주거용부동산관리|부동산중개|부동산감정평가|변리사|관세사|공인회계사|세무사|TV광고|라디오광고|신문광고|잡지광고|인터넷광고|모바일광고|건축설계|건설엔지니어링|측량|기술시험검사|장비용품운용리스|자동차임대|건설중장비임대|개인및가정용품임대|컴퓨터및사무용기기임대|건축물청소|소독서비스|인력공급|보안서비스|일반학원|기술및직업훈련학원|예술학원|스포츠학원|여행사및여행보조서비스|스포츠서비스|오락서비스|자동차수리|전자통신기기및가정용품수리|이미용서비스|가정용세탁|기타개인서비스|우유|제트유|톨루엔(메틸벤젠)|강괴|산업용변압기|시외버스|관광숙박시설|분유|등유|자일렌(크실렌)|일반철근|특수목적용변압기|택시|조제분유|경유|옥탄올|고장력철근|안정기|전세버스|요구르트|중유|에틸렌글리콜|봉강|인버터|도로화물운송|치즈|벙커C유|폴리프로필렌글리콜|형강|무정전전원장치|내항여객|아이스크림|프로판가스|페놀|선재|배터리충전기|내항화물|빙과|부탄가스|스티렌모노머|궤조|배선용차단기|외항화물|연유|정제혼합용원료유|디니트로톨루엔|중후판|누전차단기|국제항공여객|어묵|윤활유|무수프탈산|스테인리스중후판|전기개폐용스위치|국내항공여객|참치통조림|그리스|테레프탈산|열연강대및강판|계전기|항공화물|조미가공품|아스팔트|메틸메타크릴레이트|보통철선|커넥터|유료도로운영|맛김|재생유|메틸티셔리부틸에테르|경강선|배전반|주차장운영|미역|솔벤트|아크릴로니트릴|PC강선|전기자동제어반|항구및해상터미널시설운영|어육|메틸렌디이소시아네이트|냉간압조용강선|프로그램컨트롤러|항공터미널시설운영|염장품|톨루엔디이소시아네이트|스테인리스강선|1차전지|철도하역|젓갈|카프로락탐|아연도강선|납2차전지|항만하역|밀가루|아세톤|타이어보강강선|리튬이온2차전지|일반창고운영|부침가루|가소제|주철관|배터리팩|냉장및냉동창고운영|정제당|비스페놀에이|용접강관|광섬유케이블|농산물창고운영|전분|ECH(에피클로로히드린)|강관연결구류|전력선|우편|물엿|수소|냉연봉강및냉연형강|통신선및제어선|우체국택배|과당|질소|냉연강대|절연전선|택배|떡|산소|스테인리스냉연강판|권선|식빵|이산화탄소|아연도금강판|절연코드및코드세트|케이크|아르곤가스|주석도금강판|가정용냉장고|빵|가성소다|갈바륨강판|김치냉장고|스낵류|카본블랙|컬러강판|가정용전기밥솥|초콜릿|과산화수소|도금및피복강관|가정용전기믹서기|캔디|황산|알루미늄도금강판|가정용식기세척기|껌|탄산칼슘|철강절단품|렌지후드|도넛|핵연료|동1차정련품|가정용가스보일러|국수|산화아연|알루미나|가스레인지|라면|분산염료|알루미늄1차정련품|가스오븐레인지|고추가루|마스터배치|알루미늄2차정련품|가정용세탁기|마요네즈|유연제|연1차정련품|가정용전기청소기|혼합조미료|폴리에틸렌수지|아연1차정련품|전기비데|혼합소스|폴리스티렌수지|연2차정련품|의류건조기|간장|ABS수지|금괴|형광등|된장|PVC수지|은괴|LED등|고추장|폴리프로필렌수지|니켈괴|조명등|참기름|에폭시수지|동봉|차량용조명기구|식용정제유|폴리에스터수지|나동선|형광등부착물|유지가공품|폴리우레탄수지|동판|옥외용조명장치|대두박|엔지니어링플라스틱수지|동관|도난화재및유사경보기|김치|실리콘수지|알루미늄섀시바|교통신호장치|단무지|페놀수지|알루미늄봉|저항용접기|농축과실즙|재생수지|알루미늄선|스타터모터|농축채소즙|스티렌부타디엔고무|알루미늄판|점화및기타목적용와이어링하네스|잼및젤리통조림|부타디엔고무|알루미늄박|와이퍼및서리제거용열선|냉동채소|스티렌부타디엔라텍스|알루미늄관|자동차전자제어|건조채소|폴리아미드섬유|세금선|견과가공품|폴리에스터섬유|동분말|인스턴트커피|의약품원료|텅스텐1차제품|커피믹스|백신|회주물(보통주철)|차|혈액및체액용약|가단주물|원두커피|의약품완제|구상흑연주물|홍삼|한의약품|보통강주물|인삼과자|동물용의약품|알루미늄주물|건강기능식품|의료품|동주물|두부|복합비료|냉동만두|유기질비료|김밥|암모니아|도시락|질산|레토르트식품|가정용살균및살충제|선식|농업용살충제|씨리얼식품|농업용살균제|조제수프|제초제|알가공품|유성페인트|기타냉동조리식품|수성페인트|양우용배합사료|우레탄도료|양돈용배합사료|에폭시도료|양계용배합사료|신너(복합솔벤트)|애완동물사료|옵셋잉크|사료첨가제|그라비아잉크|주정|유기계면활성제|소주|조제계면활성제|맥주|화장비누|탁주|세탁용합성세제|위스키|주방용합성세제|콜라|치약|사이다|화장크림|과실음료|로션및오일|알카리성이온음료|화장수|두유|파운데이션|커피음료|샴푸|인삼음료|염색약|생수|자외선차단제|얼음|합성수지접착제|담배|토너및토너카트리지|가공및정제염|화약및폭약|포토레지스트|산화방지제|안정제|금속표면처리용화합물|활성탄|휴대용연료|반도체용식각제|자동차촉매|바이오연료|플라스틱섀시바|플라스틱파이프|플라스틱호스|플라스틱연결구류|폴리에틸렌필름|폴리프로필렌필름|폴리에스터필름|폴리염화비닐필름|플라스틱필름및시트|합성피혁|플라스틱장판|플라스틱타일|위생용플라스틱제품|플라스틱창문및문|플라스틱포대및봉투|플라스틱병|플라스틱뚜껑|컨테이너박스|운송장비용플라스틱제품|핸드폰케이스|전기및전자기기용플라스틱제품|기계용플라스틱제품|폴리스티렌발포제품|우레탄발포제품|접착테이프|플라스틱주방용품|가구용플라스틱제품|플라스틱사무및문구제품|승용차타이어|버스및화물차타이어|재생타이어|공업용고무롤|고무호스|고무벨트|고무패킹|고무스폰지및발포성제품|배합고무|방진고무|고무매트,항목|계정코드별,2020=100|2022.12=100|2020.12=100|2024.12=100|2025.12=100,「생산자물가조사」,한국은행  한국은행 물가통계팀,02-759-4437,"1) 금월지수는 잠정치이며, 익월지수 공표시 확정됨 || 2) 2010년 이후 가중치는 매년 변경되며, 2026년 적용되는 가중치를 표기하였음 || * 생산자물가지수는 총지수의 추정을 위해 표본설계되어 있으므로 최하위 분류단위인 품목별 지수는 통계적 유의성이 떨어질 수 있음"
301,1966003,DT_404Y017,생산자물가지수-총지수(1910~1964),"Producer Price Index(All, 1910~1964)",한국은행 > 생산자물가조사(2020=100) > 생산자물가지수-총지수(1910~1964),2024-05-14,월|분기|년,,,0,1,1,생산자물가지수-총지수(1910~1964),항목,,「생산자물가조사」,한국은행  한국은행 물가통계팀,02-759-4437,"주1) : 생산자 물가지수중 1910년 부터 1964년 까지의 총지수 시계열 || 주2) : 1945년 7월, 1950년 7월에서 11월, 1951년 1월에서 3월에는 사회적 혼란으로 가격조사가 이루어지지 않아 월지수, 동기간이 포함된 분기지수 및 년지수가 없음"
301,1966003,DT_405Y007,총산출물가지수,Total Output Price Indices (2020=100),한국은행 > 생산자물가조사(2020=100) > 총산출물가지수,2026-09-14,월|분기|년,,,0,1,64,총산출물가지수|총지수|농림수산품국내출하|광산품국내출하|음식료품국내출하|섬유및가죽제품국내출하|목재및종이제품국내출하|석탄및석유제품국내출하|화학제품국내출하|비금속광물제품국내출하|1차금속제품국내출하|금속가공제품국내출하|컴퓨터전자및광학기기국내출하|전기장비국내출하|기계및장비국내출하|운송장비국내출하|기타제조업제품국내출하|공산품국내출하|전력가스및증기|운송서비스|총지수국내출하|농림수산품수출|음식료품수출|섬유및가죽제품수출|목재및종이제품수출|석탄및석유제품수출|화학제품수출|비금속광물제품수출|1차금속제품수출|금속가공제품수출|컴퓨터전자및광학기기수출|전기장비수출|기계및장비수출|운송장비수출|기타제조업제품수출|공산품수출|수도폐기물처리및재활용서비스|음식점및숙박서비스|총지수수출|농림수산품|음식료품|정보통신및방송서비스|광산품|섬유및가죽제품|금융및보험서비스|목재및종이제품|공산품|부동산서비스|석탄및석유제품|전력가스수도및폐기물|전문과학및기술서비스|화학제품|사업지원서비스|서비스|비금속광물제품|교육서비스|1차금속제품|예술스포츠및여가관련서비스|금속가공제품|기타서비스|컴퓨터전자및광학기기|전기장비|기계및장비|운송장비|기타제조업제품,항목|계정코드별,,「생산자물가조사」,한국은행  한국은행 물가통계팀,02-759-4437,"1) 금월지수는 잠정치이며, 익월지수 공표시 확정됨 || 2) 2010년 이후 가중치는 매년 변경되며, 2026년 적용되는 가중치를 표기하였음."
301,1998023,DT_511Y003,"기대인플레이션율(전국, 월)",Consumer Tendency Survey(Expected Inflation)(National),"한국은행 > 소비자동향조사 > 기대인플레이션율(전국, 월)",2026-09-13,월,,,0,1,61,기대인플레이션율(전국 월)|물가인식(지난 1년)|구성비|＜ 0%|구성비(~2008.3월)|-0.5~1.5%|＜0%|0-1%|향후1년 기대인플레이션율|1.5~2.5%|구성비(2008.4월~2012.12월)|1.5~2.0%|0~1%|1-2%|2.5~3.5%|2.0~2.5%|구성비(2013.1월~)|1~2%|3년후 기대인플레이션율|2-3%|3.5~4.5%|2.5~3.0%|2~3%|5년후 기대인플레이션율|3-4%|4.5~5.5%|3.0~3.5%|3~4%|4-5%|5.5~8%|3.5~4.0%|4~5%|5-6%|4.0~4.5%|5~6%|＞ 6%|＞6%|모르겠다|5.5~8.0%,항목|CSI코드별,,「소비자동향조사」,한국은행 경제통계1국 경제심리조사팀,02-759-5678,"물가인식 (지난 1년) : 지난 1년간 소비자물가상승률에 대한 인식(%), 2013.1월부터 신규 조사 || 향후1년 기대인플레이션율: 향후 1년간 소비자물가상승률 전망 || 3년후 기대인플레이션율: 24개월 ~ 36개월 후 소비자물가상승률 전망 || 5년후 기대인플레이션율: 48개월 ~ 60개월 후 소비자물가상승률 전망 || *3년후 및 5년후 기대인플레이션율의 2023년 7월 ~ 2024년 9월 수치는 시험조사 결과 || **2013년 이후 기대인플레이션율은 물가전망 참고지표 미제시 등 조사방식 변경 등으로 ’12.12월이전 자료와 직접 비교는 곤란"
301,1998023,DT_511Y001,"소비자동향조사(전국, 분기, 1995.3/4~2008.2/4)","Consumer Survey Index(BOK, National)(Quarterly)(1995.3/4~2008.2/4)","한국은행 > 소비자동향조사 > 소비자동향조사(전국, 분기, 1995.3/4~2008.2/4)",2022-06-09,분기,,,0,1,59,소비자동향조사(전국 분기 1995.3/4~2008.2/4)|판단|현재생활형편CSI|생활형편전망CSI|내구재지출전망CSI|현재경기판단CSI|경제전망조사|향후경기전망CSI|소비지출전망CSI|의류비지출전망CSI|취업기회전망CSI|소비지출전망조사|부동산구매계획CSI|교육비지출전망CSI|물가수준전망CSI|가계수입전망CSI|승용차구매계획CSI|외식비지출전망CSI|금리수준전망CSI|항목별 소비지출전망조사|교양・오락・문화비지출전망CSI|국내・해외여행비지출전망CSI|소비자심리지수|의료・보건비지출전망CSI|교통・통신비지출전망CSI|전체|남자|30 세미만|초졸이하|봉급생활자|100 만원미만|자가|보유|서울특별시|성별|여자|30-40 세|중졸|자영업자|100-200 만원|임차|미보유|6 대광역시|연령별|40-50 세|고졸|기타|200-300 만원|기타도시|50-60 세|학력별|전문대졸|300 만원이상|60 세이상|대졸이상|직업별|소득수준별|주거상황별|승용차|거주지역별,항목|CSI코드별|CSI분류코드별,,「소비자동향조사」,한국은행 경제통계1국 경제심리조사팀,02-759-5678,"CSI =[(매우 좋아짐×1.0＋약간 좋아짐×0.5－약간 나빠짐×0.5－매우 나빠짐×1.0)/전체 응답 소비자수×100]＋100 || 소비자심리지수 = 소비자의 심리에 대한 종합적인 판단에 유용한 중요지수 6개(현재생활형편, 현재경기판단 등)을 || 표준화하여 합성한 지수"
301,1998023,DT_511Y002,"소비자동향조사(전국, 월, 2008.9~)","Consumer Tendency Survey(BOK, National)(Monthly)(2008.9~)","한국은행 > 소비자동향조사 > 소비자동향조사(전국, 월, 2008.9~)",2026-09-13,월,,,0,1,65,소비자동향조사(전국 월 2008.9~)|경제인식조사|현재생활형편CSI|생활형편전망CSI|가계수입전망CSI|내구재 지출전망CSI|현재가계저축CSI|주택·상가가치전망CSI|물가수준전망(1년후)CSI|현재경기판단CSI|경제전망조사|향후경기전망CSI|소비지출전망CSI|의류비 지출전망CSI|가계저축전망CSI|토지·임야가치전망CSI|주택가격전망CSI|취업기회전망CSI|소비지출전망조사|항목별 소비지출전망조사|외식비 지출전망CSI|현재가계부채CSI|금융저축가치전망CSI|임금수준전망CSI|금리수준전망CSI|여행비 지출전망CSI|가계저축 및 부채조사|가계부채전망CSI|주식가치전망CSI|물가수준전망(6개월후)CSI(~2012.12월)|교육비 지출전망CSI|물가전망조사|의료·보건비 지출전망CSI|자산가치전망조사(~2012.12월)|교양·오락·문화생활비 지출전망CSI|소비자심리지수|교통비 및 통신비 지출전망CSI|주거비 지출전망CSI|전체|성별|남자|40세미만|봉급생활자|100만원미만|자가|서울|여자|연령별|40-50세|자영업자|100-200만원|임차 등|6대광역시|50-60세|직업별|기타|200-300만원|기타도시|60-70세|소득수준별|300-400만원|70세이상|400-500만원|주거상황별|500만원이상|거주지역별,항목|CSI코드별|CSI분류코드별,,「소비자동향조사」,한국은행 경제통계1국 경제심리조사팀,02-759-5678,"① 계층별 소비자동향지수는 동일 지수, 동일 계층 내 시계열 추이 분석편의*를 위해 제공 || * 예시) 현재생활형편CSI 중 100만원 미만 소득계층의 지수가 그동안 어떻게 변해왔는지 분석 || ② 다만, 각 계층별 표본수 및 시계열 변동성에 차이가 있기 때문에 지수 수준 및 변동폭을 계층간에 단순 비교·평가시 주의할 필요 || - 표본 개편 시점(2013.1월, 2018.9월, 2022.7월) 전후의 지수를 비교할 때에는 표본개편으로 인한 표본내 계층별 구성비중 및 응답성향 변화로 인한 신·구 표본의 지수 수준에 다소 차이가 있으므로 이용에 유의할 필요 || - 소비자동향지수(CSI) = [(매우 좋아짐×1.0＋약간 좋아짐×0.5＋비슷함×0.0－약간 나빠짐×0.5－매우 나빠짐×1.0)/전체 응답 가구수×100]＋100 || * ""현재""는 6개월 전과 비교한 현재, ""전망""은 현재와 비교한 6개월 후에 대한 소비자들의 판단을 조사한 결과 || ** 다만, 물가수준, 주택가격, 임금수준 전망은 각각 향후 1년 후에 대한 소비자들의 판단을 조사한 결과 || - 소비자심리지수(CCSI) = 주요 개별지수(현재생활형편 등 6개)를 표준하여 합성한 지수로, 경제상황에 대한 종합적인 소비자심리지표임"
301,1998023,DT_511Y004,"소비자동향조사(지역, 월)","Consumer Tendency Survey(BOK, Regional)(Monthly)","한국은행 > 소비자동향조사 > 소비자동향조사(지역, 월)",2026-09-13,월,,,0,1,49,소비자동향조사(지역 월)|경제인식조사|현재생활형편CSI|생활형편전망CSI|가계수입전망CSI|내구재 지출전망CSI|현재가계저축CSI|주택·상가가치전망CSI|물가수준전망CSI|현재경기판단CSI|경제전망조사|향후경기전망CSI|소비지출전망CSI|의류비 지출전망CSI|가계저축전망CSI|토지·임야가치전망CSI|주택가격전망CSI|취업기회전망CSI|소비지출전망조사|항목별 소비지출전망조사|외식비 지출전망CSI|현재가계부채CSI|금융저축가치전망CSI|임금수준전망CSI|금리수준전망CSI|여행비 지출전망CSI|가계저축 및 부채조사|가계부채전망CSI|주식가치전망CSI|교육비 지출전망CSI|물가전망조사|의료·보건비 지출전망CSI|자산가치전망조사(~2012.12월)|교양·오락·문화생활비 지출전망CSI|소비자심리지수|교통 및 통신비 지출전망CSI|주거비 지출전망CSI|부산|대구경북|인천|광주전남|대전세종충남|울산|경기|강원|충북|전북|경남|제주|강릉,항목|CSI코드별|담당부서별,,「소비자동향조사」,한국은행 경제통계1국 경제심리조사팀,02-759-5678,"- 무응답 가중치 반영 등 일부 산출방식 개선 등으로 과거 시계열(2008.7월~2012.12월) 수정 || - 물가수준전망CSI : 1년후 물가수준 전망임(2012.12월이전은 6개월후 전망) || - 강릉의 경우 속초시, 동해시, 태백시, 삼척시, 고성군, 양양군, 정선군, 영월군, 평창군 포함"
301,2006012,DT_605Y012,금융공동망,Other Payment Systems,한국은행 > 지급결제통계 > 금융공동망,2026-09-13,월|분기|년,,,0,1,9,금융공동망|타행환공동망|현금자동인출기(CD)공동망|전자금융공동망|직불카드공동망|자금관리서비스(CMS)공동망|지방은행공동망|오픈뱅킹공동망|처리건수|처리금액,항목|계정항목별|금액구분코드별,천건|십억원,「지급결제통계」,한국은행 금융결제국 한국은행 결제인프라안정팀,02-750-6548,
301,2006012,DT_601Y003,신용카드,Credit Cards,한국은행 > 지급결제통계 > 신용카드,2026-09-13,월|분기|년,,,0,1,18,신용카드|전체 이용건수|개인 이용건수|개인 일반구매 이용건수|개인 이용금액|개인 일반구매 이용금액|개인 신용카드 발급장수|개인 할부구매 이용건수|법인 이용건수|전체 이용금액|개인 할부구매 이용금액|법인 이용금액|법인 신용카드 발급장수|개인 현금서비스 이용건수|개인 현금서비스 이용금액|전체 신용카드 발급장수|합계|은행계|비은행계,항목|계정항목별|금융기관 유형코드별,천건|백만원|천장,「지급결제통계」,한국은행 금융결제국 한국은행 결제인프라안정팀,02-750-6548,1) 2007년중 발급장수가 감소한 것은 일부 카드사에서 실적이 없는 카드를 통계에서 일괄적으로 제외한 데 기인 || 2) 일부 카드사들이 2017.9월 ~ 2021.4월 중 해외 체크카드 사용실적을 해외 신용카드 사용 실적에 중복 집계한 사실을 통보해옴에 따라 해당 카드사들로부터 수정된 카드사용 통계를 제출받아 수정 반영
301,2006012,DT_801Y002,어음교환 및 부도,Check Clearing System,한국은행 > 지급결제통계 > 어음교환 및 부도,2026-09-13,월|분기|년,,,0,1,16,어음교환 및 부도|교환|교환장수전국|어음부도율-장수전국|교환금액전국|1장당평균금액전국|어음부도율(금액기준 전자결제분제외)|어음부도율(금액기준 전자결제분제외 P-CBO 기술적부도제외)|1일평균교환|1일평균교환장수전국|부도|어음부도율(금액기준 전자결제분포함)|1일평균교환금액전국|어음부도율|부도장수전국|부도업체수|부도금액전국,항목|계정항목별,천장|%|십억원|천원|개,「지급결제통계」,한국은행 금융결제국 한국은행 결제인프라안정팀,02-750-6548,1. 전자결제조정전(2009년 1월부터 전자어음 포함) || 2. 신용보증기금 P-CBO 기초자산 채권의 만기차환 과정에서 발생하는 기술적 부도를 제외한 보조지표(2022년 1월~)를 2023년 7월부터 신규 공표 || 3. 2024년 11월부터는 P-CBO 기술적 부도를 제외한 보조지표 편제시 신용보증기금 외에 기술보증기금과 중소벤처기업진흥공단의 P-CBO 기술적 부도도 제외하여 공표 || 4. 전자결제분 포함 어음부도율은 어음교환 금액 감소 및 전자결제 금액 증가로 통계로서의 의미가 축소되어 2024년 1월부터 공표 중단 || 자료 : 금융결제원
301,2006012,DT_604Y003,지로시스템,Bank Giro,한국은행 > 지급결제통계 > 지로시스템,2026-09-13,월|분기|년,,,0,1,6,지로시스템|은행지로|일반계좌이체|자동계좌이체|대량지급|처리건수|처리금액,항목|계정항목별|금액구분코드별,천건|십억원,「지급결제통계」,한국은행 금융결제국 한국은행 결제인프라안정팀,02-750-6548,
301,2006012,DT_801Y003,지역별 어음부도율,Dishonored Ratios by Province,한국은행 > 지급결제통계 > 지역별 어음부도율,2026-09-13,월|분기|년,,,0,1,21,지역별 어음부도율|전국|전남|서울|광주|부산|대구|인천|전남광주|대전|울산|경기|강원|충북|충남|전북|경북|경남|제주|세종|전국(전자결제조정후)|서울(전자결제조정후),항목|계정항목별,,「지급결제통계」,한국은행 금융결제국 한국은행 결제인프라안정팀,02-750-6548,1. 전자결제조정전(2009년 1월부터 전자어음 포함) || 2. 전자결제분 포함 어음부도율은 어음교환 금액 감소 및 전자결제 금액 증가로 통계로서의 의미가 축소되어 2024년 1월부터 공표 중단 || 자료 : 금융결제원
301,2006012,DT_606Y002,한은금융망,BOK-Wire,한국은행 > 지급결제통계 > 한은금융망,2026-09-13,월|분기|년,,,0,1,10,한은금융망|원화자금이체|자금이체(총액+차액)|총액결제|차액결제|국고금수급|외화자금이체(백만달러)|한국은행대출|국공채거래|처리건수|처리금액,항목|계정항목별|금액구분코드별,건|십억원,「지급결제통계」,한국은행 금융결제국 한국은행 결제인프라안정팀,02-750-6548,
301,1976018,DT_301Y017,경상수지(계절조정),Current Account(S.A.),한국은행 > 국제수지통계 > 국제수지 > 경상수지(계절조정),2026-09-13,월,,,0,1,19,경상수지(계절조정)|경상수지|상품수지|상품수출|서비스수입|운송수입|여행수입|본원소득수입|이전소득수입|상품수입(FOB)|서비스수지|서비스지급|운송지급|여행지급|본원소득지급|이전소득지급|본원소득수지|운송수지|이전소득수지|여행수지,항목|계정코드별,,「국제수지통계」,한국은행  한국은행 국제수지팀,02-759-4417,- 신규 산출된 계절조정지수를 반영하여 과거 시계열이 매년 2월중 정례 수정
301,1976018,DT_301Y013,국제수지,Balance of Payments,한국은행 > 국제수지통계 > 국제수지 > 국제수지,2026-09-13,월|분기|년,,,0,1,289,국제수지|경상수지|상품수지|상품수출|일반상품수출(FOB)|비화폐용금수출(FOB)|서비스수입|가공서비스수입|운송수입|여객운임수입|여객운임지급|여행수입|유학연수수입|유학연수지급|건설수입|보험서비스수입|직접보험서비스수입|재보험서비스수입|보험보조서비스수입|금융서비스수입|명시적수수료및기타금융서비스수입|명시적수수료및기타금융서비스지급|통신컴퓨터정보서비스수입|통신서비스수입|통신서비스지급|지식재산권사용료수입|유지보수서비스수입|기타사업서비스수입|연구개발서비스수입|전문.경영컨설팅서비스수입|기술무역기타사업서비스수입|개인문화여가서비스수입|음향영상 및 관련서비스수입|음향영상 및 관련서비스지급|정부서비스수입|본원소득수입|급료및임금수입|투자소득수입|투자소득배당수입|투자소득배당지급|직접투자소득수입|직접투자배당수입|직접투자일반배당수입|직접투자배당지급|직접투자일반배당지급|증권투자소득수입|증권투자배당수입|증권투자배당지급|기타투자소득수입|이전소득수입|일반정부이전소득수입|기타부문이전소득수입|개인이전소득수입|개인이전소득지급|자본이전|자본이전 수입|비생산비금융자산 수입|직접투자|직접투자(자산)|주식(자산)|주식(부채)|증권투자(자산)|중앙은행|기타금융기관|장기증권(자산)|[부문별]|장기증권(부채)|[형태별]|선도형|기타투자(자산)|무역신용(자산)|장기무역신용(자산)|장기대출|무역신용(부채)|장기무역신용(부채)|장기차입|상품수입(FOB)|일반상품수입(FOB)|비화폐용금수입(FOB)|서비스수지|서비스지급|가공서비스지급|화물운임수입|운송지급|화물운임지급|일반여행수입|여행지급|일반여행지급|건설지급|보험서비스지급|직접보험서비스지급|재보험서비스지급|보험보조서비스지급|금융중개서비스수입|금융서비스지급|금융중개서비스지급|컴퓨터서비스수입|통신컴퓨터정보서비스지급|컴퓨터서비스지급|지식재산권사용료지급|유지보수서비스지급|기타사업서비스지급|연구개발서비스지급|전문.경영컨설팅서비스지급|기술무역기타사업서비스지급|기타개인문화여가서비스수입|개인문화여가서비스지급|기타개인문화여가서비스지급|정부서비스지급|본원소득지급|급료및임금지급|투자소득이자수입|투자소득지급|투자소득이자지급|재투자수익수입|직접투자이자수입|직접투자소득지급|재투자수익지급|직접투자이자지급|증권투자이자수입|증권투자소득지급|증권투자이자지급|기타투자소득지급|이전소득지급|일반정부이전소득지급|기타경상이전소득수입|기타부문이전소득지급|기타경상이전소득지급|자본수지|자본이전 지급|비생산비금융자산|비생산비금융자산 지급|수익재투자(자산)|직접투자(부채)|수익재투자(부채)|증권투자|일반정부|비금융기업등|부채성증권(자산)|단기증권(자산)|증권투자(부채)|부채성증권(부채)|단기증권(부채)|옵션형|단기무역신용(자산)|대출|단기대출|기타투자(부채)|단기무역신용(부채)|차입|단기차입|일반상품수지|가공서비스수지|기타운송수입|기타운송지급|직접보험서비스수지|정보서비스수입|정보서비스지급|연구개발서비스수지|본원소득수지|급료및임금수지|직접투자소득수지|일반정부이전소득수지|금융계정|채무상품(자산)|채무상품(부채)|예금취급기관|파생금융상품(순자산)|현금및예금(자산)|현금및예금(부채)|중계무역순수출|운송수지|재보험서비스수지|전문.경영컨설팅서비스수지|투자소득수지|증권투자소득수지|이전소득수지|기타부문이전소득수지|기타부문|기타투자|기타자산|기타부채|오차및누락|비화폐용금수지|여행수지|보험보조서비스수지|기술무역기타사업서비스수지|기타투자소득수지|기타지분(자산)|기타지분(부채)|준비자산|건설수지|특별인출권|보험서비스수지|금융서비스수지|통신컴퓨터정보서비스수지|지식재산권사용료수지|유지보수서비스수지|기타사업서비스수지|개인문화여가서비스수지|정부서비스수지,항목|계정코드별,,「국제수지통계」,한국은행  한국은행 국제수지팀,02-759-4417,"- 금융계정은 순자산 기준, 자산·부채 증가는 (+), 자산·부채 감소는 (-) || - 월별 잠정통계는 매익익월초, 확정통계는 통상 익익년도 2월중 공표 || - 2019.2월 국제수지 일부 항목에 대한 개편으로 과거 시계열(1980.1월~2018.11월) 수정 || - 2026.2월 국제수지 일부 항목에 대한 개편으로 과거 시계열(2020.1월~2025.11월) 수정"
301,1976018,DT_301Y014,서비스무역세분류통계,EBOPS,한국은행 > 국제수지통계 > 국제수지 > 서비스무역세분류통계,2026-09-13,월|분기|년,,,0,1,146,서비스무역세분류통계|서비스수지|서비스수입|가공서비스수입|유지보수서비스수입|운송수입|해상운송수입|해상운송여객수입|해상운송여객지급|항공운송수입|항공운송여객수입|항공운송여객지급|우편및상업송달서비스수입|여행수입|유학연수수입|유학연수지급|건설수입|보험서비스수입|직접보험서비스수입|재보험서비스수입|보험보조서비스수입|금융서비스수입|명시적수수료 및 기타금융서비스수입|명시적수수료 및 기타금융서비스지급|지식재산권사용료수입|프랜차이즈 및 상표권사용료수입|프랜차이즈 및 상표권사용료지급|통신.컴퓨터.정보서비스수입|통신서비스수입|컴퓨터서비스수입|컴퓨터소프트웨어서비스수입|컴퓨터소프트웨어서비스지급|정보서비스수입|기타사업서비스수입|연구개발서비스수입|연구개발서비스제공수입|R＆D로 창출된 지식재산권매매수입|전문.경영컨설팅서비스수입|법률.회계.경영컨설팅 및 PR서비스수입|법률서비스수입|법률서비스지급|광고시장조사 및 여론조사서비스수입|기술무역기타사업서비스수입|건축엔지니어링과학 및 기타 기술서비스수입|폐기물처리정화농업 및 광업서비스수입|운용리스서비스수입|무역관련서비스수입|개인문화여가 서비스수입|음향영상 및 관련서비스수입|기타개인문화여가서비스수입|정부서비스수입|서비스지급|가공서비스지급|유지보수서비스지급|운송지급|해상운송화물수입|해상운송지급|해상운송화물지급|항공운송화물수입|항공운송 지급|항공운송화물지급|우편및상업송달서비스지급|여행지급|일반여행수입|일반여행지급|건설지급|보험서비스지급|직접보험서비스지급|재보험서비스지급|보험보조서비스지급|금융중개서비스수입|금융서비스지급|금융중개서비스지급|R＆D로 창출된 지식재산권사용료수입|지식재산권사용료지급|R＆D로 창출된 지식재산권사용료지급|통신.컴퓨터.정보서비스지급|통신서비스지급|기타컴퓨터서비스수입|컴퓨터서비스지급|기타컴퓨터서비스지급|정보서비스지급|기타사업서비스지급|연구개발서비스지급|연구개발서비스제공지급|R＆D로 창출된 지식재산권매매지급|전문.경영컨설팅서비스지급|회계감사부기 및 세무컨설팅서비스수입|법률.회계.경영컨설팅 및 PR서비스지급|회계감사부기 및 세무컨설팅서비스지급|광고시장조사 및 여론조사서비스지급|기술무역기타사업서비스지급|건축엔지니어링과학 및 기타 기술서비스지급|폐기물처리정화농업 및 광업서비스지급|운용리스서비스지급|무역관련서비스지급|개인문화여가 서비스지급|음향영상 및 관련서비스지급|기타개인문화여가서비스지급|정부서비스지급|가공서비스수지|해상운송수지|해상운송기타수입|해상운송기타지급|항공운송기타수입|항공운송기타지급|직접보험서비스수지|컴퓨터소프트웨어 복제 및 배포권 사용료수입|컴퓨터소프트웨어 복제 및 배포권 사용료지급|통신서비스수지|연구개발서비스수지|연구개발서비스제공수지|법률.회계.경영컨설팅 및 PR서비스수지|사업.경영컨설팅 및 PR서비스수입|사업.경영컨설팅 및 PR서비스지급|건축엔지니어링과학 및 기타 기술서비스수지|음향영상 및 관련서비스수지|유지보수서비스수지|항공운송수지|재보험서비스수지|음향영상 및 관련 지식재산권복제 및 배포권 사용료수입|음향영상 및 관련 지식재산권복제 및 배포권 사용료지급|컴퓨터서비스수지|R＆D로 창출된 지식재산권매매수지|전문.경영컨설팅서비스수지|광고시장조사 및 여론조사서비스수지|폐기물처리정화농업 및 광업서비스수지|기타개인문화여가서비스수지|운송수지|우편및상업송달서비스수지|보험보조서비스수지|정보서비스수지|기술무역기타사업서비스수지|운용리스서비스수지|여행수지|무역관련서비스수지|건설수지|기타사업서비스수지|보험서비스수지|금융서비스수지|지식재산권사용료수지|통신.컴퓨터.정보서비스수지|개인문화여가 서비스수지|정부서비스수지,항목|계정코드별,,「국제수지통계」,한국은행  한국은행 국제수지팀,02-759-4417,"- 월별 잠정통계는 매익익월초, 확정통계는 통상 익익년도 2월중 공표 || - 2019.2월 국제수지 일부 항목에 대한 개편으로 과거 시계열(2006.1월~2018.11월) 수정"
301,1976018,DT_301Y015,지역별 경상수지,Regional Current Account,한국은행 > 국제수지통계 > 지역별 국제수지 > 지역별 경상수지,2026-09-13,년,,,0,1,65,지역별 경상수지|경상수지|상품수지|수출|서비스수입|가공서비스수입|운송수입|여행수입|보험서비스수입|지식재산권사용료수입|통신컴퓨터정보서비스수입|기타사업서비스수입|정부서비스수입|기타서비스수입|본원소득수입|급료및임금수입|투자소득수입|투자소득배당수입|투자소득배당지급|이전소득수입|일반정부이전소득수입|기타부문이전소득수입|수입(FOB)|서비스수지|서비스지급|가공서비스지급|운송지급|여행지급|보험서비스지급|지식재산권사용료지급|통신컴퓨터정보서비스지급|기타사업서비스지급|정부서비스지급|기타서비스지급|본원소득지급|급료및임금지급|투자소득이자수입|투자소득지급|투자소득이자지급|이전소득지급|일반정부이전소득지급|기타부문이전소득지급|가공서비스수지|본원소득수지|급료및임금수지|일반정부이전소득수지|운송수지|투자소득수지|이전소득수지|기타부문이전소득수지|여행수지|보험서비스수지|지식재산권사용료수지|통신컴퓨터정보서비스수지|기타사업서비스수지|정부서비스수지|기타서비스수지|총계|미국|중국|일본|EU|동남아|중동|중남미|기타,항목|계정코드별|지역코드별,,「국제수지통계」,한국은행  한국은행 국제수지팀,02-759-4417,"- 연간 잠정통계는 익년도 상반기중, 연간 확정통계는 익익년도 2월중 공표 || - 2019.2월 국제수지 일부 항목에 대한 개편으로 과거 시계열(1998년~2017년) 수정 || - 영국의 EU 탈퇴를 반영하여 2020년부터 EU에서 영국을 제외"
301,1976018,DT_301Y016,지역별 자본수지/금융계정,Regional Capital & Financial Account,한국은행 > 국제수지통계 > 지역별 국제수지 > 지역별 자본수지/금융계정,2026-09-13,년,,,0,1,25,지역별 자본수지/금융계정|직접투자|직접투자(자산)|증권투자(자산)|주식(자산)|주식(부채)|기타투자(자산)|자본수지|금융계정|직접투자(부채)|증권투자|부채성증권(자산)|증권투자(부채)|부채성증권(부채)|기타투자(부채)|파생금융상품(순자산)|기타투자|총계|미국|중국|일본|EU|동남아|중동|중남미|기타,항목|계정코드별|지역코드별,,「국제수지통계」,한국은행  한국은행 국제수지팀,02-759-4417,"- 순자산 기준, 자산·부채 증가는 (+), 자산·부채 감소는 (-) || - 연간 잠정통계는 익년도 상반기중, 연간 확정통계는 익익년도 2월중 공표 || - 2019.2월 국제수지 일부 항목에 대한 개편으로 과거 시계열(2006년~2017년) 수정 || - 금융계정 일부 항목의 과거 시계열이 수정 || - 영국의 EU 탈퇴를 반영하여 2020년부터 EU에서 영국을 제외"
301,1991004,DT_512Y013,기업경기조사(실적),National Tendency,한국은행 > 기업경기조사 > 기업경기조사 > 기업경기조사(실적),2026-09-13,월,,,0,1,27,기업경기조사(실적)|전 산 업|제 조 업|대 기 업|서비스업|중소기업|비제조업|중화학공업|경 공 업|수출기업|내수기업|기업심리지수실적|기업심리지수실적(S.A)|업황실적BSI 1)|매출실적BSI 2)|수출실적BSI 2)|내수판매실적BSI 2)|생산실적BSI 2)|신규수주실적BSI 2)|제품재고실적BSI 3)|가동률실적BSI 4)|생산설비실적BSI 3)|설비투자실적BSI 5)|채산성실적BSI 6)|원자재구입가격실적BSI 4)|제품판매가격실적BSI 4)|자금사정실적BSI 6)|인력사정실적BSI 3),항목|업종코드별|BSI코드별,,「기업경기조사」,한국은행  경제통계1국 경제심리조사팀,02-759-5650,"- 기업심리지수 || 지수 = 주요 개별지수(제조업 5개, 비제조업 4개)를 표준하여 합성한 지수로, 기업들의 심리를 종합적으로 판단하기 위한 지수임 || - 기업심리지수(S.A.) || 기업심리지수 계절조정 계열로, 주기적으로 계절성 검토 후 계절성이 나타나는 계열에 대해서 공표 || 1) 업황 || 지수 = 기준값(100) + 「좋음」 응답업체 구성비(%) - 「나쁨」 응답없체 구성비(%) || 2) 매출, 수출, 내수판매, 생산, 신규수주 || 지수 = 기준값(100) + 「확대」 응답업체 구성비(%) - 「둔화」 응답없체 구성비(%) || 3) 제품재고수준, 생산설비수준*, 인력사정 || 지수 = 기준값(100) + 「과잉」 응답업체 구성비(%) - 「부족」 응답없체 구성비(%) || *24.6월부터 생산설비 항목은 조사 중단 || 4) 가동률, 원자재구입가격, 제품판매가격 || 지수 = 기준값(100) + 「상승」 응답업체 구성비(%) - 「하락」 응답없체 구성비(%) || 5) 설비투자실행 || 지수 = 기준값(100) + 「계획대비 수정증액」 응답업체 구성비(%) - 「계획대비 수정감액」 응답없체 구성비(%) || 6) 채산성, 자금사정 || 지수 = 기준값(100) + 「호전」 응답업체 구성비(%) - 「악화」 응답없체 구성비(%)"
301,1991004,DT_512Y014,기업경기조사(전망),National Future Tendency,한국은행 > 기업경기조사 > 기업경기조사 > 기업경기조사(전망),2026-09-13,월,,,0,1,27,기업경기조사(전망)|전 산 업|제 조 업|대 기 업|서비스업|중소기업|비제조업|중화학공업|경 공 업|수출기업|내수기업|기업심리지수전망|기업심리지수전망(S.A)|업황전망BSI 1)|매출전망BSI 2)|수출전망BSI 2)|내수판매전망BSI 2)|생산전망BSI 2)|신규수주전망BSI 2)|제품재고전망BSI 3)|가동률전망BSI 4)|생산설비전망BSI 3)|설비투자전망BSI 5)|채산성전망BSI 6)|원자재구입가격전망BSI 4)|제품판매가격전망BSI 4)|자금사정전망BSI 6)|인력사정전망BSI 3),항목|업종코드별|BSI코드별,,「기업경기조사」,한국은행  경제통계1국 경제심리조사팀,02-759-5650,"기업심리지수(CBSI) || 지수 = 주요 개별지수(제조업 5개, 비제조업 4개)를 표준하여 합성한 지수로, 기업들의 심리를 종합적으로 판단하기 위한 지수임 || * 기업심리지수는 매년 1월 표준화구간 연장에 따라 전체 시계열이 수정됨 || 1) 업황 || 지수 = 기준값(100) + 「좋음」 응답업체 구성비(%) - 「나쁨」 응답없체 구성비(%) || 2) 매출, 수출, 내수판매, 생산, 신규수주 || 지수 = 기준값(100) + 「확대」 응답업체 구성비(%) - 「둔화」 응답없체 구성비(%) || 3) 제품재고수준, 생산설비수준, 인력사정 || 지수 = 기준값(100) + 「과잉」 응답업체 구성비(%) - 「부족」 응답없체 구성비(%) || 4) 가동률, 원자재구입가격, 제품판매가격 || 지수 = 기준값(100) + 「상승」 응답업체 구성비(%) - 「하락」 응답없체 구성비(%) || *24.6월부터 생산설비 항목은 조사 중단 || 5) 설비투자실행 || 지수 = 기준값(100) + 「계획대비 수정증액」 응답업체 구성비(%) - 「계획대비 수정감액」 응답없체 구성비(%) || 6) 채산성, 자금사정 || 지수 = 기준값(100) + 「호전」 응답업체 구성비(%) - 「악화」 응답없체 구성비(%)"
301,1991004,DT_512Y015,기업경기조사(매출액가중 실적),(size weighted)National Tendency,한국은행 > 기업경기조사 > 기업경기조사 > 기업경기조사(매출액가중 실적),2026-09-13,월,,,0,1,18,기업경기조사(매출액가중 실적)|전산업|제조업|비제조업|업황실적BSI|매출실적BSI|수출실적BSI|내수판매실적BSI|생산실적BSI|신규수주실적BSI|제품재고실적BSI|가동률실적BSI|생산설비실적BSI|설비투자실적BSI|채산성실적BSI|원자재구입가격실적BSI|제품판매가격실적BSI|자금사정실적BSI|인력사정실적BSI,항목|업종코드별|BSI코드별,,「기업경기조사」,한국은행  경제통계1국 경제심리조사팀,02-759-5650,
301,1991004,DT_512Y016,기업경기조사(매출액가중 전망),(size weighted)National Future Tendency,한국은행 > 기업경기조사 > 기업경기조사 > 기업경기조사(매출액가중 전망),2026-09-13,월,,,0,1,18,기업경기조사(매출액가중 전망)|전산업|제조업|비제조업|업황전망BSI|매출전망BSI|수출전망BSI|내수판매전망BSI|생산전망BSI|신규수주전망BSI|제품재고전망BSI|가동률전망BSI|생산설비전망BSI|설비투자전망BSI|채산성전망BSI|원자재구입가격전망BSI|제품판매가격전망BSI|자금사정전망BSI|인력사정전망BSI,항목|업종코드별|BSI코드별,,「기업경기조사」,한국은행  경제통계1국 경제심리조사팀,02-759-5650,
301,1991004,DT_512Y017,기업경기실사지수((구)실적(~2012.6)),(discontinued series)National Tendency,한국은행 > 기업경기조사 > 기업경기조사 > 기업경기실사지수((구)실적(~2012.6)),2022-06-09,월,,,0,1,25,기업경기실사지수((구)실적(~2012.6))|전 산 업|제 조 업|대 기 업|중소기업|비제조업|중화학공업|경 공 업|수출기업|내수기업|업황실적1)|업황실적(S.A)|매출실적2)|수출실적2)|내수판매실적2)|생산실적2)|신규수주실적2)|제품재고실적3)|가동률실적4)|생산설비실적3)|설비투자실적5)|채산성실적6)|원자재구입가격실적4)|제품판매가격실적4)|자금사정실적6)|인력사정실적3),항목|업종코드별|BSI코드별,,「기업경기조사」,한국은행  경제통계1국 경제심리조사팀,02-759-5650,
301,1991004,DT_512Y018,기업경기실사지수((구)전망(~2012.7)),(discontinued series)National Future Tendency,한국은행 > 기업경기조사 > 기업경기조사 > 기업경기실사지수((구)전망(~2012.7)),2022-06-09,월,,,0,1,25,기업경기실사지수((구)전망(~2012.7))|전 산 업|제 조 업|대 기 업|중소기업|비제조업|중화학공업|경 공 업|수출기업|내수기업|업황전망1)|업황전망(S.A)|매출전망2)|수출전망2)|내수판매전망2)|생산전망2)|신규수주전망2)|제품재고전망3)|가동률전망4)|생산설비전망3)|설비투자전망5)|채산성전망6)|원자재구입가격전망4)|제품판매가격전망4)|자금사정전망6)|인력사정전망3),항목|업종코드별|BSI코드별,,「기업경기조사」,한국은행  경제통계1국 경제심리조사팀,02-759-5650,
301,1991004,DT_512Y007,"업종별 기업경기실사지수, 2009.8~(실적)",National Tendency(2009.8~),"한국은행 > 기업경기조사 > 업종별 기업경기조사, 2009.8 ~ > 업종별 기업경기실사지수, 2009.8~(실적)",2026-09-13,월,,,0,1,61,업종별 기업경기실사지수 2009.8~(실적)|업황실적BSI 1)|매출실적BSI 2)|수출실적BSI 2)|내수판매실적BSI 2)|생산실적BSI 2)|신규수주실적BSI 2)|제품재고실적BSI 3)|가동률실적BSI 4)|생산설비실적BSI 3)|설비투자실적BSI 5)|채산성실적BSI 6)|원자재구입가격실적BSI 4)|제품판매가격실적BSI 4)|자금사정실적BSI 6)|인력사정실적BSI 3)|전산업|어업|제조업|식료품|광업|음료|비제조업|섬유|전기·가스·증기|의복모피|하수·폐기물 처리원료재생|가죽·가방·신발|건설업|목재·나무|도소매업|펄프·종이|운수창고업|인쇄·기록매체복제|숙박업|석유정제·코크스|정보통신업|화학물질·제품|부동산업|의료물질·의약품|전문·과학·기술|고무·플라스틱|사업시설·사업지원·임대업|비금속 광물|예술·스포츠·여가|1차 금속|서비스업|금속가공|전자·영상·통신장비|의료·정밀기기|전기장비|기타 기계·장비|자동차|조선·기타운수|가구|기타제품 담배|대기업|중소기업|중화학공업|경공업|수출기업|내수기업,항목|BSI코드별|업종코드별,,「기업경기조사」,한국은행  경제통계1국 경제심리조사팀,02-759-5650,"1) 업황 || 지수 = 기준값(100) + 「좋음」 응답업체 구성비(%) - 「나쁨」 응답없체 구성비(%) || 2) 매출, 수출, 내수판매, 생산, 신규수주 || 지수 = 기준값(100) + 「확대」 응답업체 구성비(%) - 「둔화」 응답없체 구성비(%) || 3) 제품재고수준, 생산설비수준, 인력사정 || 지수 = 기준값(100) + 「과잉」 응답업체 구성비(%) - 「부족」 응답없체 구성비(%) || 4) 가동률, 원자재구입가격, 제품판매가격 || 지수 = 기준값(100) + 「상승」 응답업체 구성비(%) - 「하락」 응답없체 구성비(%) || 5) 설비투자실행 || 지수 = 기준값(100) + 「계획대비 수정증액」 응답업체 구성비(%) - 「계획대비 수정감액」 응답없체 구성비(%) || 6) 채산성, 자금사정 || 지수 = 기준값(100) + 「호전」 응답업체 구성비(%) - 「악화」 응답없체 구성비(%) || 7) 2018.4월 이전은 '부동산업 및 임대업'(일반 임대업 포함) || 8) 2018.4월 이전은 '사업시설, 사업지원'(일반 임대업 미포함)"
301,1991004,DT_512Y008,"업종별 기업경기실사지수, 2009.9~(전망)",National Future Tendency(2009.9~),"한국은행 > 기업경기조사 > 업종별 기업경기조사, 2009.8 ~ > 업종별 기업경기실사지수, 2009.9~(전망)",2026-09-13,월,,,0,1,61,업종별 기업경기실사지수 2009.9~(전망)|업황전망BSI 1)|매출전망BSI 2)|수출전망BSI 2)|내수판매전망BSI 2)|생산전망BSI 2)|신규수주전망BSI 2)|제품재고전망BSI 3)|가동률전망BSI 4)|생산설비전망BSI 3)|설비투자전망BSI 5)|채산성전망BSI 6)|원자재구입가격전망BSI 4)|제품판매가격전망BSI 4)|자금사정전망BSI 6)|인력사정전망BSI 3)|전산업|어업|제조업|식료품|광업|음료|비제조업|섬유|전기·가스·증기|의복모피|하수·폐기물 처리원료재생|가죽·가방·신발|건설업|목재·나무|도소매업|펄프·종이|운수창고업|인쇄·기록매체복제|숙박업|석유정제·코크스|정보통신업|화학물질·제품|부동산업|의료물질·의약품|전문·과학·기술|고무·플라스틱|사업시설·사업지원·임대업|비금속 광물|예술·스포츠·여가|1차 금속|서비스업|금속가공|전자·영상·통신장비|의료·정밀기기|전기장비|기타 기계·장비|자동차|조선·기타운수|가구|기타제품 담배|대기업|중소기업|중화학공업|경공업|수출기업|내수기업,항목|BSI코드별|업종코드별,,「기업경기조사」,한국은행  경제통계1국 경제심리조사팀,02-759-5650,"1) 2018.4월 이전은 '부동산업 및 임대업'(일반 임대업 포함) || 2) 2018.4월 이전은 '사업시설, 사업지원'(일반 임대업 미포함)"
301,1991004,DT_512Y001,"업종별 기업경기실사지수, ~2009.8(실적)",National Tendency(2009.8~),"한국은행 > 기업경기조사 > 업종별 기업경기조사, ~2009.8 > 업종별 기업경기실사지수, ~2009.8(실적)",2022-06-09,월|분기,,,0,1,56,업종별 기업경기실사지수 ~2009.8(실적)|전 산 업|어         업|제    조    업|음   식 료 품|광         업|섬         유|비  제  조  업|의 복・모 피|전 기   가 스|가 죽・신 발|건   설    업|목 재・나 무|도   소    매|펄 프・종 이|숙   박    업|출 판・인 쇄|운   수    업|석유정제・코크스|통   신    업|화합・화학제품|부동산・임대업|고무・플라스틱|사업 서비스업|비 금 속 광물|문화・예술서비스|제 1 차 금 속|조 립   금 속|기계 및 장 비|사 무   기 기|전 기   기 계|영상・음향통신장비|의료・정밀기기|자   동    차|조선・기타운수|기 타  제조업|대  기  업|중소  기업|중화학공업|경  공  업|수출  기업|내수  기업|업황실적1)|매출실적2)|수출실적2)|내수판매실적2)|생산실적2)|신규수주실적2)|제품재고실적3)|가동률실적4)|생산설비실적3)|설비투자실적5)|채산성실적6)|원자재구입가격실적4)|제품판매가격실적4)|자금사정실적6)|인력사정실적3),항목|업종코드별|BSI코드별,,「기업경기조사」,한국은행  경제통계1국 경제심리조사팀,02-759-5650,"1) 업황 || 지수 = 기준값(100) + 「좋음」 응답업체 구성비(%) - 「나쁨」 응답없체 구성비(%) || 2) 매출, 수출, 내수판매, 생산, 신규수주 || 지수 = 기준값(100) + 「확대」 응답업체 구성비(%) - 「둔화」 응답없체 구성비(%) || 3) 제품재고수준, 생산설비수준, 인력사정 || 지수 = 기준값(100) + 「과잉」 응답업체 구성비(%) - 「부족」 응답없체 구성비(%) || 4) 가동률, 원자재구입가격, 제품판매가격 || 지수 = 기준값(100) + 「상승」 응답업체 구성비(%) - 「하락」 응답없체 구성비(%) || 5) 설비투자실행 || 지수 = 기준값(100) + 「계획대비 수정증액」 응답업체 구성비(%) - 「계획대비 수정감액」 응답없체 구성비(%) || 6) 채산성, 자금사정 || 지수 = 기준값(100) + 「호전」 응답업체 구성비(%) - 「악화」 응답없체 구성비(%)"
301,1991004,DT_512Y002,"업종별 기업경기실사지수, ~2009.8(전망)",National Future Tendency(2009.9~),"한국은행 > 기업경기조사 > 업종별 기업경기조사, ~2009.8 > 업종별 기업경기실사지수, ~2009.8(전망)",2022-06-09,월|분기,,,0,1,56,업종별 기업경기실사지수 ~2009.8(전망)|전 산 업|어         업|제    조    업|음   식 료 품|광         업|섬         유|비  제  조  업|의 복・모 피|전 기   가 스|가 죽・신 발|건   설    업|목 재・나 무|도   소    매|펄 프・종 이|숙   박    업|출 판・인 쇄|운   수    업|석유정제・코크스|통   신    업|화합・화학제품|부동산・임대업|고무・플라스틱|사업 서비스업|비 금 속 광물|문화・예술서비스|제 1 차 금 속|조 립   금 속|기계 및 장 비|사 무   기 기|전 기   기 계|영상・음향통신장비|의료・정밀기기|자   동    차|조선・기타운수|기 타  제조업|대  기  업|중소  기업|중화학공업|경  공  업|수출  기업|내수  기업|업황전망1)|매출전망2)|수출전망2)|내수판매전망2)|생산전망2)|신규수주전망2)|제품재고전망3)|가동률전망4)|생산설비전망3)|설비투자전망5)|채산성전망6)|원자재구입가격전망4)|제품판매가격전망4)|자금사정전망6)|인력사정전망3),항목|업종코드별|BSI코드별,,「기업경기조사」,한국은행  경제통계1국 경제심리조사팀,02-759-5650,
301,1991004,DT_512Y021,경영애로사항,operational difficulties,한국은행 > 기업경기조사 > 경영애로사항 > 경영애로사항,2026-09-13,월,,,0,1,16,경영애로사항|제조업|비제조업|수출부진|내수부진|인력난 인건비상승|노사분규|생산설비노후|자금부족|경쟁심화|불확실한 경제상황|원자재 가격상승|정부규제|환율|비수기 등 계절적요인|기타|없음,항목|업종코드별|경영애로사항코드별,,「기업경기조사」,한국은행  경제통계1국 경제심리조사팀,02-759-5650,설문 조사 항목 변경으로 2004.8월 이전의 환율 및 비수기 등 계절적 요인 항목 공란 처리 || - 2004.8월 전후의 지수를 단순 비교·평가시 주의할 필요
301,1991004,DT_512Y019,지역별 기업경기조사(실적(2013.1~)),Tendency(Regional)(2013.1~),한국은행 > 기업경기조사 > 지역별 기업경기조사 > 지역별 기업경기조사(실적(2013.1~)),2026-09-13,월,,,0,1,45,지역별 기업경기조사(실적(2013.1~))|제조업|제조업 기업심리지수실적|비제조업 기업심리지수실적|제조업 업황BSI|비제조업|비제조업 업황BSI|제조업 매출BSI|비제조업 매출BSI|제조업 생산BSI|비제조업 채산성BSI|제조업 신규수주BSI|비제조업 인력사정BSI|제조업 채산성BSI|비제조업 자금사정BSI|제조업 제품판매가격BSI|제조업 제품재고BSI|제조업 생산설비BSI|제조업 설비투자BSI|제조업 인력사정BSI|제조업 가동률BSI|제조업 내수판매BSI|제조업 수출BSI|제조업 원자재구입가격BSI|제조업 자금사정BSI|부산|대구|광주|대전|대구경북|경북|전남|충남|포항|광주전남|목포|전북|대전세종충남|충북|강원|강릉|인천|제주|경기|경남|울산,항목|BSI코드별|담당부서별,,「기업경기조사」,한국은행  경제통계1국 경제심리조사팀,02-759-5650,"1) 목포, 강릉, 포항의 경우 다음의 지역을 포함 || 목포: 전남지역의 무안군, 신안군, 진도군, 완도군, 강진군, 해남군, 영암군, 장흥군 포함 || 강릉: 강원지역의 속초시, 동해시, 태백시, 삼척시, 고성군, 양양군, 정선군, 영월군, 평창군 포함 || 포항: 경북지역의 경주시, 영덕군, 울진군, 울릉군 포함 || 2) 각 지역별 보도자료는 한국은행 지역본부 보도자료를 참고하시기 바람"
301,1991004,DT_512Y020,지역별 기업경기조사(전망(2013.2~)),Future Tendency(Regional)(2013.2~),한국은행 > 기업경기조사 > 지역별 기업경기조사 > 지역별 기업경기조사(전망(2013.2~)),2026-09-13,월,,,0,1,45,지역별 기업경기조사(전망(2013.2~))|제조업|제조업 기업심리지수전망|비제조업 기업심리지수전망|제조업 업황BSI|비제조업|비제조업 업황BSI|제조업 매출BSI|비제조업 매출BSI|제조업 생산BSI|비제조업 채산성BSI|제조업 신규수주BSI|비제조업 인력사정BSI|제조업 채산성BSI|비제조업 자금사정BSI|제조업 제품판매가격BSI|제조업 제품재고BSI|제조업 생산설비BSI|제조업 설비투자BSI|제조업 인력사정BSI|제조업 가동률BSI|제조업 내수판매BSI|제조업 수출BSI|제조업 원자재구입가격BSI|제조업 자금사정BSI|부산|대구|광주|대전|대구경북|경북|전남|충남|포항|광주전남|목포|전북|대전세종충남|충북|강원|강릉|인천|제주|경기|경남|울산,항목|BSI코드별|담당부서별,,「기업경기조사」,한국은행  경제통계1국 경제심리조사팀,02-759-5650,"1) 목포, 강릉, 포항의 경우 다음의 지역을 포함 || 목포: 전남지역의 무안군, 신안군, 진도군, 완도군, 강진군, 해남군, 영암군, 장흥군 포함 || 강릉: 강원지역의 속초시, 동해시, 태백시, 삼척시, 고성군, 양양군, 정선군, 영월군, 평창군 포함 || 포항: 경북지역의 경주시, 영덕군, 울진군, 울릉군 포함 || 2) 각 지역별 보도자료는 한국은행 지역본부 보도자료를 참고하시기 바람"
301,1991004,DT_512Y011,지역별 기업경기실사지수(실적(~2012.12)),Tendency(Regional)(~2012.12),한국은행 > 기업경기조사 > 지역별 기업경기조사 > 지역별 기업경기실사지수(실적(~2012.12)),2022-06-09,월,,,0,1,34,지역별 기업경기실사지수(실적(~2012.12))|제조업|제조업 업황|비제조업 업황|제조업 매출|비제조업|비제조업 매출|제조업 생산|비제조업 채산성|제조업 신규수주|비제조업 인력사정|제조업 채산성|비제조업 자금사정|제조업 제품판매가격|제조업 제품재고|제조업 생산설비|제조업 설비투자|제조업 인력사정|제조업 가동률|제조업 내수판매|제조업 수출|제조업 원자재구입가격|제조업 자금사정|부산|대구경북|광주전남|전북|대전충남|충북|강원|인천|제주|경기|경남|울산,항목|BSI코드별|담당부서별,,「기업경기조사」,한국은행  경제통계1국 경제심리조사팀,02-759-5650,본 통계와 관련한 문의사항은 해당지역 지역본부에 문의하시기 바람 || 한국은행 부산본부	경제조사팀	051-240-3808 || 한국은행 대구경북본부	경제조사팀	053-4290-252 || 한국은행 포항본부	기획조사팀	054-289-2822 || 한국은행 광주전남본부	경제조사팀	062-601-1107 || 한국은행 목포본부	기획조사팀	061-241-1124 || 한국은행 전북본부	기획조사팀	063-250-4090 || 한국은행 대전충남본부	경제조사팀	042-601-1228 || 한국은행 충북본부 	기획조사팀	043-220-0597 || 한국은행 강원본부	경제조사팀	033-2583-286 || 한국은행 강릉본부	기획조사팀	033-6400-161 || 한국은행 인천본부	기획조사팀	032-8800-044 || 한국은행 제주본부	경제조사팀	064-720-2513 || 한국은행 경기본부	경제조사팀	031-2500-087 || 한국은행 경남본부	기획조사팀	055-260-5092 || 한국은행 울산본부	기획조사팀	052-259-7413
301,1991004,DT_512Y012,지역별 기업경기실사지수(전망(~2013.1)),Future Tendency(Regional)(~2013.1),한국은행 > 기업경기조사 > 지역별 기업경기조사 > 지역별 기업경기실사지수(전망(~2013.1)),2022-06-09,월,,,0,1,34,지역별 기업경기실사지수(전망(~2013.1))|제조업|제조업 업황|비제조업 업황|제조업 매출|비제조업|비제조업 매출|제조업 생산|비제조업 채산성|제조업 신규수주|비제조업 인력사정|제조업 채산성|비제조업 자금사정|제조업 제품판매가격|제조업 제품재고|제조업 생산설비|제조업 설비투자|제조업 인력사정|제조업 가동률|제조업 내수판매|제조업 수출|제조업 원자재구입가격|제조업 자금사정|부산|대구경북|광주전남|전북|대전충남|충북|강원|인천|제주|경기|경남|울산,항목|BSI코드별|담당부서별,,「기업경기조사」,한국은행  경제통계1국 경제심리조사팀,02-759-5650,본 통계와 관련한 문의사항은 해당지역 지역본부에 문의하시기 바람 || 한국은행 부산본부	경제조사팀	051-240-3808 || 한국은행 대구경북본부	경제조사팀	053-4290-252 || 한국은행 포항본부	기획조사팀	054-289-2822 || 한국은행 광주전남본부	경제조사팀	062-601-1107 || 한국은행 목포본부	기획조사팀	061-241-1124 || 한국은행 전북본부	기획조사팀	063-250-4090 || 한국은행 대전충남본부	경제조사팀	042-601-1228 || 한국은행 충북본부 	기획조사팀	043-220-0597 || 한국은행 강원본부	경제조사팀	033-2583-286 || 한국은행 강릉본부	기획조사팀	033-6400-161 || 한국은행 인천본부	기획조사팀	032-8800-044 || 한국은행 제주본부	경제조사팀	064-720-2513 || 한국은행 경기본부	경제조사팀	031-2500-087 || 한국은행 경남본부	기획조사팀	055-260-5092 || 한국은행 울산본부	기획조사팀	052-259-7413
301,1966004,DT_501Y020,"성장성 지표(조세특례제한법, 2009~2014)","Indicators concerning Growth(The Restriction of Special Taxation Act, 2009~2014, complete enumeration)","한국은행 > 기업경영분석 > 2009년~2014년 (조세특례제한법) > 성장성 지표(조세특례제한법, 2009~2014)",2022-06-02,년,,,0,1,151,성장성 지표(조세특례제한법 2009~2014)|C10 식료품|C101-4 고기 과실 채소 및 유지 가공업|C111 알콜음료|C131 방적 및 가공사|C201 기초화학물질|C221 고무제품|C231 유리 및 유리제품|C241 1차 철강|C2612 반도체 및 전자부품|C281 전동기 발전기 및 전기 변환 ・ 공급 ・ 제어 장치|C291 일반 목적용 기계|C301 자동차용 엔진 및 자동차|C311 선박 및 보트 건조업|D351 전기업|E37 E3812 하수 폐수 및 분뇨처리 폐기물 수집운반 ・ 처리업|F41 종합 건설업|G45 자동차 및 부품 판매업|G471 종합소매업|G4711-9 종합 소매업(백화점 제외)|G472-8 G4792-9 일반소매업(통신판매업 제외)|H49 육상운송업|H491 철도운송업|I55 숙박업|J58 출판업|J581 서적 잡지 및 기타 인쇄물 출판업|L68 부동산업|M71 전문서비스업|M7112 법무 회계 및 세무 관련서비스업|N74 사업시설관리 및 조경 서비스업|N751 인력공급 및 고용알선업|전산업|정보통신기기제조업|첨단기술업종|기초소재형산업|A01 농업|C105 낙농제품 및 식용빙과류|C11 음료|C112 비알콜음료 및 얼음|C132 직물직조 및 직물제품|C202 비료 및 질소화합물|C222 플라스틱제품|C232 도자기 및 기타 요업제품|C242 1차 비철금속|C263 컴퓨터 및 주변장치|C283 절연선 및 케이블|C292 특수 목적용 기계|C3023 자동차차체 및 트레일러 자동차 부품|C31239 철도 항공기 및 그외 기타 운송장비|D3523 가스 증기 ・ 냉온수 및 공기조절 공급업|E383 금속 및 비금속 원료 재생업|F42 전문직별 공사업|G46 도매 및 상품중개업|G47111 백화점|G472-9 일반소매업|G4791 통신 판매업|H492 육상 여객 운송업|H50 수상 운송업|I56 음식점 및 주점업|J582 소프트웨어 개발 및 공급업|J59 영상 ・ 오디오 기록물 제작 및 배급업|L69 임대업; 부동산 제외|M713 광고업|M72 건축기술 엔지니어링 및 기타 과학기술 서비스업|N75 사업지원서비스업|N752 여행사 및 기타 여행보조 서비스업|정보통신서비스업|고기술업종|조립가공형산업|A03 어업|C1068 곡물가공품 전분제품 사료 및 조제식품|C13 섬유제품(의복제외)|C13349 기타 섬유제품|C203 합성고무 및 플라스틱 물질|C233 시멘트 석회 플라스터 및 그 제품|C243 금속 주조업|C264 통신 및 방송 장비|C285 가정용 기기|G47 소매업(자동차 제외)|H493-5 도로 화물 소화물 전문 운송업 파이프라인운송업|H51 항공 운송업|J60 방송업|M7147153 기타 전문서비스업|M73 기타 전문 과학 및 기술 서비스업|N753 경비 경호 및 탐정업|중기술업종|생활관련형산업|B 광업|C107 기타 식품|C14 의복 의복액세서리 및 모피제품|C204 기타 화학제품|C239 기타 비금속 광물제품|C2656 영상 및 음향기기 마그네틱 및 광학 매체|C28249 기타 전기장비|H52 창고 및 운송관련 서비스업|J61 통신업|N759 기타 사업지원 서비스업|저기술업종|C 제조업|C15 가죽 가방 및 신발|C205 화학섬유|J62 컴퓨터 프로그래밍 시스템 통합 및 관리업|C16 목재 및 나무제품(가구 제외)|J63 정보서비스업|비제조업|C17 펄프 종이 및 종이제품|D35 전기 가스 증기 및 공기조절 공급업|C18 인쇄 및 기록매체 복제업|F 건설업|C19 코크스 연탄 및 석유정제품|서비스업|C20 화학물질 및 화학제품(의약품 제외)|E 하수 ・ 폐기물 처리 원료재생 및 환경복원업|C21 의료용 물질 및 의약품|G 도매 및 소매업|C22 고무제품 및 플라스틱제품|H 운수업|C23 비금속 광물제품|I 숙박 및 음식점업|C24 1차 금속|J 출판 영상 방송통신 및 정보서비스업|C25 금속가공제품(기계 및 가구 제외)|L 부동산업 및 임대업|C26 전자부품 컴퓨터 영상 음향 및 통신장비|M 전문 과학 및 기술 서비스업|C27 의료 정밀 광학기기 및 시계|N 사업시설관리 및 사업지원 서비스업|C28 전기장비|P 교육 서비스업|C29 기타 기계 및 장비|R 예술 스포츠 및 여가관련 서비스업|C30 자동차 및 트레일러|S95 수리업|C31 기타 운송장비|S96 기타 개인 서비스업|C32 가구|제조업 중화학공업|C33 기타 제품 제조업|제조업 경공업|기술수준별|산업형태별|정보통신기술산업|종합|대기업|대기업_중견|중소기업|총자산증가율|유형자산증가율|유동자산증가율|재고자산증가율|자기자본증가율|매출액증가율,항목|업종코드별|기업규모별|계정항목별,,「기업경영분석」,한국은행 경제통계1국 한국은행 기업통계팀,02-759-4270,
301,1966004,DT_501Y025,"손익 지표(조세특례제한법, 2009~2014)","Relationship Ratios of Income and Expenses(The Restriction of Special Taxation Act, 2009~2014, complete enumeration)","한국은행 > 기업경영분석 > 2009년~2014년 (조세특례제한법) > 손익 지표(조세특례제한법, 2009~2014)",2022-06-02,년,,,0,1,179,수익성 지표(조세특례제한법 2009~2014)|C10 식료품|C101-4 고기 과실 채소 및 유지 가공업|C111 알콜음료|C131 방적 및 가공사|C201 기초화학물질|C221 고무제품|C231 유리 및 유리제품|C241 1차 철강|C2612 반도체 및 전자부품|C281 전동기 발전기 및 전기 변환 ・ 공급 ・ 제어 장치|C291 일반 목적용 기계|C301 자동차용 엔진 및 자동차|C311 선박 및 보트 건조업|D351 전기업|E37 E3812 하수 폐수 및 분뇨처리 폐기물 수집운반 ・ 처리업|F41 종합 건설업|G45 자동차 및 부품 판매업|G471 종합소매업|G4711-9 종합 소매업(백화점 제외)|G472-8 G4792-9 일반소매업(통신판매업 제외)|H49 육상운송업|H491 철도운송업|I55 숙박업|J58 출판업|J581 서적 잡지 및 기타 인쇄물 출판업|L68 부동산업|M71 전문서비스업|M7112 법무 회계 및 세무 관련서비스업|N74 사업시설관리 및 조경 서비스업|N751 인력공급 및 고용알선업|전산업|정보통신기기제조업|첨단기술업종|기초소재형산업|A01 농업|C105 낙농제품 및 식용빙과류|C11 음료|C112 비알콜음료 및 얼음|C132 직물직조 및 직물제품|C202 비료 및 질소화합물|C222 플라스틱제품|C232 도자기 및 기타 요업제품|C242 1차 비철금속|C263 컴퓨터 및 주변장치|C283 절연선 및 케이블|C292 특수 목적용 기계|C3023 자동차차체 및 트레일러 자동차 부품|C31239 철도 항공기 및 그외 기타 운송장비|D3523 가스 증기 ・ 냉온수 및 공기조절 공급업|E383 금속 및 비금속 원료 재생업|F42 전문직별 공사업|G46 도매 및 상품중개업|G47111 백화점|G472-9 일반소매업|G4791 통신 판매업|H492 육상 여객 운송업|H50 수상 운송업|I56 음식점 및 주점업|J582 소프트웨어 개발 및 공급업|J59 영상 ・ 오디오 기록물 제작 및 배급업|L69 임대업; 부동산 제외|M713 광고업|M72 건축기술 엔지니어링 및 기타 과학기술 서비스업|N75 사업지원서비스업|N752 여행사 및 기타 여행보조 서비스업|정보통신서비스업|고기술업종|조립가공형산업|A03 어업|C1068 곡물가공품 전분제품 사료 및 조제식품|C13 섬유제품(의복제외)|C13349 기타 섬유제품|C203 합성고무 및 플라스틱 물질|C233 시멘트 석회 플라스터 및 그 제품|C243 금속 주조업|C264 통신 및 방송 장비|C285 가정용 기기|G47 소매업(자동차 제외)|H493-5 도로 화물 소화물 전문 운송업 파이프라인운송업|H51 항공 운송업|J60 방송업|M7147153 기타 전문서비스업|M73 기타 전문 과학 및 기술 서비스업|N753 경비 경호 및 탐정업|중기술업종|생활관련형산업|B 광업|C107 기타 식품|C14 의복 의복액세서리 및 모피제품|C204 기타 화학제품|C239 기타 비금속 광물제품|C2656 영상 및 음향기기 마그네틱 및 광학 매체|C28249 기타 전기장비|H52 창고 및 운송관련 서비스업|J61 통신업|N759 기타 사업지원 서비스업|저기술업종|C 제조업|C15 가죽 가방 및 신발|C205 화학섬유|J62 컴퓨터 프로그래밍 시스템 통합 및 관리업|C16 목재 및 나무제품(가구 제외)|J63 정보서비스업|비제조업|C17 펄프 종이 및 종이제품|D35 전기 가스 증기 및 공기조절 공급업|C18 인쇄 및 기록매체 복제업|F 건설업|C19 코크스 연탄 및 석유정제품|서비스업|C20 화학물질 및 화학제품(의약품 제외)|E 하수 ・ 폐기물 처리 원료재생 및 환경복원업|C21 의료용 물질 및 의약품|G 도매 및 소매업|C22 고무제품 및 플라스틱제품|H 운수업|C23 비금속 광물제품|I 숙박 및 음식점업|C24 1차 금속|J 출판 영상 방송통신 및 정보서비스업|C25 금속가공제품(기계 및 가구 제외)|L 부동산업 및 임대업|C26 전자부품 컴퓨터 영상 음향 및 통신장비|M 전문 과학 및 기술 서비스업|C27 의료 정밀 광학기기 및 시계|N 사업시설관리 및 사업지원 서비스업|C28 전기장비|P 교육 서비스업|C29 기타 기계 및 장비|R 예술 스포츠 및 여가관련 서비스업|C30 자동차 및 트레일러|S95 수리업|C31 기타 운송장비|S96 기타 개인 서비스업|C32 가구|제조업 중화학공업|C33 기타 제품 제조업|제조업 경공업|기술수준별|산업형태별|정보통신기술산업|종합|대기업|대기업_중견|중소기업|총자산세전순이익률|총자산순이익률|기업세전순이익률|기업순이익률|자기자본세전순이익률|자기자본순이익률|자본금세전순이익률|자본금순이익률|매출액세전순이익률|매출액순이익률|매출액영업이익률|매출원가대매출액|변동비대매출액|고정비대매출액|연구개발비대매출액|인건비대매출액비율|인건비대영업총비용|재료비대매출액비율|재료비대영업총비용|순외환손익대매출액|EBIT대매출액|EBITDA대매출액|감가상각률|금융비용대부채|차입금평균이자율|금융비용대총비용|금융비용대매출액|순금융비용대매출액|이자보상비율|순이자보상비율|손익분기점률|사내유보율|배당률|배당성향,항목|업종코드별|기업규모별|계정항목별,,「기업경영분석」,한국은행 경제통계1국 한국은행 기업통계팀,02-759-4270,
301,1966004,DT_501Y030,"자산/자본 지표(조세특례제한법, 2009~2014)","Relationship Ratios of Assets, Liabilities and Stockholder's Equity(The Restriction of Special Taxation Act, 2009~2014, complete enumeration)","한국은행 > 기업경영분석 > 2009년~2014년 (조세특례제한법) > 자산/자본 지표(조세특례제한법, 2009~2014)",2022-06-02,년,,,0,1,158,자산/자본 지표(조세특례제한법 2009~2014)|C10 식료품|C101-4 고기 과실 채소 및 유지 가공업|C111 알콜음료|C131 방적 및 가공사|C201 기초화학물질|C221 고무제품|C231 유리 및 유리제품|C241 1차 철강|C2612 반도체 및 전자부품|C281 전동기 발전기 및 전기 변환 ・ 공급 ・ 제어 장치|C291 일반 목적용 기계|C301 자동차용 엔진 및 자동차|C311 선박 및 보트 건조업|D351 전기업|E37 E3812 하수 폐수 및 분뇨처리 폐기물 수집운반 ・ 처리업|F41 종합 건설업|G45 자동차 및 부품 판매업|G471 종합소매업|G4711-9 종합 소매업(백화점 제외)|G472-8 G4792-9 일반소매업(통신판매업 제외)|H49 육상운송업|H491 철도운송업|I55 숙박업|J58 출판업|J581 서적 잡지 및 기타 인쇄물 출판업|L68 부동산업|M71 전문서비스업|M7112 법무 회계 및 세무 관련서비스업|N74 사업시설관리 및 조경 서비스업|N751 인력공급 및 고용알선업|전산업|정보통신기기제조업|첨단기술업종|기초소재형산업|A01 농업|C105 낙농제품 및 식용빙과류|C11 음료|C112 비알콜음료 및 얼음|C132 직물직조 및 직물제품|C202 비료 및 질소화합물|C222 플라스틱제품|C232 도자기 및 기타 요업제품|C242 1차 비철금속|C263 컴퓨터 및 주변장치|C283 절연선 및 케이블|C292 특수 목적용 기계|C3023 자동차차체 및 트레일러 자동차 부품|C31239 철도 항공기 및 그외 기타 운송장비|D3523 가스 증기 ・ 냉온수 및 공기조절 공급업|E383 금속 및 비금속 원료 재생업|F42 전문직별 공사업|G46 도매 및 상품중개업|G47111 백화점|G472-9 일반소매업|G4791 통신 판매업|H492 육상 여객 운송업|H50 수상 운송업|I56 음식점 및 주점업|J582 소프트웨어 개발 및 공급업|J59 영상 ・ 오디오 기록물 제작 및 배급업|L69 임대업; 부동산 제외|M713 광고업|M72 건축기술 엔지니어링 및 기타 과학기술 서비스업|N75 사업지원서비스업|N752 여행사 및 기타 여행보조 서비스업|정보통신서비스업|고기술업종|조립가공형산업|A03 어업|C1068 곡물가공품 전분제품 사료 및 조제식품|C13 섬유제품(의복제외)|C13349 기타 섬유제품|C203 합성고무 및 플라스틱 물질|C233 시멘트 석회 플라스터 및 그 제품|C243 금속 주조업|C264 통신 및 방송 장비|C285 가정용 기기|G47 소매업(자동차 제외)|H493-5 도로 화물 소화물 전문 운송업 파이프라인운송업|H51 항공 운송업|J60 방송업|M7147153 기타 전문서비스업|M73 기타 전문 과학 및 기술 서비스업|N753 경비 경호 및 탐정업|중기술업종|생활관련형산업|B 광업|C107 기타 식품|C14 의복 의복액세서리 및 모피제품|C204 기타 화학제품|C239 기타 비금속 광물제품|C2656 영상 및 음향기기 마그네틱 및 광학 매체|C28249 기타 전기장비|H52 창고 및 운송관련 서비스업|J61 통신업|N759 기타 사업지원 서비스업|저기술업종|C 제조업|C15 가죽 가방 및 신발|C205 화학섬유|J62 컴퓨터 프로그래밍 시스템 통합 및 관리업|C16 목재 및 나무제품(가구 제외)|J63 정보서비스업|비제조업|C17 펄프 종이 및 종이제품|D35 전기 가스 증기 및 공기조절 공급업|C18 인쇄 및 기록매체 복제업|F 건설업|C19 코크스 연탄 및 석유정제품|서비스업|C20 화학물질 및 화학제품(의약품 제외)|E 하수 ・ 폐기물 처리 원료재생 및 환경복원업|C21 의료용 물질 및 의약품|G 도매 및 소매업|C22 고무제품 및 플라스틱제품|H 운수업|C23 비금속 광물제품|I 숙박 및 음식점업|C24 1차 금속|J 출판 영상 방송통신 및 정보서비스업|C25 금속가공제품(기계 및 가구 제외)|L 부동산업 및 임대업|C26 전자부품 컴퓨터 영상 음향 및 통신장비|M 전문 과학 및 기술 서비스업|C27 의료 정밀 광학기기 및 시계|N 사업시설관리 및 사업지원 서비스업|C28 전기장비|P 교육 서비스업|C29 기타 기계 및 장비|R 예술 스포츠 및 여가관련 서비스업|C30 자동차 및 트레일러|S95 수리업|C31 기타 운송장비|S96 기타 개인 서비스업|C32 가구|제조업 중화학공업|C33 기타 제품 제조업|제조업 경공업|기술수준별|산업형태별|정보통신기술산업|종합|대기업|대기업_중견|중소기업|자기자본비율|유동비율|당좌비율|현금및현금성자산비율|비유동비율|비유동장기적합률|부채비율|유동부채비율|비유동부채비율|차입금의존도|차입금대매출액비율|매출채권대매입채무|순운전자본대총자본,항목|업종코드별|기업규모별|계정항목별,,「기업경영분석」,한국은행 경제통계1국 한국은행 기업통계팀,02-759-4270,
301,1966004,DT_501Y035,"자산/자본 회전율(조세특례제한법, 2009~2014)","Turnover Ratios of Assets, Liabilities and Stockholder's Equity(The Restriction of Special Taxation Act, 2009~2014, complete enumeration)","한국은행 > 기업경영분석 > 2009년~2014년 (조세특례제한법) > 자산/자본 회전율(조세특례제한법, 2009~2014)",2022-06-02,년,,,0,1,155,자산/자본 회전율(조세특례제한법 2009~2014)|C10 식료품|C101-4 고기 과실 채소 및 유지 가공업|C111 알콜음료|C131 방적 및 가공사|C201 기초화학물질|C221 고무제품|C231 유리 및 유리제품|C241 1차 철강|C2612 반도체 및 전자부품|C281 전동기 발전기 및 전기 변환 ・ 공급 ・ 제어 장치|C291 일반 목적용 기계|C301 자동차용 엔진 및 자동차|C311 선박 및 보트 건조업|D351 전기업|E37 E3812 하수 폐수 및 분뇨처리 폐기물 수집운반 ・ 처리업|F41 종합 건설업|G45 자동차 및 부품 판매업|G471 종합소매업|G4711-9 종합 소매업(백화점 제외)|G472-8 G4792-9 일반소매업(통신판매업 제외)|H49 육상운송업|H491 철도운송업|I55 숙박업|J58 출판업|J581 서적 잡지 및 기타 인쇄물 출판업|L68 부동산업|M71 전문서비스업|M7112 법무 회계 및 세무 관련서비스업|N74 사업시설관리 및 조경 서비스업|N751 인력공급 및 고용알선업|전산업|정보통신기기제조업|첨단기술업종|기초소재형산업|A01 농업|C105 낙농제품 및 식용빙과류|C11 음료|C112 비알콜음료 및 얼음|C132 직물직조 및 직물제품|C202 비료 및 질소화합물|C222 플라스틱제품|C232 도자기 및 기타 요업제품|C242 1차 비철금속|C263 컴퓨터 및 주변장치|C283 절연선 및 케이블|C292 특수 목적용 기계|C3023 자동차차체 및 트레일러 자동차 부품|C31239 철도 항공기 및 그외 기타 운송장비|D3523 가스 증기 ・ 냉온수 및 공기조절 공급업|E383 금속 및 비금속 원료 재생업|F42 전문직별 공사업|G46 도매 및 상품중개업|G47111 백화점|G472-9 일반소매업|G4791 통신 판매업|H492 육상 여객 운송업|H50 수상 운송업|I56 음식점 및 주점업|J582 소프트웨어 개발 및 공급업|J59 영상 ・ 오디오 기록물 제작 및 배급업|L69 임대업; 부동산 제외|M713 광고업|M72 건축기술 엔지니어링 및 기타 과학기술 서비스업|N75 사업지원서비스업|N752 여행사 및 기타 여행보조 서비스업|정보통신서비스업|고기술업종|조립가공형산업|A03 어업|C1068 곡물가공품 전분제품 사료 및 조제식품|C13 섬유제품(의복제외)|C13349 기타 섬유제품|C203 합성고무 및 플라스틱 물질|C233 시멘트 석회 플라스터 및 그 제품|C243 금속 주조업|C264 통신 및 방송 장비|C285 가정용 기기|G47 소매업(자동차 제외)|H493-5 도로 화물 소화물 전문 운송업 파이프라인운송업|H51 항공 운송업|J60 방송업|M7147153 기타 전문서비스업|M73 기타 전문 과학 및 기술 서비스업|N753 경비 경호 및 탐정업|중기술업종|생활관련형산업|B 광업|C107 기타 식품|C14 의복 의복액세서리 및 모피제품|C204 기타 화학제품|C239 기타 비금속 광물제품|C2656 영상 및 음향기기 마그네틱 및 광학 매체|C28249 기타 전기장비|H52 창고 및 운송관련 서비스업|J61 통신업|N759 기타 사업지원 서비스업|저기술업종|C 제조업|C15 가죽 가방 및 신발|C205 화학섬유|J62 컴퓨터 프로그래밍 시스템 통합 및 관리업|C16 목재 및 나무제품(가구 제외)|J63 정보서비스업|비제조업|C17 펄프 종이 및 종이제품|D35 전기 가스 증기 및 공기조절 공급업|C18 인쇄 및 기록매체 복제업|F 건설업|C19 코크스 연탄 및 석유정제품|서비스업|C20 화학물질 및 화학제품(의약품 제외)|E 하수 ・ 폐기물 처리 원료재생 및 환경복원업|C21 의료용 물질 및 의약품|G 도매 및 소매업|C22 고무제품 및 플라스틱제품|H 운수업|C23 비금속 광물제품|I 숙박 및 음식점업|C24 1차 금속|J 출판 영상 방송통신 및 정보서비스업|C25 금속가공제품(기계 및 가구 제외)|L 부동산업 및 임대업|C26 전자부품 컴퓨터 영상 음향 및 통신장비|M 전문 과학 및 기술 서비스업|C27 의료 정밀 광학기기 및 시계|N 사업시설관리 및 사업지원 서비스업|C28 전기장비|P 교육 서비스업|C29 기타 기계 및 장비|R 예술 스포츠 및 여가관련 서비스업|C30 자동차 및 트레일러|S95 수리업|C31 기타 운송장비|S96 기타 개인 서비스업|C32 가구|제조업 중화학공업|C33 기타 제품 제조업|제조업 경공업|기술수준별|산업형태별|정보통신기술산업|종합|대기업|대기업_중견|중소기업|총자산회전율|자기자본회전율|자본금회전율|경영자산회전율|비유동자산회전율|유형자산회전율|재고자산회전율|상(제)품회전율|매출채권회전율|매입채무회전율,항목|업종코드별|기업규모별|계정항목별,,「기업경영분석」,한국은행 경제통계1국 한국은행 기업통계팀,02-759-4270,
301,1966004,DT_501Y074,"부가가치 구성(조세특례제한법, 2009~2014)","Composition of Gross Value Added(The Restriction of Special Taxation Act, 2009~2014, complete enumeration)","한국은행 > 기업경영분석 > 2009년~2014년 (조세특례제한법) > 부가가치 구성(조세특례제한법, 2009~2014)",2022-06-02,년,,,0,1,150,부가가치 구성(조세특례제한법 2009~2014)|C10 식료품|C101-4 고기 과실 채소 및 유지 가공업|C111 알콜음료|C131 방적 및 가공사|C201 기초화학물질|C221 고무제품|C231 유리 및 유리제품|C241 1차 철강|C2612 반도체 및 전자부품|C281 전동기 발전기 및 전기 변환 ・ 공급 ・ 제어 장치|C291 일반 목적용 기계|C301 자동차용 엔진 및 자동차|C311 선박 및 보트 건조업|D351 전기업|E37 E3812 하수 폐수 및 분뇨처리 폐기물 수집운반 ・ 처리업|F41 종합 건설업|G45 자동차 및 부품 판매업|G471 종합소매업|G4711-9 종합 소매업(백화점 제외)|G472-8 G4792-9 일반소매업(통신판매업 제외)|H49 육상운송업|H491 철도운송업|I55 숙박업|J58 출판업|J581 서적 잡지 및 기타 인쇄물 출판업|L68 부동산업|M71 전문서비스업|M7112 법무 회계 및 세무 관련서비스업|N74 사업시설관리 및 조경 서비스업|N751 인력공급 및 고용알선업|전산업|정보통신기기제조업|첨단기술업종|기초소재형산업|A01 농업|C105 낙농제품 및 식용빙과류|C11 음료|C112 비알콜음료 및 얼음|C132 직물직조 및 직물제품|C202 비료 및 질소화합물|C222 플라스틱제품|C232 도자기 및 기타 요업제품|C242 1차 비철금속|C263 컴퓨터 및 주변장치|C283 절연선 및 케이블|C292 특수 목적용 기계|C3023 자동차차체 및 트레일러 자동차 부품|C31239 철도 항공기 및 그외 기타 운송장비|D3523 가스 증기 ・ 냉온수 및 공기조절 공급업|E383 금속 및 비금속 원료 재생업|F42 전문직별 공사업|G46 도매 및 상품중개업|G47111 백화점|G472-9 일반소매업|G4791 통신 판매업|H492 육상 여객 운송업|H50 수상 운송업|I56 음식점 및 주점업|J582 소프트웨어 개발 및 공급업|J59 영상 ・ 오디오 기록물 제작 및 배급업|L69 임대업; 부동산 제외|M713 광고업|M72 건축기술 엔지니어링 및 기타 과학기술 서비스업|N75 사업지원서비스업|N752 여행사 및 기타 여행보조 서비스업|정보통신서비스업|고기술업종|조립가공형산업|A03 어업|C1068 곡물가공품 전분제품 사료 및 조제식품|C13 섬유제품(의복제외)|C13349 기타 섬유제품|C203 합성고무 및 플라스틱 물질|C233 시멘트 석회 플라스터 및 그 제품|C243 금속 주조업|C264 통신 및 방송 장비|C285 가정용 기기|G47 소매업(자동차 제외)|H493-5 도로 화물 소화물 전문 운송업 파이프라인운송업|H51 항공 운송업|J60 방송업|M7147153 기타 전문서비스업|M73 기타 전문 과학 및 기술 서비스업|N753 경비 경호 및 탐정업|중기술업종|생활관련형산업|B 광업|C107 기타 식품|C14 의복 의복액세서리 및 모피제품|C204 기타 화학제품|C239 기타 비금속 광물제품|C2656 영상 및 음향기기 마그네틱 및 광학 매체|C28249 기타 전기장비|H52 창고 및 운송관련 서비스업|J61 통신업|N759 기타 사업지원 서비스업|저기술업종|C 제조업|C15 가죽 가방 및 신발|C205 화학섬유|J62 컴퓨터 프로그래밍 시스템 통합 및 관리업|C16 목재 및 나무제품(가구 제외)|J63 정보서비스업|비제조업|C17 펄프 종이 및 종이제품|D35 전기 가스 증기 및 공기조절 공급업|C18 인쇄 및 기록매체 복제업|F 건설업|C19 코크스 연탄 및 석유정제품|서비스업|C20 화학물질 및 화학제품(의약품 제외)|E 하수 ・ 폐기물 처리 원료재생 및 환경복원업|C21 의료용 물질 및 의약품|G 도매 및 소매업|C22 고무제품 및 플라스틱제품|H 운수업|C23 비금속 광물제품|I 숙박 및 음식점업|C24 1차 금속|J 출판 영상 방송통신 및 정보서비스업|C25 금속가공제품(기계 및 가구 제외)|L 부동산업 및 임대업|C26 전자부품 컴퓨터 영상 음향 및 통신장비|M 전문 과학 및 기술 서비스업|C27 의료 정밀 광학기기 및 시계|N 사업시설관리 및 사업지원 서비스업|C28 전기장비|P 교육 서비스업|C29 기타 기계 및 장비|R 예술 스포츠 및 여가관련 서비스업|C30 자동차 및 트레일러|S95 수리업|C31 기타 운송장비|S96 기타 개인 서비스업|C32 가구|제조업 중화학공업|C33 기타 제품 제조업|제조업 경공업|기술수준별|산업형태별|정보통신기술산업|종합|대기업|대기업_중견|중소기업|영업잉여|인건비|금융비용|조세공과|감가상각비,항목|업종코드별|기업규모별|계정항목별,,「기업경영분석」,한국은행 경제통계1국 한국은행 기업통계팀,02-759-4270,
301,1966004,DT_501Y050,"재무상태표(조세특례제한법, 2009~2014)","Balance Sheet(The Restriction of Special Taxation Act, 2009~2014, complete enumeration)","한국은행 > 기업경영분석 > 2009년~2014년 (조세특례제한법) > 재무상태표(조세특례제한법, 2009~2014)",2022-06-02,년,,,0,1,186,재무상태표(조세특례제한법 2009~2014)|C10 식료품|C101-4 고기 과실 채소 및 유지 가공업|C111 알콜음료|C131 방적 및 가공사|C201 기초화학물질|C221 고무제품|C231 유리 및 유리제품|C241 1차 철강|C2612 반도체 및 전자부품|C281 전동기 발전기 및 전기 변환 ・ 공급 ・ 제어 장치|C291 일반 목적용 기계|C301 자동차용 엔진 및 자동차|C311 선박 및 보트 건조업|D351 전기업|E37 E3812 하수 폐수 및 분뇨처리 폐기물 수집운반 ・ 처리업|F41 종합 건설업|G45 자동차 및 부품 판매업|G471 종합소매업|G4711-9 종합 소매업(백화점 제외)|G472-8 G4792-9 일반소매업(통신판매업 제외)|H49 육상운송업|H491 철도운송업|I55 숙박업|J58 출판업|J581 서적 잡지 및 기타 인쇄물 출판업|L68 부동산업|M71 전문서비스업|M7112 법무 회계 및 세무 관련서비스업|N74 사업시설관리 및 조경 서비스업|N751 인력공급 및 고용알선업|전산업|정보통신기기제조업|첨단기술업종|기초소재형산업|A01 농업|C105 낙농제품 및 식용빙과류|C11 음료|C112 비알콜음료 및 얼음|C132 직물직조 및 직물제품|C202 비료 및 질소화합물|C222 플라스틱제품|C232 도자기 및 기타 요업제품|C242 1차 비철금속|C263 컴퓨터 및 주변장치|C283 절연선 및 케이블|C292 특수 목적용 기계|C3023 자동차차체 및 트레일러 자동차 부품|C31239 철도 항공기 및 그외 기타 운송장비|D3523 가스 증기 ・ 냉온수 및 공기조절 공급업|E383 금속 및 비금속 원료 재생업|F42 전문직별 공사업|G46 도매 및 상품중개업|G47111 백화점|G472-9 일반소매업|G4791 통신 판매업|H492 육상 여객 운송업|H50 수상 운송업|I56 음식점 및 주점업|J582 소프트웨어 개발 및 공급업|J59 영상 ・ 오디오 기록물 제작 및 배급업|L69 임대업; 부동산 제외|M713 광고업|M72 건축기술 엔지니어링 및 기타 과학기술 서비스업|N75 사업지원서비스업|N752 여행사 및 기타 여행보조 서비스업|정보통신서비스업|고기술업종|조립가공형산업|A03 어업|C1068 곡물가공품 전분제품 사료 및 조제식품|C13 섬유제품(의복제외)|C13349 기타 섬유제품|C203 합성고무 및 플라스틱 물질|C233 시멘트 석회 플라스터 및 그 제품|C243 금속 주조업|C264 통신 및 방송 장비|C285 가정용 기기|G47 소매업(자동차 제외)|H493-5 도로 화물 소화물 전문 운송업 파이프라인운송업|H51 항공 운송업|J60 방송업|M7147153 기타 전문서비스업|M73 기타 전문 과학 및 기술 서비스업|N753 경비 경호 및 탐정업|중기술업종|생활관련형산업|B 광업|C107 기타 식품|C14 의복 의복액세서리 및 모피제품|C204 기타 화학제품|C239 기타 비금속 광물제품|C2656 영상 및 음향기기 마그네틱 및 광학 매체|C28249 기타 전기장비|H52 창고 및 운송관련 서비스업|J61 통신업|N759 기타 사업지원 서비스업|저기술업종|C 제조업|C15 가죽 가방 및 신발|C205 화학섬유|J62 컴퓨터 프로그래밍 시스템 통합 및 관리업|C16 목재 및 나무제품(가구 제외)|J63 정보서비스업|비제조업|C17 펄프 종이 및 종이제품|D35 전기 가스 증기 및 공기조절 공급업|C18 인쇄 및 기록매체 복제업|F 건설업|C19 코크스 연탄 및 석유정제품|서비스업|C20 화학물질 및 화학제품(의약품 제외)|E 하수 ・ 폐기물 처리 원료재생 및 환경복원업|C21 의료용 물질 및 의약품|G 도매 및 소매업|C22 고무제품 및 플라스틱제품|H 운수업|C23 비금속 광물제품|I 숙박 및 음식점업|C24 1차 금속|J 출판 영상 방송통신 및 정보서비스업|C25 금속가공제품(기계 및 가구 제외)|L 부동산업 및 임대업|C26 전자부품 컴퓨터 영상 음향 및 통신장비|M 전문 과학 및 기술 서비스업|C27 의료 정밀 광학기기 및 시계|N 사업시설관리 및 사업지원 서비스업|C28 전기장비|P 교육 서비스업|C29 기타 기계 및 장비|R 예술 스포츠 및 여가관련 서비스업|C30 자동차 및 트레일러|S95 수리업|C31 기타 운송장비|S96 기타 개인 서비스업|C32 가구|제조업 중화학공업|C33 기타 제품 제조업|제조업 경공업|기술수준별|산업형태별|정보통신기술산업|종합|대기업|대기업_중견|중소기업|유동자산|당좌자산|현금.현금성자산|단기투자자산|매출채권|기타당좌자산|재고자산|상(제)품및반제품|원재료|기타재고자산|비유동자산|투자자산|(장기투자증권)|유형자산|토지|설비자산|건물・구축물|기계장치|선박・차량운반구|기타설비자산|건설중인자산|무형자산|(개발비)|기타비유동자산|자산총계|유동부채|매입채무|단기차입금|유동성장기부채|기타유동부채|비유동부채|회사채|장기차입금|기타비유동부채|자본|자본금|자본잉여금|자본조정|기타포괄손익누계액|이익잉여금|부채및자본합계,항목|업종코드별|기업규모별|계정항목별,,「기업경영분석」,한국은행 경제통계1국 한국은행 기업통계팀,02-759-4270,
301,1966004,DT_501Y057,"손익계산서(조세특례제한법, 2009~2014)","Income Statement(The Restriction of Special Taxation Act, 2009~2014, complete enumeration)","한국은행 > 기업경영분석 > 2009년~2014년 (조세특례제한법) > 손익계산서(조세특례제한법, 2009~2014)",2022-06-02,년,,,0,1,181,손익계산서(조세특례제한법 2009~2014)|C10 식료품|C101-4 고기 과실 채소 및 유지 가공업|C111 알콜음료|C131 방적 및 가공사|C201 기초화학물질|C221 고무제품|C231 유리 및 유리제품|C241 1차 철강|C2612 반도체 및 전자부품|C281 전동기 발전기 및 전기 변환 ・ 공급 ・ 제어 장치|C291 일반 목적용 기계|C301 자동차용 엔진 및 자동차|C311 선박 및 보트 건조업|D351 전기업|E37 E3812 하수 폐수 및 분뇨처리 폐기물 수집운반 ・ 처리업|F41 종합 건설업|G45 자동차 및 부품 판매업|G471 종합소매업|G4711-9 종합 소매업(백화점 제외)|G472-8 G4792-9 일반소매업(통신판매업 제외)|H49 육상운송업|H491 철도운송업|I55 숙박업|J58 출판업|J581 서적 잡지 및 기타 인쇄물 출판업|L68 부동산업|M71 전문서비스업|M7112 법무 회계 및 세무 관련서비스업|N74 사업시설관리 및 조경 서비스업|N751 인력공급 및 고용알선업|전산업|정보통신기기제조업|첨단기술업종|기초소재형산업|A01 농업|C105 낙농제품 및 식용빙과류|C11 음료|C112 비알콜음료 및 얼음|C132 직물직조 및 직물제품|C202 비료 및 질소화합물|C222 플라스틱제품|C232 도자기 및 기타 요업제품|C242 1차 비철금속|C263 컴퓨터 및 주변장치|C283 절연선 및 케이블|C292 특수 목적용 기계|C3023 자동차차체 및 트레일러 자동차 부품|C31239 철도 항공기 및 그외 기타 운송장비|D3523 가스 증기 ・ 냉온수 및 공기조절 공급업|E383 금속 및 비금속 원료 재생업|F42 전문직별 공사업|G46 도매 및 상품중개업|G47111 백화점|G472-9 일반소매업|G4791 통신 판매업|H492 육상 여객 운송업|H50 수상 운송업|I56 음식점 및 주점업|J582 소프트웨어 개발 및 공급업|J59 영상 ・ 오디오 기록물 제작 및 배급업|L69 임대업; 부동산 제외|M713 광고업|M72 건축기술 엔지니어링 및 기타 과학기술 서비스업|N75 사업지원서비스업|N752 여행사 및 기타 여행보조 서비스업|정보통신서비스업|고기술업종|조립가공형산업|A03 어업|C1068 곡물가공품 전분제품 사료 및 조제식품|C13 섬유제품(의복제외)|C13349 기타 섬유제품|C203 합성고무 및 플라스틱 물질|C233 시멘트 석회 플라스터 및 그 제품|C243 금속 주조업|C264 통신 및 방송 장비|C285 가정용 기기|G47 소매업(자동차 제외)|H493-5 도로 화물 소화물 전문 운송업 파이프라인운송업|H51 항공 운송업|J60 방송업|M7147153 기타 전문서비스업|M73 기타 전문 과학 및 기술 서비스업|N753 경비 경호 및 탐정업|중기술업종|생활관련형산업|B 광업|C107 기타 식품|C14 의복 의복액세서리 및 모피제품|C204 기타 화학제품|C239 기타 비금속 광물제품|C2656 영상 및 음향기기 마그네틱 및 광학 매체|C28249 기타 전기장비|H52 창고 및 운송관련 서비스업|J61 통신업|N759 기타 사업지원 서비스업|저기술업종|C 제조업|C15 가죽 가방 및 신발|C205 화학섬유|J62 컴퓨터 프로그래밍 시스템 통합 및 관리업|C16 목재 및 나무제품(가구 제외)|J63 정보서비스업|비제조업|C17 펄프 종이 및 종이제품|D35 전기 가스 증기 및 공기조절 공급업|C18 인쇄 및 기록매체 복제업|F 건설업|C19 코크스 연탄 및 석유정제품|서비스업|C20 화학물질 및 화학제품(의약품 제외)|E 하수 ・ 폐기물 처리 원료재생 및 환경복원업|C21 의료용 물질 및 의약품|G 도매 및 소매업|C22 고무제품 및 플라스틱제품|H 운수업|C23 비금속 광물제품|I 숙박 및 음식점업|C24 1차 금속|J 출판 영상 방송통신 및 정보서비스업|C25 금속가공제품(기계 및 가구 제외)|L 부동산업 및 임대업|C26 전자부품 컴퓨터 영상 음향 및 통신장비|M 전문 과학 및 기술 서비스업|C27 의료 정밀 광학기기 및 시계|N 사업시설관리 및 사업지원 서비스업|C28 전기장비|P 교육 서비스업|C29 기타 기계 및 장비|R 예술 스포츠 및 여가관련 서비스업|C30 자동차 및 트레일러|S95 수리업|C31 기타 운송장비|S96 기타 개인 서비스업|C32 가구|제조업 중화학공업|C33 기타 제품 제조업|제조업 경공업|기술수준별|산업형태별|정보통신기술산업|종합|대기업|대기업_중견|중소기업|매출액|매출원가|매출총손익|판매비와관리비|급여|퇴직급여|복리후생비|세금과공과|임차료|감가상각비|접대비|광고선전비|경상연구개발비|보험료|대손상각비|무형자산상각비|기타판매비와관리비|영업손익|영업외수익|이자수익|배당금수익|외환차익|외화환산이익|투자・유형자산 처분이익|지분법평가이익|기타영업외수익|영업외비용|이자비용|외환차손|외환환산손실|투자・유형자산 처분손실|지분법평가손실|기타영업외비용|법인세차감전순손익|법인세비용|당기순손익,항목|업종코드별|기업규모별|계정항목별,,「기업경영분석」,한국은행 경제통계1국 한국은행 기업통계팀,02-759-4270,
301,1966004,DT_501Y064,"제조원가명세서(조세특례제한법, 2009~2014)","Statement of Cost of Goods Manufactured(The Restriction of Special Taxation Act, 2009~2014, complete enumeration)","한국은행 > 기업경영분석 > 2009년~2014년 (조세특례제한법) > 제조원가명세서(조세특례제한법, 2009~2014)",2022-06-02,년,,,0,1,165,제조원가명세서(조세특례제한법 2009~2014)|C10 식료품|C101-4 고기 과실 채소 및 유지 가공업|C111 알콜음료|C131 방적 및 가공사|C201 기초화학물질|C221 고무제품|C231 유리 및 유리제품|C241 1차 철강|C2612 반도체 및 전자부품|C281 전동기 발전기 및 전기 변환 ・ 공급 ・ 제어 장치|C291 일반 목적용 기계|C301 자동차용 엔진 및 자동차|C311 선박 및 보트 건조업|D351 전기업|E37 E3812 하수 폐수 및 분뇨처리 폐기물 수집운반 ・ 처리업|F41 종합 건설업|G45 자동차 및 부품 판매업|G471 종합소매업|G4711-9 종합 소매업(백화점 제외)|G472-8 G4792-9 일반소매업(통신판매업 제외)|H49 육상운송업|H491 철도운송업|I55 숙박업|J58 출판업|J581 서적 잡지 및 기타 인쇄물 출판업|L68 부동산업|M71 전문서비스업|M7112 법무 회계 및 세무 관련서비스업|N74 사업시설관리 및 조경 서비스업|N751 인력공급 및 고용알선업|전산업|정보통신기기제조업|첨단기술업종|기초소재형산업|A01 농업|C105 낙농제품 및 식용빙과류|C11 음료|C112 비알콜음료 및 얼음|C132 직물직조 및 직물제품|C202 비료 및 질소화합물|C222 플라스틱제품|C232 도자기 및 기타 요업제품|C242 1차 비철금속|C263 컴퓨터 및 주변장치|C283 절연선 및 케이블|C292 특수 목적용 기계|C3023 자동차차체 및 트레일러 자동차 부품|C31239 철도 항공기 및 그외 기타 운송장비|D3523 가스 증기 ・ 냉온수 및 공기조절 공급업|E383 금속 및 비금속 원료 재생업|F42 전문직별 공사업|G46 도매 및 상품중개업|G47111 백화점|G472-9 일반소매업|G4791 통신 판매업|H492 육상 여객 운송업|H50 수상 운송업|I56 음식점 및 주점업|J582 소프트웨어 개발 및 공급업|J59 영상 ・ 오디오 기록물 제작 및 배급업|L69 임대업; 부동산 제외|M713 광고업|M72 건축기술 엔지니어링 및 기타 과학기술 서비스업|N75 사업지원서비스업|N752 여행사 및 기타 여행보조 서비스업|정보통신서비스업|고기술업종|조립가공형산업|A03 어업|C1068 곡물가공품 전분제품 사료 및 조제식품|C13 섬유제품(의복제외)|C13349 기타 섬유제품|C203 합성고무 및 플라스틱 물질|C233 시멘트 석회 플라스터 및 그 제품|C243 금속 주조업|C264 통신 및 방송 장비|C285 가정용 기기|G47 소매업(자동차 제외)|H493-5 도로 화물 소화물 전문 운송업 파이프라인운송업|H51 항공 운송업|J60 방송업|M7147153 기타 전문서비스업|M73 기타 전문 과학 및 기술 서비스업|N753 경비 경호 및 탐정업|중기술업종|생활관련형산업|B 광업|C107 기타 식품|C14 의복 의복액세서리 및 모피제품|C204 기타 화학제품|C239 기타 비금속 광물제품|C2656 영상 및 음향기기 마그네틱 및 광학 매체|C28249 기타 전기장비|H52 창고 및 운송관련 서비스업|J61 통신업|N759 기타 사업지원 서비스업|저기술업종|C 제조업|C15 가죽 가방 및 신발|C205 화학섬유|J62 컴퓨터 프로그래밍 시스템 통합 및 관리업|C16 목재 및 나무제품(가구 제외)|J63 정보서비스업|비제조업|C17 펄프 종이 및 종이제품|D35 전기 가스 증기 및 공기조절 공급업|C18 인쇄 및 기록매체 복제업|F 건설업|C19 코크스 연탄 및 석유정제품|서비스업|C20 화학물질 및 화학제품(의약품 제외)|E 하수 ・ 폐기물 처리 원료재생 및 환경복원업|C21 의료용 물질 및 의약품|G 도매 및 소매업|C22 고무제품 및 플라스틱제품|H 운수업|C23 비금속 광물제품|I 숙박 및 음식점업|C24 1차 금속|J 출판 영상 방송통신 및 정보서비스업|C25 금속가공제품(기계 및 가구 제외)|L 부동산업 및 임대업|C26 전자부품 컴퓨터 영상 음향 및 통신장비|M 전문 과학 및 기술 서비스업|C27 의료 정밀 광학기기 및 시계|N 사업시설관리 및 사업지원 서비스업|C28 전기장비|P 교육 서비스업|C29 기타 기계 및 장비|R 예술 스포츠 및 여가관련 서비스업|C30 자동차 및 트레일러|S95 수리업|C31 기타 운송장비|S96 기타 개인 서비스업|C32 가구|제조업 중화학공업|C33 기타 제품 제조업|제조업 경공업|기술수준별|산업형태별|정보통신기술산업|종합|대기업|대기업_중견|중소기업|당기총제조비용|재료비|노무비|경비|복리후생비|전력비|가스수도비|감가상각비|세금과공과|임차료|보험료|수선비|외주가공비|운반・하역・보관・포장비|경상개발비|기타경비|기초재공품원가|기말재공품원가|유형자산(타계정)대체액|당기제품제조원가,항목|업종코드별|기업규모별|계정항목별,,「기업경영분석」,한국은행 경제통계1국 한국은행 기업통계팀,02-759-4270,
301,1966004,DT_501Y069,"이익잉여금 처분계산서(조세특례제한법, 2009~2014)","Statement of Appropriation of Retained Earnings(The Restriction of Special Taxation Act, 2009~2014, complete enumeration)","한국은행 > 기업경영분석 > 2009년~2014년 (조세특례제한법) > 이익잉여금 처분계산서(조세특례제한법, 2009~2014)",2022-06-02,년,,,0,1,159,이익잉여금 처분계산서(조세특례제한법 2009~2014)|C10 식료품|C101-4 고기 과실 채소 및 유지 가공업|C111 알콜음료|C131 방적 및 가공사|C201 기초화학물질|C221 고무제품|C231 유리 및 유리제품|C241 1차 철강|C2612 반도체 및 전자부품|C281 전동기 발전기 및 전기 변환 ・ 공급 ・ 제어 장치|C291 일반 목적용 기계|C301 자동차용 엔진 및 자동차|C311 선박 및 보트 건조업|D351 전기업|E37 E3812 하수 폐수 및 분뇨처리 폐기물 수집운반 ・ 처리업|F41 종합 건설업|G45 자동차 및 부품 판매업|G471 종합소매업|G4711-9 종합 소매업(백화점 제외)|G472-8 G4792-9 일반소매업(통신판매업 제외)|H49 육상운송업|H491 철도운송업|I55 숙박업|J58 출판업|J581 서적 잡지 및 기타 인쇄물 출판업|L68 부동산업|M71 전문서비스업|M7112 법무 회계 및 세무 관련서비스업|N74 사업시설관리 및 조경 서비스업|N751 인력공급 및 고용알선업|전산업|정보통신기기제조업|첨단기술업종|기초소재형산업|A01 농업|C105 낙농제품 및 식용빙과류|C11 음료|C112 비알콜음료 및 얼음|C132 직물직조 및 직물제품|C202 비료 및 질소화합물|C222 플라스틱제품|C232 도자기 및 기타 요업제품|C242 1차 비철금속|C263 컴퓨터 및 주변장치|C283 절연선 및 케이블|C292 특수 목적용 기계|C3023 자동차차체 및 트레일러 자동차 부품|C31239 철도 항공기 및 그외 기타 운송장비|D3523 가스 증기 ・ 냉온수 및 공기조절 공급업|E383 금속 및 비금속 원료 재생업|F42 전문직별 공사업|G46 도매 및 상품중개업|G47111 백화점|G472-9 일반소매업|G4791 통신 판매업|H492 육상 여객 운송업|H50 수상 운송업|I56 음식점 및 주점업|J582 소프트웨어 개발 및 공급업|J59 영상 ・ 오디오 기록물 제작 및 배급업|L69 임대업; 부동산 제외|M713 광고업|M72 건축기술 엔지니어링 및 기타 과학기술 서비스업|N75 사업지원서비스업|N752 여행사 및 기타 여행보조 서비스업|정보통신서비스업|고기술업종|조립가공형산업|A03 어업|C1068 곡물가공품 전분제품 사료 및 조제식품|C13 섬유제품(의복제외)|C13349 기타 섬유제품|C203 합성고무 및 플라스틱 물질|C233 시멘트 석회 플라스터 및 그 제품|C243 금속 주조업|C264 통신 및 방송 장비|C285 가정용 기기|G47 소매업(자동차 제외)|H493-5 도로 화물 소화물 전문 운송업 파이프라인운송업|H51 항공 운송업|J60 방송업|M7147153 기타 전문서비스업|M73 기타 전문 과학 및 기술 서비스업|N753 경비 경호 및 탐정업|중기술업종|생활관련형산업|B 광업|C107 기타 식품|C14 의복 의복액세서리 및 모피제품|C204 기타 화학제품|C239 기타 비금속 광물제품|C2656 영상 및 음향기기 마그네틱 및 광학 매체|C28249 기타 전기장비|H52 창고 및 운송관련 서비스업|J61 통신업|N759 기타 사업지원 서비스업|저기술업종|C 제조업|C15 가죽 가방 및 신발|C205 화학섬유|J62 컴퓨터 프로그래밍 시스템 통합 및 관리업|C16 목재 및 나무제품(가구 제외)|J63 정보서비스업|비제조업|C17 펄프 종이 및 종이제품|D35 전기 가스 증기 및 공기조절 공급업|C18 인쇄 및 기록매체 복제업|F 건설업|C19 코크스 연탄 및 석유정제품|서비스업|C20 화학물질 및 화학제품(의약품 제외)|E 하수 ・ 폐기물 처리 원료재생 및 환경복원업|C21 의료용 물질 및 의약품|G 도매 및 소매업|C22 고무제품 및 플라스틱제품|H 운수업|C23 비금속 광물제품|I 숙박 및 음식점업|C24 1차 금속|J 출판 영상 방송통신 및 정보서비스업|C25 금속가공제품(기계 및 가구 제외)|L 부동산업 및 임대업|C26 전자부품 컴퓨터 영상 음향 및 통신장비|M 전문 과학 및 기술 서비스업|C27 의료 정밀 광학기기 및 시계|N 사업시설관리 및 사업지원 서비스업|C28 전기장비|P 교육 서비스업|C29 기타 기계 및 장비|R 예술 스포츠 및 여가관련 서비스업|C30 자동차 및 트레일러|S95 수리업|C31 기타 운송장비|S96 기타 개인 서비스업|C32 가구|제조업 중화학공업|C33 기타 제품 제조업|제조업 경공업|기술수준별|산업형태별|정보통신기술산업|종합|대기업|대기업_중견|중소기업|처분전이익잉여금|전기이월이익잉여금|당기순이익|회계변경의 누적효과|전기오류수정손익|기타처분전이익잉여금|임의적립금 등의 이입액|이익잉여금처분액|이익준비금|기타법정적립금|배당금|임의적립금|기타이익잉여금처분액|차기이월이익잉여금,항목|업종코드별|기업규모별|계정항목별,,「기업경영분석」,한국은행 경제통계1국 한국은행 기업통계팀,02-759-4270,
301,1966004,DT_501Y040,"생산성 지표(조세특례제한법, 2009~2014)","Indicators concerning Productivity(The Restriction of Special Taxation Act, 2009~2014, complete enumeration)","한국은행 > 기업경영분석 > 2009년~2014년 (조세특례제한법) > 생산성 지표(조세특례제한법, 2009~2014)",2022-06-02,년,,,0,1,150,생산성 지표(조세특례제한법 2009~2014)|C10 식료품|C101-4 고기 과실 채소 및 유지 가공업|C111 알콜음료|C131 방적 및 가공사|C201 기초화학물질|C221 고무제품|C231 유리 및 유리제품|C241 1차 철강|C2612 반도체 및 전자부품|C281 전동기 발전기 및 전기 변환 ・ 공급 ・ 제어 장치|C291 일반 목적용 기계|C301 자동차용 엔진 및 자동차|C311 선박 및 보트 건조업|D351 전기업|E37 E3812 하수 폐수 및 분뇨처리 폐기물 수집운반 ・ 처리업|F41 종합 건설업|G45 자동차 및 부품 판매업|G471 종합소매업|G4711-9 종합 소매업(백화점 제외)|G472-8 G4792-9 일반소매업(통신판매업 제외)|H49 육상운송업|H491 철도운송업|I55 숙박업|J58 출판업|J581 서적 잡지 및 기타 인쇄물 출판업|L68 부동산업|M71 전문서비스업|M7112 법무 회계 및 세무 관련서비스업|N74 사업시설관리 및 조경 서비스업|N751 인력공급 및 고용알선업|전산업|정보통신기기제조업|첨단기술업종|기초소재형산업|A01 농업|C105 낙농제품 및 식용빙과류|C11 음료|C112 비알콜음료 및 얼음|C132 직물직조 및 직물제품|C202 비료 및 질소화합물|C222 플라스틱제품|C232 도자기 및 기타 요업제품|C242 1차 비철금속|C263 컴퓨터 및 주변장치|C283 절연선 및 케이블|C292 특수 목적용 기계|C3023 자동차차체 및 트레일러 자동차 부품|C31239 철도 항공기 및 그외 기타 운송장비|D3523 가스 증기 ・ 냉온수 및 공기조절 공급업|E383 금속 및 비금속 원료 재생업|F42 전문직별 공사업|G46 도매 및 상품중개업|G47111 백화점|G472-9 일반소매업|G4791 통신 판매업|H492 육상 여객 운송업|H50 수상 운송업|I56 음식점 및 주점업|J582 소프트웨어 개발 및 공급업|J59 영상 ・ 오디오 기록물 제작 및 배급업|L69 임대업; 부동산 제외|M713 광고업|M72 건축기술 엔지니어링 및 기타 과학기술 서비스업|N75 사업지원서비스업|N752 여행사 및 기타 여행보조 서비스업|정보통신서비스업|고기술업종|조립가공형산업|A03 어업|C1068 곡물가공품 전분제품 사료 및 조제식품|C13 섬유제품(의복제외)|C13349 기타 섬유제품|C203 합성고무 및 플라스틱 물질|C233 시멘트 석회 플라스터 및 그 제품|C243 금속 주조업|C264 통신 및 방송 장비|C285 가정용 기기|G47 소매업(자동차 제외)|H493-5 도로 화물 소화물 전문 운송업 파이프라인운송업|H51 항공 운송업|J60 방송업|M7147153 기타 전문서비스업|M73 기타 전문 과학 및 기술 서비스업|N753 경비 경호 및 탐정업|중기술업종|생활관련형산업|B 광업|C107 기타 식품|C14 의복 의복액세서리 및 모피제품|C204 기타 화학제품|C239 기타 비금속 광물제품|C2656 영상 및 음향기기 마그네틱 및 광학 매체|C28249 기타 전기장비|H52 창고 및 운송관련 서비스업|J61 통신업|N759 기타 사업지원 서비스업|저기술업종|C 제조업|C15 가죽 가방 및 신발|C205 화학섬유|J62 컴퓨터 프로그래밍 시스템 통합 및 관리업|C16 목재 및 나무제품(가구 제외)|J63 정보서비스업|비제조업|C17 펄프 종이 및 종이제품|D35 전기 가스 증기 및 공기조절 공급업|C18 인쇄 및 기록매체 복제업|F 건설업|C19 코크스 연탄 및 석유정제품|서비스업|C20 화학물질 및 화학제품(의약품 제외)|E 하수 ・ 폐기물 처리 원료재생 및 환경복원업|C21 의료용 물질 및 의약품|G 도매 및 소매업|C22 고무제품 및 플라스틱제품|H 운수업|C23 비금속 광물제품|I 숙박 및 음식점업|C24 1차 금속|J 출판 영상 방송통신 및 정보서비스업|C25 금속가공제품(기계 및 가구 제외)|L 부동산업 및 임대업|C26 전자부품 컴퓨터 영상 음향 및 통신장비|M 전문 과학 및 기술 서비스업|C27 의료 정밀 광학기기 및 시계|N 사업시설관리 및 사업지원 서비스업|C28 전기장비|P 교육 서비스업|C29 기타 기계 및 장비|R 예술 스포츠 및 여가관련 서비스업|C30 자동차 및 트레일러|S95 수리업|C31 기타 운송장비|S96 기타 개인 서비스업|C32 가구|제조업 중화학공업|C33 기타 제품 제조업|제조업 경공업|기술수준별|산업형태별|정보통신기술산업|종합|대기업|대기업_중견|중소기업|총자본투자효율|설비투자효율|기계투자효율|부가가치율|노동소득분배율,항목|업종코드별|기업규모별|계정항목별,,「기업경영분석」,한국은행 경제통계1국 한국은행 기업통계팀,02-759-4270,
301,1966004,DT_501Y017,기업경영분석지표(2007~2010),Indicators of Financial Statement Analysis(2007~2010),한국은행 > 기업경영분석 > 2008년~2010년 > 기업경영분석지표(2007~2010),2022-05-31,년,,,0,1,17,기업경영분석지표(2007~2010)|전산업|제조업|부채비율|자기자본비율|차입금의존도|유동비율|비유동비율|매출액영업이익률|매출액세전순이익률|이자보상비율|금융비용부담률|차입금평균이자율|인건비대매출액|인건비대영업총비용|매출액증가율|유형자산증가율|총자산증가율,항목|업종코드별|계정항목별,,「기업경영분석」,한국은행 경제통계1국 한국은행 기업통계팀,02-759-4270,
301,1966004,DT_501Y021,"성장성 지표(2007~2010, 표본조사)","Indicators concerning Growth(2007~2010, sample survey)","한국은행 > 기업경영분석 > 2008년~2010년 > 성장성 지표(2007~2010, 표본조사)",2022-06-02,년,,,0,1,141,성장성 지표(2007~2010 표본조사)|C10 식료품|C101-4 고기 과실 채소 및 유지 가공업|C111 알콜음료|C131 방적 및 가공사|C201 기초화학물질|C2041 살충제 및 기타농약|C221 고무제품|C231 유리 및 유리제품|C241 1차 철강|C2612 반도체 및 전자부품|C281 전동기 발전기 및 전기 변환 ・ 공급 ・ 제어 장치|C301 자동차용 엔진 및 자동차|C311 선박 및 보트 건조업|D351 전기업|E37 E3812 하수 폐수 및 분뇨처리 폐기물 수집운반 ・ 처리업|F41 종합 건설업|G45 자동차 및 부품 판매업|G471 종합소매업|G4711-9 종합 소매업(백화점 제외)|G4790 일반소매업(통신판매업 제외)|H49 육상운송업(철도운송업 제외)|H492 육상 여객 운송업|J58 출판업|J581 서적 잡지 및 기타 인쇄물 출판업|M71 전문서비스업|M713 광고업|전산업|정보통신기기제조업|첨단기술업종|기초소재형산업|A03 어업|C105 낙농제품 및 식용빙과류|C11 음료|C112 비알콜음료 및 얼음|C132 직물직조 및 직물제품|C202 비료 및 질소화합물|C2042 잉크 페인트 코팅제 및 유사제품|C222 플라스틱제품|C232 도자기 및 기타 요업제품|C242 1차 비철금속|C263 컴퓨터 및 주변장치|C283 절연선 및 케이블|C291 일반 목적용 기계|C3023 자동차차체 및 트레일러 자동차 부품|C31239 철도 항공기 및 그외 기타 운송장비|D3523 가스 증기 ・ 냉온수 및 공기조절 공급업|E383 금속 및 비금속 원료 재생업|F42 전문직별 공사업|G46 도매 및 상품중개업|G47111 백화점|G472-9 일반소매업|G4791 통신 판매업|H4934 도로 화물 소화물 전문 운송업|H50 수상 운송업|J582 소프트웨어 개발 및 공급업|J59 영상 ・ 오디오 기록물 제작 및 배급업|M711245 기타 전문서비스업|M72 건축기술 엔지니어링 및 기타 과학기술 서비스업|정보통신서비스업|고기술업종|조립가공형산업|B 광업|C1068 곡물가공품 전분제품 사료 및 조제식품|C13 섬유제품(의복제외)|C13349 기타 섬유제품|C203 합성고무 및 플라스틱 물질|C2043 세제 화장품 및 광택제|C233 시멘트 석회 플라스터 및 그 제품|C243 금속 주조업|C264 통신 및 방송 장비|C285 가정용 기기|C292 특수 목적용 기계|G47 소매업(자동차 제외)|H51 항공 운송업|J60 방송업|M73 기타 전문 과학 및 기술 서비스업|중기술업종|생활관련형산업|C 제조업|C107 기타 식품|C14 의복 의복액세서리 및 모피제품|C204 기타 화학제품|C2049 그외 기타 화학제품|C239 기타 비금속 광물제품|C2656 영상 및 음향기기 마그네틱 및 광학 매체|C28249 기타 전기장비|H52 창고 및 운송관련 서비스업|J612 전기통신업|저기술업종|C15 가죽 가방 및 신발|C205 화학섬유|J62 컴퓨터 프로그래밍 시스템 통합 및 관리업|비제조업|C16 목재 및 나무제품(가구 제외)|D35 전기 가스 증기 및 공기조절 공급업|J63 정보서비스업|C17 펄프 종이 및 종이제품|F 건설업|C18 인쇄 및 기록매체 복제업|서비스업|C19 코크스 연탄 및 석유정제품|E 하수 ・ 폐기물 처리 원료재생 및 환경복원업|C20 화학물질 및 화학제품(의약품 제외)|G 도매 및 소매업|C21 의료용 물질 및 의약품|H 운수업|C22 고무제품 및 플라스틱제품|I55 숙박업|C23 비금속 광물제품|J 출판 영상 방송통신 및 정보서비스업|C24 1차 금속|L 부동산업 및 임대업|C25 금속가공제품(기계 및 가구 제외)|M 전문 과학 및 기술 서비스업|C26 전자부품 컴퓨터 영상 음향 및 통신장비|N 사업시설관리 및 사업지원 서비스업|C27 의료 정밀 광학기기 및 시계|R 예술 스포츠 및 여가관련 서비스업|C28 전기장비|제조업 수출기업|C29 기타 기계 및 장비|제조업 내수기업|C30 자동차 및 트레일러|제조업 중화학공업|C31 기타 운송장비|제조업 경공업|C32 가구|기술수준별|C33 기타 제품 제조업|산업형태별|정보통신기술산업|종합|대기업|대기업_중견|중소기업|총자산증가율|유형자산증가율|유동자산증가율|재고자산증가율|자기자본증가율|매출액증가율,항목|업종코드별|기업규모별|계정항목별,,「기업경영분석」,한국은행 경제통계1국 한국은행 기업통계팀,02-759-4270,
301,1966004,DT_501Y026,"손익 지표(2007~2010, 표본조사)","Relationship Ratios of Income and Expenses(2007~2010, sample survey)","한국은행 > 기업경영분석 > 2008년~2010년 > 손익 지표(2007~2010, 표본조사)",2022-06-02,년,,,0,1,169,수익성 지표(2007~2010 표본조사)|C10 식료품|C101-4 고기 과실 채소 및 유지 가공업|C111 알콜음료|C131 방적 및 가공사|C201 기초화학물질|C2041 살충제 및 기타농약|C221 고무제품|C231 유리 및 유리제품|C241 1차 철강|C2612 반도체 및 전자부품|C281 전동기 발전기 및 전기 변환 ・ 공급 ・ 제어 장치|C301 자동차용 엔진 및 자동차|C311 선박 및 보트 건조업|D351 전기업|E37 E3812 하수 폐수 및 분뇨처리 폐기물 수집운반 ・ 처리업|F41 종합 건설업|G45 자동차 및 부품 판매업|G471 종합소매업|G4711-9 종합 소매업(백화점 제외)|G4790 일반소매업(통신판매업 제외)|H49 육상운송업(철도운송업 제외)|H492 육상 여객 운송업|J58 출판업|J581 서적 잡지 및 기타 인쇄물 출판업|M71 전문서비스업|M713 광고업|전산업|정보통신기기제조업|첨단기술업종|기초소재형산업|A03 어업|C105 낙농제품 및 식용빙과류|C11 음료|C112 비알콜음료 및 얼음|C132 직물직조 및 직물제품|C202 비료 및 질소화합물|C2042 잉크 페인트 코팅제 및 유사제품|C222 플라스틱제품|C232 도자기 및 기타 요업제품|C242 1차 비철금속|C263 컴퓨터 및 주변장치|C283 절연선 및 케이블|C291 일반 목적용 기계|C3023 자동차차체 및 트레일러 자동차 부품|C31239 철도 항공기 및 그외 기타 운송장비|D3523 가스 증기 ・ 냉온수 및 공기조절 공급업|E383 금속 및 비금속 원료 재생업|F42 전문직별 공사업|G46 도매 및 상품중개업|G47111 백화점|G472-9 일반소매업|G4791 통신 판매업|H4934 도로 화물 소화물 전문 운송업|H50 수상 운송업|J582 소프트웨어 개발 및 공급업|J59 영상 ・ 오디오 기록물 제작 및 배급업|M711245 기타 전문서비스업|M72 건축기술 엔지니어링 및 기타 과학기술 서비스업|정보통신서비스업|고기술업종|조립가공형산업|B 광업|C1068 곡물가공품 전분제품 사료 및 조제식품|C13 섬유제품(의복제외)|C13349 기타 섬유제품|C203 합성고무 및 플라스틱 물질|C2043 세제 화장품 및 광택제|C233 시멘트 석회 플라스터 및 그 제품|C243 금속 주조업|C264 통신 및 방송 장비|C285 가정용 기기|C292 특수 목적용 기계|G47 소매업(자동차 제외)|H51 항공 운송업|J60 방송업|M73 기타 전문 과학 및 기술 서비스업|중기술업종|생활관련형산업|C 제조업|C107 기타 식품|C14 의복 의복액세서리 및 모피제품|C204 기타 화학제품|C2049 그외 기타 화학제품|C239 기타 비금속 광물제품|C2656 영상 및 음향기기 마그네틱 및 광학 매체|C28249 기타 전기장비|H52 창고 및 운송관련 서비스업|J612 전기통신업|저기술업종|C15 가죽 가방 및 신발|C205 화학섬유|J62 컴퓨터 프로그래밍 시스템 통합 및 관리업|비제조업|C16 목재 및 나무제품(가구 제외)|D35 전기 가스 증기 및 공기조절 공급업|J63 정보서비스업|C17 펄프 종이 및 종이제품|F 건설업|C18 인쇄 및 기록매체 복제업|서비스업|C19 코크스 연탄 및 석유정제품|E 하수 ・ 폐기물 처리 원료재생 및 환경복원업|C20 화학물질 및 화학제품(의약품 제외)|G 도매 및 소매업|C21 의료용 물질 및 의약품|H 운수업|C22 고무제품 및 플라스틱제품|I55 숙박업|C23 비금속 광물제품|J 출판 영상 방송통신 및 정보서비스업|C24 1차 금속|L 부동산업 및 임대업|C25 금속가공제품(기계 및 가구 제외)|M 전문 과학 및 기술 서비스업|C26 전자부품 컴퓨터 영상 음향 및 통신장비|N 사업시설관리 및 사업지원 서비스업|C27 의료 정밀 광학기기 및 시계|R 예술 스포츠 및 여가관련 서비스업|C28 전기장비|제조업 수출기업|C29 기타 기계 및 장비|제조업 내수기업|C30 자동차 및 트레일러|제조업 중화학공업|C31 기타 운송장비|제조업 경공업|C32 가구|기술수준별|C33 기타 제품 제조업|산업형태별|정보통신기술산업|종합|대기업|대기업_중견|중소기업|총자산세전순이익률|총자산순이익률|기업세전순이익률|기업순이익률|자기자본세전순이익률|자기자본순이익률|자본금세전순이익률|자본금순이익률|매출액세전순이익률|매출액순이익률|매출액영업이익률|매출원가대매출액|변동비대매출액|고정비대매출액|연구개발비대매출액|인건비대매출액비율|인건비대영업총비용|재료비대매출액비율|재료비대영업총비용|순외환손익대매출액|EBIT대매출액|EBITDA대매출액|감가상각률|금융비용대부채|차입금평균이자율|금융비용대총비용|금융비용대매출액|순금융비용대매출액|이자보상비율|순이자보상비율|손익분기점률|사내유보율|배당률|배당성향,항목|업종코드별|기업규모별|계정항목별,,「기업경영분석」,한국은행 경제통계1국 한국은행 기업통계팀,02-759-4270,
301,1966004,DT_501Y031,"자산/자본 지표(2007~2010, 표본조사)","Relationship Ratios of Assets, Liabilities and Stockholder's Equity(2007~2010, sample survey)","한국은행 > 기업경영분석 > 2008년~2010년 > 자산/자본 지표(2007~2010, 표본조사)",2022-06-02,년,,,0,1,148,자산/자본 지표(2007~2010 표본조사)|C10 식료품|C101-4 고기 과실 채소 및 유지 가공업|C111 알콜음료|C131 방적 및 가공사|C201 기초화학물질|C2041 살충제 및 기타농약|C221 고무제품|C231 유리 및 유리제품|C241 1차 철강|C2612 반도체 및 전자부품|C281 전동기 발전기 및 전기 변환 ・ 공급 ・ 제어 장치|C301 자동차용 엔진 및 자동차|C311 선박 및 보트 건조업|D351 전기업|E37 E3812 하수 폐수 및 분뇨처리 폐기물 수집운반 ・ 처리업|F41 종합 건설업|G45 자동차 및 부품 판매업|G471 종합소매업|G4711-9 종합 소매업(백화점 제외)|G4790 일반소매업(통신판매업 제외)|H49 육상운송업(철도운송업 제외)|H492 육상 여객 운송업|J58 출판업|J581 서적 잡지 및 기타 인쇄물 출판업|M71 전문서비스업|M713 광고업|전산업|정보통신기기제조업|첨단기술업종|기초소재형산업|A03 어업|C105 낙농제품 및 식용빙과류|C11 음료|C112 비알콜음료 및 얼음|C132 직물직조 및 직물제품|C202 비료 및 질소화합물|C2042 잉크 페인트 코팅제 및 유사제품|C222 플라스틱제품|C232 도자기 및 기타 요업제품|C242 1차 비철금속|C263 컴퓨터 및 주변장치|C283 절연선 및 케이블|C291 일반 목적용 기계|C3023 자동차차체 및 트레일러 자동차 부품|C31239 철도 항공기 및 그외 기타 운송장비|D3523 가스 증기 ・ 냉온수 및 공기조절 공급업|E383 금속 및 비금속 원료 재생업|F42 전문직별 공사업|G46 도매 및 상품중개업|G47111 백화점|G472-9 일반소매업|G4791 통신 판매업|H4934 도로 화물 소화물 전문 운송업|H50 수상 운송업|J582 소프트웨어 개발 및 공급업|J59 영상 ・ 오디오 기록물 제작 및 배급업|M711245 기타 전문서비스업|M72 건축기술 엔지니어링 및 기타 과학기술 서비스업|정보통신서비스업|고기술업종|조립가공형산업|B 광업|C1068 곡물가공품 전분제품 사료 및 조제식품|C13 섬유제품(의복제외)|C13349 기타 섬유제품|C203 합성고무 및 플라스틱 물질|C2043 세제 화장품 및 광택제|C233 시멘트 석회 플라스터 및 그 제품|C243 금속 주조업|C264 통신 및 방송 장비|C285 가정용 기기|C292 특수 목적용 기계|G47 소매업(자동차 제외)|H51 항공 운송업|J60 방송업|M73 기타 전문 과학 및 기술 서비스업|중기술업종|생활관련형산업|C 제조업|C107 기타 식품|C14 의복 의복액세서리 및 모피제품|C204 기타 화학제품|C2049 그외 기타 화학제품|C239 기타 비금속 광물제품|C2656 영상 및 음향기기 마그네틱 및 광학 매체|C28249 기타 전기장비|H52 창고 및 운송관련 서비스업|J612 전기통신업|저기술업종|C15 가죽 가방 및 신발|C205 화학섬유|J62 컴퓨터 프로그래밍 시스템 통합 및 관리업|비제조업|C16 목재 및 나무제품(가구 제외)|D35 전기 가스 증기 및 공기조절 공급업|J63 정보서비스업|C17 펄프 종이 및 종이제품|F 건설업|C18 인쇄 및 기록매체 복제업|서비스업|C19 코크스 연탄 및 석유정제품|E 하수 ・ 폐기물 처리 원료재생 및 환경복원업|C20 화학물질 및 화학제품(의약품 제외)|G 도매 및 소매업|C21 의료용 물질 및 의약품|H 운수업|C22 고무제품 및 플라스틱제품|I55 숙박업|C23 비금속 광물제품|J 출판 영상 방송통신 및 정보서비스업|C24 1차 금속|L 부동산업 및 임대업|C25 금속가공제품(기계 및 가구 제외)|M 전문 과학 및 기술 서비스업|C26 전자부품 컴퓨터 영상 음향 및 통신장비|N 사업시설관리 및 사업지원 서비스업|C27 의료 정밀 광학기기 및 시계|R 예술 스포츠 및 여가관련 서비스업|C28 전기장비|제조업 수출기업|C29 기타 기계 및 장비|제조업 내수기업|C30 자동차 및 트레일러|제조업 중화학공업|C31 기타 운송장비|제조업 경공업|C32 가구|기술수준별|C33 기타 제품 제조업|산업형태별|정보통신기술산업|종합|대기업|대기업_중견|중소기업|자기자본비율|유동비율|당좌비율|현금및현금성자산비율|비유동비율|비유동장기적합률|부채비율|유동부채비율|비유동부채비율|차입금의존도|차입금대매출액비율|매출채권대매입채무|순운전자본대총자본,항목|업종코드별|기업규모별|계정항목별,,「기업경영분석」,한국은행 경제통계1국 한국은행 기업통계팀,02-759-4270,
301,1966004,DT_501Y036,"자산/자본 회전율(2007~2010, 표본조사)","Turnover Ratios of Assets, Liabilities and Stockholder's Equity(2007~2010, sample survey)","한국은행 > 기업경영분석 > 2008년~2010년 > 자산/자본 회전율(2007~2010, 표본조사)",2022-06-02,년,,,0,1,145,자산/자본 회전율(2007~2010 표본조사)|C10 식료품|C101-4 고기 과실 채소 및 유지 가공업|C111 알콜음료|C131 방적 및 가공사|C201 기초화학물질|C2041 살충제 및 기타농약|C221 고무제품|C231 유리 및 유리제품|C241 1차 철강|C2612 반도체 및 전자부품|C281 전동기 발전기 및 전기 변환 ・ 공급 ・ 제어 장치|C301 자동차용 엔진 및 자동차|C311 선박 및 보트 건조업|D351 전기업|E37 E3812 하수 폐수 및 분뇨처리 폐기물 수집운반 ・ 처리업|F41 종합 건설업|G45 자동차 및 부품 판매업|G471 종합소매업|G4711-9 종합 소매업(백화점 제외)|G4790 일반소매업(통신판매업 제외)|H49 육상운송업(철도운송업 제외)|H492 육상 여객 운송업|J58 출판업|J581 서적 잡지 및 기타 인쇄물 출판업|M71 전문서비스업|M713 광고업|전산업|정보통신기기제조업|첨단기술업종|기초소재형산업|A03 어업|C105 낙농제품 및 식용빙과류|C11 음료|C112 비알콜음료 및 얼음|C132 직물직조 및 직물제품|C202 비료 및 질소화합물|C2042 잉크 페인트 코팅제 및 유사제품|C222 플라스틱제품|C232 도자기 및 기타 요업제품|C242 1차 비철금속|C263 컴퓨터 및 주변장치|C283 절연선 및 케이블|C291 일반 목적용 기계|C3023 자동차차체 및 트레일러 자동차 부품|C31239 철도 항공기 및 그외 기타 운송장비|D3523 가스 증기 ・ 냉온수 및 공기조절 공급업|E383 금속 및 비금속 원료 재생업|F42 전문직별 공사업|G46 도매 및 상품중개업|G47111 백화점|G472-9 일반소매업|G4791 통신 판매업|H4934 도로 화물 소화물 전문 운송업|H50 수상 운송업|J582 소프트웨어 개발 및 공급업|J59 영상 ・ 오디오 기록물 제작 및 배급업|M711245 기타 전문서비스업|M72 건축기술 엔지니어링 및 기타 과학기술 서비스업|정보통신서비스업|고기술업종|조립가공형산업|B 광업|C1068 곡물가공품 전분제품 사료 및 조제식품|C13 섬유제품(의복제외)|C13349 기타 섬유제품|C203 합성고무 및 플라스틱 물질|C2043 세제 화장품 및 광택제|C233 시멘트 석회 플라스터 및 그 제품|C243 금속 주조업|C264 통신 및 방송 장비|C285 가정용 기기|C292 특수 목적용 기계|G47 소매업(자동차 제외)|H51 항공 운송업|J60 방송업|M73 기타 전문 과학 및 기술 서비스업|중기술업종|생활관련형산업|C 제조업|C107 기타 식품|C14 의복 의복액세서리 및 모피제품|C204 기타 화학제품|C2049 그외 기타 화학제품|C239 기타 비금속 광물제품|C2656 영상 및 음향기기 마그네틱 및 광학 매체|C28249 기타 전기장비|H52 창고 및 운송관련 서비스업|J612 전기통신업|저기술업종|C15 가죽 가방 및 신발|C205 화학섬유|J62 컴퓨터 프로그래밍 시스템 통합 및 관리업|비제조업|C16 목재 및 나무제품(가구 제외)|D35 전기 가스 증기 및 공기조절 공급업|J63 정보서비스업|C17 펄프 종이 및 종이제품|F 건설업|C18 인쇄 및 기록매체 복제업|서비스업|C19 코크스 연탄 및 석유정제품|E 하수 ・ 폐기물 처리 원료재생 및 환경복원업|C20 화학물질 및 화학제품(의약품 제외)|G 도매 및 소매업|C21 의료용 물질 및 의약품|H 운수업|C22 고무제품 및 플라스틱제품|I55 숙박업|C23 비금속 광물제품|J 출판 영상 방송통신 및 정보서비스업|C24 1차 금속|L 부동산업 및 임대업|C25 금속가공제품(기계 및 가구 제외)|M 전문 과학 및 기술 서비스업|C26 전자부품 컴퓨터 영상 음향 및 통신장비|N 사업시설관리 및 사업지원 서비스업|C27 의료 정밀 광학기기 및 시계|R 예술 스포츠 및 여가관련 서비스업|C28 전기장비|제조업 수출기업|C29 기타 기계 및 장비|제조업 내수기업|C30 자동차 및 트레일러|제조업 중화학공업|C31 기타 운송장비|제조업 경공업|C32 가구|기술수준별|C33 기타 제품 제조업|산업형태별|정보통신기술산업|종합|대기업|대기업_중견|중소기업|총자산회전율|자기자본회전율|자본금회전율|경영자산회전율|비유동자산회전율|유형자산회전율|재고자산회전율|상(제)품회전율|매출채권회전율|매입채무회전율,항목|업종코드별|기업규모별|계정항목별,,「기업경영분석」,한국은행 경제통계1국 한국은행 기업통계팀,02-759-4270,
301,1966004,DT_501Y041,"생산성 지표(2007~2010, 표본조사)","Indicators concerning Productivity(2007~2010, sample survey)","한국은행 > 기업경영분석 > 2008년~2010년 > 생산성 지표(2007~2010, 표본조사)",2022-06-02,년,,,0,1,143,생산성 지표(2007~2010 표본조사)|C10 식료품|C101-4 고기 과실 채소 및 유지 가공업|C111 알콜음료|C131 방적 및 가공사|C201 기초화학물질|C2041 살충제 및 기타농약|C221 고무제품|C231 유리 및 유리제품|C241 1차 철강|C2612 반도체 및 전자부품|C281 전동기 발전기 및 전기 변환 ・ 공급 ・ 제어 장치|C301 자동차용 엔진 및 자동차|C311 선박 및 보트 건조업|D351 전기업|E37 E3812 하수 폐수 및 분뇨처리 폐기물 수집운반 ・ 처리업|F41 종합 건설업|G45 자동차 및 부품 판매업|G471 종합소매업|G4711-9 종합 소매업(백화점 제외)|G4790 일반소매업(통신판매업 제외)|H49 육상운송업(철도운송업 제외)|H492 육상 여객 운송업|J58 출판업|J581 서적 잡지 및 기타 인쇄물 출판업|M71 전문서비스업|M713 광고업|전산업|정보통신기기제조업|첨단기술업종|기초소재형산업|A03 어업|C105 낙농제품 및 식용빙과류|C11 음료|C112 비알콜음료 및 얼음|C132 직물직조 및 직물제품|C202 비료 및 질소화합물|C2042 잉크 페인트 코팅제 및 유사제품|C222 플라스틱제품|C232 도자기 및 기타 요업제품|C242 1차 비철금속|C263 컴퓨터 및 주변장치|C283 절연선 및 케이블|C291 일반 목적용 기계|C3023 자동차차체 및 트레일러 자동차 부품|C31239 철도 항공기 및 그외 기타 운송장비|D3523 가스 증기 ・ 냉온수 및 공기조절 공급업|E383 금속 및 비금속 원료 재생업|F42 전문직별 공사업|G46 도매 및 상품중개업|G47111 백화점|G472-9 일반소매업|G4791 통신 판매업|H4934 도로 화물 소화물 전문 운송업|H50 수상 운송업|J582 소프트웨어 개발 및 공급업|J59 영상 ・ 오디오 기록물 제작 및 배급업|M711245 기타 전문서비스업|M72 건축기술 엔지니어링 및 기타 과학기술 서비스업|정보통신서비스업|고기술업종|조립가공형산업|B 광업|C1068 곡물가공품 전분제품 사료 및 조제식품|C13 섬유제품(의복제외)|C13349 기타 섬유제품|C203 합성고무 및 플라스틱 물질|C2043 세제 화장품 및 광택제|C233 시멘트 석회 플라스터 및 그 제품|C243 금속 주조업|C264 통신 및 방송 장비|C285 가정용 기기|C292 특수 목적용 기계|G47 소매업(자동차 제외)|H51 항공 운송업|J60 방송업|M73 기타 전문 과학 및 기술 서비스업|중기술업종|생활관련형산업|C 제조업|C107 기타 식품|C14 의복 의복액세서리 및 모피제품|C204 기타 화학제품|C2049 그외 기타 화학제품|C239 기타 비금속 광물제품|C2656 영상 및 음향기기 마그네틱 및 광학 매체|C28249 기타 전기장비|H52 창고 및 운송관련 서비스업|J612 전기통신업|저기술업종|C15 가죽 가방 및 신발|C205 화학섬유|J62 컴퓨터 프로그래밍 시스템 통합 및 관리업|비제조업|C16 목재 및 나무제품(가구 제외)|D35 전기 가스 증기 및 공기조절 공급업|J63 정보서비스업|C17 펄프 종이 및 종이제품|F 건설업|C18 인쇄 및 기록매체 복제업|서비스업|C19 코크스 연탄 및 석유정제품|E 하수 ・ 폐기물 처리 원료재생 및 환경복원업|C20 화학물질 및 화학제품(의약품 제외)|G 도매 및 소매업|C21 의료용 물질 및 의약품|H 운수업|C22 고무제품 및 플라스틱제품|I55 숙박업|C23 비금속 광물제품|J 출판 영상 방송통신 및 정보서비스업|C24 1차 금속|L 부동산업 및 임대업|C25 금속가공제품(기계 및 가구 제외)|M 전문 과학 및 기술 서비스업|C26 전자부품 컴퓨터 영상 음향 및 통신장비|N 사업시설관리 및 사업지원 서비스업|C27 의료 정밀 광학기기 및 시계|R 예술 스포츠 및 여가관련 서비스업|C28 전기장비|제조업 수출기업|C29 기타 기계 및 장비|제조업 내수기업|C30 자동차 및 트레일러|제조업 중화학공업|C31 기타 운송장비|제조업 경공업|C32 가구|기술수준별|C33 기타 제품 제조업|산업형태별|정보통신기술산업|종합|대기업|대기업_중견|중소기업|노동장비율|자본집약도|종업원1인당부가가치|총자본투자효율|설비투자효율|기계투자효율|부가가치율|노동소득분배율,항목|업종코드별|기업규모별|계정항목별,백만원|%,「기업경영분석」,한국은행 경제통계1국 한국은행 기업통계팀,02-759-4270,
301,1966004,DT_501Y075,"부가가치 구성(2007~2010, 표본조사)","Composition of Gross Value Added(2007~2010, sample survey)","한국은행 > 기업경영분석 > 2008년~2010년 > 부가가치 구성(2007~2010, 표본조사)",2022-06-02,년,,,0,1,140,부가가치 구성(2007~2010 표본조사)|C10 식료품|C101-4 고기 과실 채소 및 유지 가공업|C111 알콜음료|C131 방적 및 가공사|C201 기초화학물질|C2041 살충제 및 기타농약|C221 고무제품|C231 유리 및 유리제품|C241 1차 철강|C2612 반도체 및 전자부품|C281 전동기 발전기 및 전기 변환 ・ 공급 ・ 제어 장치|C301 자동차용 엔진 및 자동차|C311 선박 및 보트 건조업|D351 전기업|E37 E3812 하수 폐수 및 분뇨처리 폐기물 수집운반 ・ 처리업|F41 종합 건설업|G45 자동차 및 부품 판매업|G471 종합소매업|G4711-9 종합 소매업(백화점 제외)|G4790 일반소매업(통신판매업 제외)|H49 육상운송업(철도운송업 제외)|H492 육상 여객 운송업|J58 출판업|J581 서적 잡지 및 기타 인쇄물 출판업|M71 전문서비스업|M713 광고업|전산업|정보통신기기제조업|첨단기술업종|기초소재형산업|A03 어업|C105 낙농제품 및 식용빙과류|C11 음료|C112 비알콜음료 및 얼음|C132 직물직조 및 직물제품|C202 비료 및 질소화합물|C2042 잉크 페인트 코팅제 및 유사제품|C222 플라스틱제품|C232 도자기 및 기타 요업제품|C242 1차 비철금속|C263 컴퓨터 및 주변장치|C283 절연선 및 케이블|C291 일반 목적용 기계|C3023 자동차차체 및 트레일러 자동차 부품|C31239 철도 항공기 및 그외 기타 운송장비|D3523 가스 증기 ・ 냉온수 및 공기조절 공급업|E383 금속 및 비금속 원료 재생업|F42 전문직별 공사업|G46 도매 및 상품중개업|G47111 백화점|G472-9 일반소매업|G4791 통신 판매업|H4934 도로 화물 소화물 전문 운송업|H50 수상 운송업|J582 소프트웨어 개발 및 공급업|J59 영상 ・ 오디오 기록물 제작 및 배급업|M711245 기타 전문서비스업|M72 건축기술 엔지니어링 및 기타 과학기술 서비스업|정보통신서비스업|고기술업종|조립가공형산업|B 광업|C1068 곡물가공품 전분제품 사료 및 조제식품|C13 섬유제품(의복제외)|C13349 기타 섬유제품|C203 합성고무 및 플라스틱 물질|C2043 세제 화장품 및 광택제|C233 시멘트 석회 플라스터 및 그 제품|C243 금속 주조업|C264 통신 및 방송 장비|C285 가정용 기기|C292 특수 목적용 기계|G47 소매업(자동차 제외)|H51 항공 운송업|J60 방송업|M73 기타 전문 과학 및 기술 서비스업|중기술업종|생활관련형산업|C 제조업|C107 기타 식품|C14 의복 의복액세서리 및 모피제품|C204 기타 화학제품|C2049 그외 기타 화학제품|C239 기타 비금속 광물제품|C2656 영상 및 음향기기 마그네틱 및 광학 매체|C28249 기타 전기장비|H52 창고 및 운송관련 서비스업|J612 전기통신업|저기술업종|C15 가죽 가방 및 신발|C205 화학섬유|J62 컴퓨터 프로그래밍 시스템 통합 및 관리업|비제조업|C16 목재 및 나무제품(가구 제외)|D35 전기 가스 증기 및 공기조절 공급업|J63 정보서비스업|C17 펄프 종이 및 종이제품|F 건설업|C18 인쇄 및 기록매체 복제업|서비스업|C19 코크스 연탄 및 석유정제품|E 하수 ・ 폐기물 처리 원료재생 및 환경복원업|C20 화학물질 및 화학제품(의약품 제외)|G 도매 및 소매업|C21 의료용 물질 및 의약품|H 운수업|C22 고무제품 및 플라스틱제품|I55 숙박업|C23 비금속 광물제품|J 출판 영상 방송통신 및 정보서비스업|C24 1차 금속|L 부동산업 및 임대업|C25 금속가공제품(기계 및 가구 제외)|M 전문 과학 및 기술 서비스업|C26 전자부품 컴퓨터 영상 음향 및 통신장비|N 사업시설관리 및 사업지원 서비스업|C27 의료 정밀 광학기기 및 시계|R 예술 스포츠 및 여가관련 서비스업|C28 전기장비|제조업 수출기업|C29 기타 기계 및 장비|제조업 내수기업|C30 자동차 및 트레일러|제조업 중화학공업|C31 기타 운송장비|제조업 경공업|C32 가구|기술수준별|C33 기타 제품 제조업|산업형태별|정보통신기술산업|종합|대기업|대기업_중견|중소기업|영업잉여|인건비|금융비용|조세공과|감가상각비,항목|업종코드별|기업규모별|계정항목별,,「기업경영분석」,한국은행 경제통계1국 한국은행 기업통계팀,02-759-4270,
301,1966004,DT_501Y051,"재무상태표(2008~2010, 표본조사)","Balance Sheet(2008~2010, sample survey)","한국은행 > 기업경영분석 > 2008년~2010년 > 재무상태표(2008~2010, 표본조사)",2022-06-02,년,,,0,1,178,재무상태표(2008~2010 표본조사)|C10 식료품|C101-4 고기 과실 채소 및 유지 가공업|C111 알콜음료|C131 방적 및 가공사|C201 기초화학물질|C2041 살충제 및 기타농약|C221 고무제품|C231 유리 및 유리제품|C241 1차 철강|C2612 반도체 및 전자부품|C281 전동기 발전기 및 전기 변환 ・ 공급 ・ 제어 장치|C301 자동차용 엔진 및 자동차|C311 선박 및 보트 건조업|D351 전기업|E37 E3812 하수 폐수 및 분뇨처리 폐기물 수집운반 ・ 처리업|F41 종합 건설업|G45 자동차 및 부품 판매업|G471 종합소매업|G4711-9 종합 소매업(백화점 제외)|G4790 일반소매업(통신판매업 제외)|H49 육상운송업(철도운송업 제외)|H492 육상 여객 운송업|J58 출판업|J581 서적 잡지 및 기타 인쇄물 출판업|M71 전문서비스업|M713 광고업|전산업|정보통신기기제조업|첨단기술업종|기초소재형산업|A03 어업|C105 낙농제품 및 식용빙과류|C11 음료|C112 비알콜음료 및 얼음|C132 직물직조 및 직물제품|C202 비료 및 질소화합물|C2042 잉크 페인트 코팅제 및 유사제품|C222 플라스틱제품|C232 도자기 및 기타 요업제품|C242 1차 비철금속|C263 컴퓨터 및 주변장치|C283 절연선 및 케이블|C291 일반 목적용 기계|C3023 자동차차체 및 트레일러 자동차 부품|C31239 철도 항공기 및 그외 기타 운송장비|D3523 가스 증기 ・ 냉온수 및 공기조절 공급업|E383 금속 및 비금속 원료 재생업|F42 전문직별 공사업|G46 도매 및 상품중개업|G47111 백화점|G472-9 일반소매업|G4791 통신 판매업|H4934 도로 화물 소화물 전문 운송업|H50 수상 운송업|J582 소프트웨어 개발 및 공급업|J59 영상 ・ 오디오 기록물 제작 및 배급업|M711245 기타 전문서비스업|M72 건축기술 엔지니어링 및 기타 과학기술 서비스업|정보통신서비스업|고기술업종|조립가공형산업|B 광업|C1068 곡물가공품 전분제품 사료 및 조제식품|C13 섬유제품(의복제외)|C13349 기타 섬유제품|C203 합성고무 및 플라스틱 물질|C2043 세제 화장품 및 광택제|C233 시멘트 석회 플라스터 및 그 제품|C243 금속 주조업|C264 통신 및 방송 장비|C285 가정용 기기|C292 특수 목적용 기계|G47 소매업(자동차 제외)|H51 항공 운송업|J60 방송업|M73 기타 전문 과학 및 기술 서비스업|중기술업종|생활관련형산업|C 제조업|C107 기타 식품|C14 의복 의복액세서리 및 모피제품|C204 기타 화학제품|C2049 그외 기타 화학제품|C239 기타 비금속 광물제품|C2656 영상 및 음향기기 마그네틱 및 광학 매체|C28249 기타 전기장비|H52 창고 및 운송관련 서비스업|J612 전기통신업|저기술업종|C15 가죽 가방 및 신발|C205 화학섬유|J62 컴퓨터 프로그래밍 시스템 통합 및 관리업|비제조업|C16 목재 및 나무제품(가구 제외)|D35 전기 가스 증기 및 공기조절 공급업|J63 정보서비스업|C17 펄프 종이 및 종이제품|F 건설업|C18 인쇄 및 기록매체 복제업|서비스업|C19 코크스 연탄 및 석유정제품|E 하수 ・ 폐기물 처리 원료재생 및 환경복원업|C20 화학물질 및 화학제품(의약품 제외)|G 도매 및 소매업|C21 의료용 물질 및 의약품|H 운수업|C22 고무제품 및 플라스틱제품|I55 숙박업|C23 비금속 광물제품|J 출판 영상 방송통신 및 정보서비스업|C24 1차 금속|L 부동산업 및 임대업|C25 금속가공제품(기계 및 가구 제외)|M 전문 과학 및 기술 서비스업|C26 전자부품 컴퓨터 영상 음향 및 통신장비|N 사업시설관리 및 사업지원 서비스업|C27 의료 정밀 광학기기 및 시계|R 예술 스포츠 및 여가관련 서비스업|C28 전기장비|제조업 수출기업|C29 기타 기계 및 장비|제조업 내수기업|C30 자동차 및 트레일러|제조업 중화학공업|C31 기타 운송장비|제조업 경공업|C32 가구|기술수준별|C33 기타 제품 제조업|산업형태별|정보통신기술산업|종합|대기업|대기업_중견|중소기업|유동자산|당좌자산|현금.현금성자산|단기투자자산|매출채권|기타당좌자산|재고자산|상(제)품및반제품|원재료|기타재고자산|비유동자산|투자자산|(장기투자증권)|유형자산|토지|설비자산|건물・구축물|기계장치|선박・차량운반구|기타설비자산|건설중인자산|기타유형자산|무형자산|(개발비)|기타비유동자산|자산총계|유동부채|매입채무|단기차입금|유동성장기부채|기타유동부채|비유동부채|회사채|장기차입금|기타비유동부채|자본|자본금|자본잉여금|자본조정|기타포괄손익누계액|(자산재평가이익)|이익잉여금|부채및자본합계,항목|업종코드별|기업규모별|계정항목별,,「기업경영분석」,한국은행 경제통계1국 한국은행 기업통계팀,02-759-4270,
301,1966004,DT_501Y058,"손익계산서(2008~2010, 표본조사)","Income Statement(2008~2010, sample survey)","한국은행 > 기업경영분석 > 2008년~2010년 > 손익계산서(2008~2010, 표본조사)",2022-06-02,년,,,0,1,182,손익계산서(2008~2010 표본조사)|C10 식료품|C101-4 고기 과실 채소 및 유지 가공업|C111 알콜음료|C131 방적 및 가공사|C201 기초화학물질|C2041 살충제 및 기타농약|C221 고무제품|C231 유리 및 유리제품|C241 1차 철강|C2612 반도체 및 전자부품|C281 전동기 발전기 및 전기 변환 ・ 공급 ・ 제어 장치|C301 자동차용 엔진 및 자동차|C311 선박 및 보트 건조업|D351 전기업|E37 E3812 하수 폐수 및 분뇨처리 폐기물 수집운반 ・ 처리업|F41 종합 건설업|G45 자동차 및 부품 판매업|G471 종합소매업|G4711-9 종합 소매업(백화점 제외)|G4790 일반소매업(통신판매업 제외)|H49 육상운송업(철도운송업 제외)|H492 육상 여객 운송업|J58 출판업|J581 서적 잡지 및 기타 인쇄물 출판업|M71 전문서비스업|M713 광고업|전산업|정보통신기기제조업|첨단기술업종|기초소재형산업|A03 어업|C105 낙농제품 및 식용빙과류|C11 음료|C112 비알콜음료 및 얼음|C132 직물직조 및 직물제품|C202 비료 및 질소화합물|C2042 잉크 페인트 코팅제 및 유사제품|C222 플라스틱제품|C232 도자기 및 기타 요업제품|C242 1차 비철금속|C263 컴퓨터 및 주변장치|C283 절연선 및 케이블|C291 일반 목적용 기계|C3023 자동차차체 및 트레일러 자동차 부품|C31239 철도 항공기 및 그외 기타 운송장비|D3523 가스 증기 ・ 냉온수 및 공기조절 공급업|E383 금속 및 비금속 원료 재생업|F42 전문직별 공사업|G46 도매 및 상품중개업|G47111 백화점|G472-9 일반소매업|G4791 통신 판매업|H4934 도로 화물 소화물 전문 운송업|H50 수상 운송업|J582 소프트웨어 개발 및 공급업|J59 영상 ・ 오디오 기록물 제작 및 배급업|M711245 기타 전문서비스업|M72 건축기술 엔지니어링 및 기타 과학기술 서비스업|정보통신서비스업|고기술업종|조립가공형산업|B 광업|C1068 곡물가공품 전분제품 사료 및 조제식품|C13 섬유제품(의복제외)|C13349 기타 섬유제품|C203 합성고무 및 플라스틱 물질|C2043 세제 화장품 및 광택제|C233 시멘트 석회 플라스터 및 그 제품|C243 금속 주조업|C264 통신 및 방송 장비|C285 가정용 기기|C292 특수 목적용 기계|G47 소매업(자동차 제외)|H51 항공 운송업|J60 방송업|M73 기타 전문 과학 및 기술 서비스업|중기술업종|생활관련형산업|C 제조업|C107 기타 식품|C14 의복 의복액세서리 및 모피제품|C204 기타 화학제품|C2049 그외 기타 화학제품|C239 기타 비금속 광물제품|C2656 영상 및 음향기기 마그네틱 및 광학 매체|C28249 기타 전기장비|H52 창고 및 운송관련 서비스업|J612 전기통신업|저기술업종|C15 가죽 가방 및 신발|C205 화학섬유|J62 컴퓨터 프로그래밍 시스템 통합 및 관리업|비제조업|C16 목재 및 나무제품(가구 제외)|D35 전기 가스 증기 및 공기조절 공급업|J63 정보서비스업|C17 펄프 종이 및 종이제품|F 건설업|C18 인쇄 및 기록매체 복제업|서비스업|C19 코크스 연탄 및 석유정제품|E 하수 ・ 폐기물 처리 원료재생 및 환경복원업|C20 화학물질 및 화학제품(의약품 제외)|G 도매 및 소매업|C21 의료용 물질 및 의약품|H 운수업|C22 고무제품 및 플라스틱제품|I55 숙박업|C23 비금속 광물제품|J 출판 영상 방송통신 및 정보서비스업|C24 1차 금속|L 부동산업 및 임대업|C25 금속가공제품(기계 및 가구 제외)|M 전문 과학 및 기술 서비스업|C26 전자부품 컴퓨터 영상 음향 및 통신장비|N 사업시설관리 및 사업지원 서비스업|C27 의료 정밀 광학기기 및 시계|R 예술 스포츠 및 여가관련 서비스업|C28 전기장비|제조업 수출기업|C29 기타 기계 및 장비|제조업 내수기업|C30 자동차 및 트레일러|제조업 중화학공업|C31 기타 운송장비|제조업 경공업|C32 가구|기술수준별|C33 기타 제품 제조업|산업형태별|정보통신기술산업|종합|대기업|대기업_중견|중소기업|매출액|매출원가|매출총손익|판매비와관리비|급여|퇴직급여|복리후생비|수도광열비|세금과공과|임차료|감가상각비|접대비|광고선전비|경상연구개발비|보험료|운반・하역・보관・포장비|대손상각비|무형자산상각비|(개발비상각)|지급수수료|기타판매비와관리비|영업손익|영업외수익|이자수익|배당금수익|외환차익|외화환산이익|파생상품거래이익|파생상품평가이익|투자・유형자산 처분이익|지분법평가이익|기타영업외수익|영업외비용|이자비용|외환차손|외환환산손실|파생상품거래손실|파생상품평가손실|투자・유형자산 처분손실|지분법평가손실|자산재평가손실|기타영업외비용|법인세차감전순손익|법인세비용|계속사업이익|중단사업손익|당기순손익,항목|업종코드별|기업규모별|계정항목별,,「기업경영분석」,한국은행 경제통계1국 한국은행 기업통계팀,02-759-4270,
301,1966004,DT_501Y065,"제조원가명세서(2007~2010, 표본조사)","Statement of Cost of Goods Manufactured(2007~2010, sample survey)","한국은행 > 기업경영분석 > 2008년~2010년 > 제조원가명세서(2007~2010, 표본조사)",2022-05-31,년,,,0,1,155,제조원가명세서(2007~2010 표본조사)|전산업|A03 어업|B 광업|C 제조업|C10 식료품|C101-4 고기 과실 채소 및 유지 가공업|C105 낙농제품 및 식용빙과류|C1068 곡물가공품 전분제품 사료 및 조제식품|C107 기타 식품|C11 음료|C111 알콜음료|C112 비알콜음료 및 얼음|C13 섬유제품(의복제외)|C131 방적 및 가공사|C132 직물직조 및 직물제품|C13349 기타 섬유제품|C14 의복 의복액세서리 및 모피제품|C15 가죽 가방 및 신발|C16 목재 및 나무제품(가구 제외)|C17 펄프 종이 및 종이제품|C18 인쇄 및 기록매체 복제업|C19 코크스 연탄 및 석유정제품|C20 화학물질 및 화학제품(의약품 제외)|C201 기초화학물질|C202 비료 및 질소화합물|C203 합성고무 및 플라스틱 물질|C204 기타 화학제품|C2041 살충제 및 기타농약|C2042 잉크 페인트 코팅제 및 유사제품|C2043 세제 화장품 및 광택제|C2049 그외 기타 화학제품|C205 화학섬유|C21 의료용 물질 및 의약품|C22 고무제품 및 플라스틱제품|C221 고무제품|C222 플라스틱제품|C23 비금속 광물제품|C231 유리 및 유리제품|C232 도자기 및 기타 요업제품|C233 시멘트 석회 플라스터 및 그 제품|C239 기타 비금속 광물제품|C24 1차 금속|C241 1차 철강|C242 1차 비철금속|C243 금속 주조업|C25 금속가공제품(기계 및 가구 제외)|C26 전자부품 컴퓨터 영상 음향 및 통신장비|C2612 반도체 및 전자부품|C263 컴퓨터 및 주변장치|C264 통신 및 방송 장비|C2656 영상 및 음향기기 마그네틱 및 광학 매체|C27 의료 정밀 광학기기 및 시계|C28 전기장비|C281 전동기 발전기 및 전기 변환 ・ 공급 ・ 제어 장치|C283 절연선 및 케이블|C285 가정용 기기|C28249 기타 전기장비|C29 기타 기계 및 장비|C291 일반 목적용 기계|C292 특수 목적용 기계|C30 자동차 및 트레일러|C301 자동차용 엔진 및 자동차|C3023 자동차차체 및 트레일러 자동차 부품|C31 기타 운송장비|C311 선박 및 보트 건조업|C31239 철도 항공기 및 그외 기타 운송장비|C32 가구|C33 기타 제품 제조업|비제조업|D35 전기 가스 증기 및 공기조절 공급업|D351 전기업|D3523 가스 증기 ・ 냉온수 및 공기조절 공급업|F 건설업|F41 종합 건설업|F42 전문직별 공사업|서비스업|E 하수 ・ 폐기물 처리 원료재생 및 환경복원업|E37 E3812 하수 폐수 및 분뇨처리 폐기물 수집운반 ・ 처리업|E383 금속 및 비금속 원료 재생업|G 도매 및 소매업|G45 자동차 및 부품 판매업|G46 도매 및 상품중개업|G47 소매업(자동차 제외)|G471 종합소매업|G4711-9 종합 소매업(백화점 제외)|G47111 백화점|G472-9 일반소매업|G4790 일반소매업(통신판매업 제외)|G4791 통신 판매업|H 운수업|H49 육상운송업(철도운송업 제외)|H492 육상 여객 운송업|H4934 도로 화물 소화물 전문 운송업|H50 수상 운송업|H51 항공 운송업|H52 창고 및 운송관련 서비스업|I55 숙박업|J 출판 영상 방송통신 및 정보서비스업|J58 출판업|J581 서적 잡지 및 기타 인쇄물 출판업|J582 소프트웨어 개발 및 공급업|J59 영상 ・ 오디오 기록물 제작 및 배급업|J60 방송업|J612 전기통신업|J62 컴퓨터 프로그래밍 시스템 통합 및 관리업|J63 정보서비스업|L 부동산업 및 임대업|M 전문 과학 및 기술 서비스업|M71 전문서비스업|M713 광고업|M711245 기타 전문서비스업|M72 건축기술 엔지니어링 및 기타 과학기술 서비스업|M73 기타 전문 과학 및 기술 서비스업|N 사업시설관리 및 사업지원 서비스업|R 예술 스포츠 및 여가관련 서비스업|제조업 수출기업|제조업 내수기업|제조업 중화학공업|제조업 경공업|기술수준별|첨단기술업종|고기술업종|중기술업종|저기술업종|산업형태별|기초소재형산업|조립가공형산업|생활관련형산업|정보통신기술산업|정보통신기기제조업|정보통신서비스업|종합|대기업|대기업_중견|중소기업|당기총제조비용|재료비|노무비|경비|복리후생비|전력비|가스수도비|감가상각비|세금과공과|임차료|보험료|수선비|외주가공비|운반・하역・보관・포장비|경상개발비|기타경비|기초재공품원가|기말재공품원가|유형자산(타계정)대체액|당기제품제조원가,항목|업종코드별|기업규모별|계정항목별,,「기업경영분석」,한국은행 경제통계1국 한국은행 기업통계팀,02-759-4270,
301,1966004,DT_501Y070,"이익잉여금 처분계산서(2007~2010, 표본조사)","Statement of Appropriation of Retained Earnings(2007~2010, sample survey)","한국은행 > 기업경영분석 > 2008년~2010년 > 이익잉여금 처분계산서(2007~2010, 표본조사)",2022-06-02,년,,,0,1,150,이익잉여금 처분계산서(2007~2010 표본조사)|C10 식료품|C101-4 고기 과실 채소 및 유지 가공업|C111 알콜음료|C131 방적 및 가공사|C201 기초화학물질|C2041 살충제 및 기타농약|C221 고무제품|C231 유리 및 유리제품|C241 1차 철강|C2612 반도체 및 전자부품|C281 전동기 발전기 및 전기 변환 ・ 공급 ・ 제어 장치|C301 자동차용 엔진 및 자동차|C311 선박 및 보트 건조업|D351 전기업|E37 E3812 하수 폐수 및 분뇨처리 폐기물 수집운반 ・ 처리업|F41 종합 건설업|G45 자동차 및 부품 판매업|G471 종합소매업|G4711-9 종합 소매업(백화점 제외)|G4790 일반소매업(통신판매업 제외)|H49 육상운송업(철도운송업 제외)|H492 육상 여객 운송업|J58 출판업|J581 서적 잡지 및 기타 인쇄물 출판업|M71 전문서비스업|M713 광고업|전산업|정보통신기기제조업|첨단기술업종|기초소재형산업|A03 어업|C105 낙농제품 및 식용빙과류|C11 음료|C112 비알콜음료 및 얼음|C132 직물직조 및 직물제품|C202 비료 및 질소화합물|C2042 잉크 페인트 코팅제 및 유사제품|C222 플라스틱제품|C232 도자기 및 기타 요업제품|C242 1차 비철금속|C263 컴퓨터 및 주변장치|C283 절연선 및 케이블|C291 일반 목적용 기계|C3023 자동차차체 및 트레일러 자동차 부품|C31239 철도 항공기 및 그외 기타 운송장비|D3523 가스 증기 ・ 냉온수 및 공기조절 공급업|E383 금속 및 비금속 원료 재생업|F42 전문직별 공사업|G46 도매 및 상품중개업|G47111 백화점|G472-9 일반소매업|G4791 통신 판매업|H4934 도로 화물 소화물 전문 운송업|H50 수상 운송업|J582 소프트웨어 개발 및 공급업|J59 영상 ・ 오디오 기록물 제작 및 배급업|M711245 기타 전문서비스업|M72 건축기술 엔지니어링 및 기타 과학기술 서비스업|정보통신서비스업|고기술업종|조립가공형산업|B 광업|C1068 곡물가공품 전분제품 사료 및 조제식품|C13 섬유제품(의복제외)|C13349 기타 섬유제품|C203 합성고무 및 플라스틱 물질|C2043 세제 화장품 및 광택제|C233 시멘트 석회 플라스터 및 그 제품|C243 금속 주조업|C264 통신 및 방송 장비|C285 가정용 기기|C292 특수 목적용 기계|G47 소매업(자동차 제외)|H51 항공 운송업|J60 방송업|M73 기타 전문 과학 및 기술 서비스업|중기술업종|생활관련형산업|C 제조업|C107 기타 식품|C14 의복 의복액세서리 및 모피제품|C204 기타 화학제품|C2049 그외 기타 화학제품|C239 기타 비금속 광물제품|C2656 영상 및 음향기기 마그네틱 및 광학 매체|C28249 기타 전기장비|H52 창고 및 운송관련 서비스업|J612 전기통신업|저기술업종|C15 가죽 가방 및 신발|C205 화학섬유|J62 컴퓨터 프로그래밍 시스템 통합 및 관리업|비제조업|C16 목재 및 나무제품(가구 제외)|D35 전기 가스 증기 및 공기조절 공급업|J63 정보서비스업|C17 펄프 종이 및 종이제품|F 건설업|C18 인쇄 및 기록매체 복제업|서비스업|C19 코크스 연탄 및 석유정제품|E 하수 ・ 폐기물 처리 원료재생 및 환경복원업|C20 화학물질 및 화학제품(의약품 제외)|G 도매 및 소매업|C21 의료용 물질 및 의약품|H 운수업|C22 고무제품 및 플라스틱제품|I55 숙박업|C23 비금속 광물제품|J 출판 영상 방송통신 및 정보서비스업|C24 1차 금속|L 부동산업 및 임대업|C25 금속가공제품(기계 및 가구 제외)|M 전문 과학 및 기술 서비스업|C26 전자부품 컴퓨터 영상 음향 및 통신장비|N 사업시설관리 및 사업지원 서비스업|C27 의료 정밀 광학기기 및 시계|R 예술 스포츠 및 여가관련 서비스업|C28 전기장비|제조업 수출기업|C29 기타 기계 및 장비|제조업 내수기업|C30 자동차 및 트레일러|제조업 중화학공업|C31 기타 운송장비|제조업 경공업|C32 가구|기술수준별|C33 기타 제품 제조업|산업형태별|정보통신기술산업|종합|대기업|대기업_중견|중소기업|처분전이익잉여금|전기이월이익잉여금|당기순이익|회계변경의 누적효과|지분법적용회사의 잉여금변동|전기오류수정손익|기타처분전이익잉여금|임의적립금 등의 이입액|이익잉여금처분액|이익준비금|기타법정적립금|배당금|임의적립금|기타이익잉여금처분액|차기이월이익잉여금,항목|업종코드별|기업규모별|계정항목별,,「기업경영분석」,한국은행 경제통계1국 한국은행 기업통계팀,02-759-4270,
301,1966004,DT_501Y079,현금흐름표(2008~2011),Statement of Cash Flow(2008~2011),한국은행 > 기업경영분석 > 2008년~2010년 > 현금흐름표(2008~2011),2022-05-31,년,,,0,1,84,현금흐름표(2008~2011)|C 제조업|C10 식료품|C11 음료|C13 섬유제품(의복제외)|C14 의복 의복액세서리 및 모피제품|C15 가죽 가방 및 신발|C16 목재 및 나무제품(가구 제외)|C17 펄프 종이 및 종이제품|C18 인쇄 및 기록매체 복제업|C19 코크스 연탄 및 석유정제품|C20 화학물질 및 화학제품(의약품 제외)|C21 의료용 물질 및 의약품|C22 고무제품 및 플라스틱제품|C23 비금속 광물제품|C24 1차 금속|C25 금속가공제품(기계 및 가구 제외)|C26 전자부품 컴퓨터 영상 음향 및 통신장비|C27 의료 정밀 광학기기 및 시계|C28 전기장비|C29 기타 기계 및 장비|C30 자동차 및 트레일러|C31 기타 운송장비|C32 가구|C33 기타 제품 제조업|F 건설업|G 도매 및 소매업|H 운수업|J612 전기통신업|제조업 대기업|제조업 중소기업|제조업 중화학 공업|제조업 경공업|2011년기준|2010년기준|2009년기준|2008년기준|Ⅰ. 영업활동으로 인한 현금흐름|1. 당기순이익(순손실)|2. 현금의 유출이 없는 비용 등의 가산|3. 현금의 유입이 없는 수익 등의 차감|4. 영업활동으로 인한 자산・부채의 변동|Ⅱ. 투자활동으로 인한 현금흐름 주2)|1. 투자활동으로 인한 현금유입액|가. 유동자산의 감소|(단기투자증권의 처분)|나. 투자자산의 감소|(장기투자증권의 처분)|다. 유형자산의 감소|(토지의 처분)|(건물・구축물의 처분)|(기계장치의 처분)|라. 기타|2. 투자활동으로 인한 현금유출액|가. 유동자산의 증가|(단기투자증권의 취득)|나. 투자자산의 증가|(장기투자증권의 취득)|다. 유형자산의 증가|(토지의 취득)|(건물・구축물의 취득)|(기계장치의 취득)|(건설중인 자산의 증가)|Ⅲ. 재무활동으로 인한 현금흐름|1. 재무활동으로 인한 현금유입액|가. 유동부채의 증가|(단기차입금의 증가)|나. 비유동부채의 증가|(회사채의 발행)|(장기차입금의 증가)|다. 자본의 증가|2. 재무활동으로 인한 현금유출액|가. 유동부채의 감소|(단기차입금의 상환)|나. 비유동부채의 감소|(회사채의 상환)|(장기차입금의 상환)|다. 자본의 감소|(배당금의 지급)|Ⅳ. 현금증감액(Ⅰ+Ⅱ+Ⅲ)|Ⅴ. 기초의 현금|Ⅵ. 기말의 현금,항목|업종코드별|기준년도구분별|계정항목별,,「기업경영분석」,한국은행 경제통계1국 한국은행 기업통계팀,02-759-4270,외부감사대상법인의 업체당 평균수치임
301,1966004,DT_501Y081,현금흐름관련 기타 주요 재무항목(2008~2011),Other Major Financial Items(2008~2011),한국은행 > 기업경영분석 > 2008년~2010년 > 현금흐름관련 기타 주요 재무항목(2008~2011),2022-05-31,년,,,0,1,44,현금흐름관련 기타 주요 재무항목(2008~2011)|C 제조업|C10 식료품|C11 음료|C13 섬유제품(의복제외)|C14 의복 의복액세서리 및 모피제품|C15 가죽 가방 및 신발|C16 목재 및 나무제품(가구 제외)|C17 펄프 종이 및 종이제품|C18 인쇄 및 기록매체 복제업|C19 코크스 연탄 및 석유정제품|C20 화학물질 및 화학제품(의약품 제외)|C21 의료용 물질 및 의약품|C22 고무제품 및 플라스틱제품|C23 비금속 광물제품|C24 1차 금속|C25 금속가공제품(기계 및 가구 제외)|C26 전자부품 컴퓨터 영상 음향 및 통신장비|C27 의료 정밀 광학기기 및 시계|C28 전기장비|C29 기타 기계 및 장비|C30 자동차 및 트레일러|C31 기타 운송장비|C32 가구|C33 기타 제품 제조업|F 건설업|G 도매 및 소매업|H 운수업|J612 전기통신업|제조업 대기업|제조업 중소기업|제조업 중화학 공업|제조업 경공업|2011년기준|2010년기준|2009년기준|2008년기준|매출액|이자비용|법인세차감전순이익|총자산|단기차입금|장기차입금|회사채|자기자본,항목|업종코드별|기준년도구분별|계정항목별,,「기업경영분석」,한국은행 경제통계1국 한국은행 기업통계팀,02-759-4270,1) 외부감사대상법인 기준 || 2) 재무상태표 항목은 기초와 기말의 평균금액
301,1966004,DT_501Y083,현금흐름비율(2008~2011),Cash Flow Ratios(2008~2011),한국은행 > 기업경영분석 > 2008년~2010년 > 현금흐름비율(2008~2011),2022-05-31,년,,,0,1,44,현금흐름비율(2008~2011)|C 제조업|C10 식료품|C11 음료|C13 섬유제품(의복제외)|C14 의복 의복액세서리 및 모피제품|C15 가죽 가방 및 신발|C16 목재 및 나무제품(가구 제외)|C17 펄프 종이 및 종이제품|C18 인쇄 및 기록매체 복제업|C19 코크스 연탄 및 석유정제품|C20 화학물질 및 화학제품(의약품 제외)|C21 의료용 물질 및 의약품|C22 고무제품 및 플라스틱제품|C23 비금속 광물제품|C24 1차 금속|C25 금속가공제품(기계 및 가구 제외)|C26 전자부품 컴퓨터 영상 음향 및 통신장비|C27 의료 정밀 광학기기 및 시계|C28 전기장비|C29 기타 기계 및 장비|C30 자동차 및 트레일러|C31 기타 운송장비|C32 가구|C33 기타 제품 제조업|F 건설업|G 도매 및 소매업|H 운수업|J612 전기통신업|제조업 대기업|제조업 중소기업|제조업 중화학 공업|제조업 경공업|2011년기준|2010년기준|2009년기준|2008년기준|현금흐름보상비율|현금흐름이자보상비율|영업활동현금흐름대매출액|당기순이익대영업활동현금흐름|영업활동현금흐름대유형자산투자지출|영업활동현금흐름대투자활동현금지출|영업활동현금흐름대총부채|영업활동현금흐름대차입금,항목|업종코드별|기준년도구분별|계정항목별,,「기업경영분석」,한국은행 경제통계1국 한국은행 기업통계팀,02-759-4270,외부감사대상법인 기준
301,1966004,DT_501Y018,기업경영분석지표(~2007),Indicators of Financial Statement Analysis(~2007),한국은행 > 기업경영분석 > 2007년 이전 > 기업경영분석지표(~2007),2022-05-31,년,,,0,1,19,기업경영분석지표(~2007)|전산업|제조업|부채비율|자기자본비율|차입금의존도|유동비율|비유동비율(2007~)|매출액영업이익률|매출액세전순이익률(2002~)|이자보상비율|금융비용부담률|차입금평균이자율|인건비대매출액|인건비대영업총비용|매출액증가율|유형자산증가율|총자산증가율|매출액경상이익률(~2006)|고정비율(~2006),항목|업종코드별|계정항목별,,「기업경영분석」,한국은행 경제통계1국 한국은행 기업통계팀,02-759-4270,
301,1966004,DT_501Y078,"부가가치 구성(1990~1997, 표본조사)","Composition of Gross Value Added(1990~1997, sample survey)","한국은행 > 기업경영분석 > 2007년 이전 > 부가가치 구성(1990~1997, 표본조사)",2022-05-31,년,,,0,1,161,부가가치 구성(1990~1997 표본조사)|B 어업|C 광업|C10석탄광업|C11-14금속 및 기타 광업|D 제조업|D15 음식료품|D151 고기 과실 채소 및 유지가공업|D1511 육지동물고기 가공 및 저장 처리업|D1512 수생동물 가공 및 저장 처리업|D1513 과실 채소 가공 및 저장 처리업|D1514 동식물성 유지|D152 낙농품|D153 곡물가공품 전분 및 사료|D154 기타 식품|D154134 빵 과자 코코아 국수 및 유사 식품|D15425 설탕 조미료 및 식품 첨가물|D15489 식료품 임가공업 및 기타 식료품|D155 음료|D15512 증류주 합성주 및 발효주|D1553 맥아 및 맥주|D1554 얼음 및 비알콜성 음료|D17 섬유 제품|D171방적 직조 및 섬유 가공업|D1711 제사 방적 및 직조업|D1712 섬유표백 염색 및 가공업|D172 기타 섬유제품|D173 편조업|D18 의복 및 모피 제품|D19 가죽 가방 마구류 및 신발|D191 가죽 가방및 마구류|D192 신발|D20 목재 및 나무 제품(가구제외)|D21 펄프 종이 및 종이 제품|D22 출판 인쇄 및 기록매체 복제업|D2212 출판 및 인쇄업|D223 기록매체 복제업|D23 코크스 석유 정제품 및 핵연료 가공업|D2313 코크스 및 관련제품 핵연료 가공업|D232 석유 정제품|D2321 원유 정제 처리업|D2322 석유정제 분획물 재처리업|D24 화합물 및 화학제품|D241 기초 화합물|D2411 기초 화합물(비료제외)|D2412 비료 및 질소 화합물|D2413 합성고무 및 플라스틱 물질|D242 기타 화학제품|D2421 살균 살충제및 기타 농업용 화학제품|D2422 도료 인쇄잉크 및 유사제품|D2423 의약품 의료용 화합물 및 생약제제|D2424 비누 세정광택제 및 화장품|D2429 기타화학제품|D243 화학섬유|D25 고무 및 플라스틱 제품|D251 고무제품|D2511 고무타이어 및 튜브|D2519 기타 고무제품|D252 플라스틱 제품|D26 비금속광물 제품|D261 유리 및 유리제품|D269 기타 비금속광물 제품|D2691-3 일반 도자기 및 요업 제품|D2694 시멘트 석회 및 프라스터|D2695 콘크리트 시멘트 및 프라스터 제품|D26969 석제품 및 기타 비금속광물 제품|D27 제1차 금속|D271 제1차 철강|D272 제1차 비철금속|D273 금속주조업|D28 조립금속제품(기계 및 장비 제외)|D281 구조금속제품 탱크 및 증기발생기|D289 기타 조립금속제품 및 금속 처리업|D29 기타 기계 및 장비|D291 일반목적용 기계|D2911-49 기타 일반목적용 기계|D2915 산업용 트럭 물품취급장비|D292 특수목적용 기계|D2921 농업용기계|D2922 가공 공작 기계|D29235-9 기타 특수목적용 기계|D2924 건설 및 광산용 기계 장비|D293 기타 가정용 기구|D30 사무 계산 및 회계용 기계|D31 기타 전기기계 및 전기 변환장치|D311 전동기 발전기 및 전기 변환장치|D312 전기공급 및 제어장치|D313-59 절연선 케이블 및 기타 전기장비|D32 영상 음향 및 통신장비|D321 전자관 및 기타 전자부품|D322 통신기기 및 방송장비|D323 방송 수신기 및 기타 영상 음향기기|D33 의료 정밀 광학기기 및 시계|D331 의료 측정 시험 및 기타 정밀 기기(광학기기 제외)|D332 사진 및 광학기기|D333 시계 및 시계 부품|D34 자동차 및 트레일러|D341 자동차용 엔지 및 자동차|D342 자동차 차체 및 트레일러|D343 자동차부품 제조업|D35 기타 운송장비|D351 선박 보트건조 및 수리업|D352-9 철도 항공기 및 기타 운송장비|D36 가구 및 기타 제조업|D361 가구|D369 기타 제조업|D369124-9 악기 장난감 및 기타 제조업|D3693 운동 및 경기용구|E40 전기 가스 및 증기업|E401 전기업|E4023 가스 및 증기 공급업|F45 건설업|G 도.소매 및 소비자 용품 수리업|G50 자동차 판매  수리 및 차량연료 소매업|G51 도매 및 상품 중개업|G511-9 도매 및 상품 중개업(무역업 제외)|G5191 무역업|G52 소매 및 소매용품 수선업(자동차 제외)|G521 종합소매업|G5211-9 종합소매업(백화점 제외)|G52191 백화점|G522-6 일반 소매업|H551 숙박업|I 운수 창고 및 통신업|I60 육상운송업(철도운송업 제외)|I60212 정기노선 및 비노선 여객육상 운송업|I6023 도로화물운송업|I61 수상운송업|I62 항공운송업|I63 여행알선 및 운수관련 서비스업|I6301 화물취급업|I6302 보관 및 창고업|I6303-9 기타운수관련 서비스업|I64 통신업|K 부동산 임대 및 사업서비스업|K701 부동산 및 임대업|K72 정보처리 및 컴퓨터 운용 관련업|K74 기타 사업관련 서비스업|K74129 기타 사업관련 서비스업(광고업 제외)|K743 광고업|O92 오락 문화 및 운동관련산업|O921 영화 방송 및 기타 공연관련 산업|O9211249 영화 및 기타 공연관련 산업|O9213 방송업|O924 운동 경기 및 기타 오락관련 산업|제조업 수출기업|제조업 내수기업|제조업 중화학공업|제조업 경공업|정보산업|정보통신기술산업|정보콘텐츠산업|종합|대기업|대기업_중견|중소기업|경상이익|인건비|순금융비용|임차료|조세공과|감가상각비,항목|업종코드별|기업규모별|계정항목별,,「기업경영분석」,한국은행 경제통계1국 한국은행 기업통계팀,02-759-4270,
301,1966004,DT_501Y077,"부가가치 구성(1998~2006, 표본조사)","Composition of Gross Value Added(1998~2006, sample survey)","한국은행 > 기업경영분석 > 2007년 이전 > 부가가치 구성(1998~2006, 표본조사)",2022-05-31,년,,,0,1,162,부가가치 구성(1998~2006 표본조사)|전산업|B 어업|C 광업|D 제조업|D15 음식료품|D151 고기 과실 채소 및 유지가공업|D152 낙농제품 및 아이스크림|D153 곡물가공품 전분 및 사료|D154 기타 식품|D1541 빵류및 곡분과자|D1545 조미료 및 식품 첨가물|D1542349 기타 식료품|D155 음료|D1551-3 증류주 합성주 발효주 및 맥주|D1554 비알콜성 음료 및 얼음|D17 섬유제품|D171 제사및 방적업|D172 직물직조업|D17349 기타 섬유 제품|D18 봉제의복 및 모피 제품|D19 가죽 가방 및 신발|D1912 가죽 가방 핸드백 및 기타 가죽제품|D193 신발|D20 목재및 나무제품(가구제외)|D21 펄프 종이 및 종이제품|D22 출판 인쇄 및 기록매체 복제업|D221 출판업|D2223 인쇄 및 기록매체 복제업|D23 코크스 석유 정제품 및 핵연료 가공업|D24 화합물 및 화학제품|D241 기초 화합물|D2411-3 기초 화합물(비료 제외)|D2414 비료 및 질소 화합물|D2415 합성고무 및 플라스틱물질|D242 의약품|D243 기타 화학제품|D2431 살충제 및 기타 농약|D2432 도료 인쇄잉크 및 유사제품|D2433 비누 세정광택제 및 화장품|D24349 기타화학제품|D244 화학섬유|D25 고무 및 플라스틱제품|D251 고무제품|D2511 고무타이어및 튜브|D2519 기타 고무제품|D252 플라스틱 제품|D26 비금속 광물제품|D261 유리 및 유리제품|D262 도자기및 기타 요업 제품|D263 시멘트 석회 플라스터 및 그 제품|D2631 시멘트 석회 및  플라스터|D2632 콘크리트 시멘트 및 플라스터 제품|D269 기타 비금속 광물 제품|D27 제 1차 금속|D271 제 1차 철강|D272 제 1차 비철금속|D273 금속 주조업|D28 조립 금속제품(기계 장비 및 가구 제외)|D281 구조용금속제품 탱크 및 증기 발생기|D289 기타조립금속제품제조 및 금속처리업|D29 기타 기계 및 장비|D291 일반 목적용 기계|D2916 산업용 트럭 및 물품취급장비|D2911-57 기타 일반 목적용 기계|D292 가공공작기계|D2934 기타 특수목적용 기계|D2931 농업용기계|D2933 건설 및 광산용 기계장비|D29324-69 기타 특수목적용 기계|D295 기타 가정용 기구|D30 컴퓨터 및 사무용 기기|D31 기타 전기기계 및 전기 변환장치|D311 전동기 발전기 및 전기 변환장치|D312 전기공급 및 전기 제어 장치|D313 절연선 및 케이블|D31459 기타 전기장비|D32 전자부품 영상 음향 및 통신장비|D321 반도체 및 기타 전자부품|D322 통신기기 및 방송장비|D323 방송수신기 및 기타 영상 음향기기|D33 의료 정밀 광학기기 및 시계|D34 자동차 및 트레일러|D341 자동차용 엔진 및 자동차|D3423 자동차차체 및 트레일러 자동차 부품|D35 기타 운송장비|D351 선박 및 보트건조업|D35239 철도 항공기 및 기타 운송장비|D36 가구 및 기타제품 제조업|D361 가구|D369 기타 제품 제조업|D37 재생용 가공원료 생산업|E 전기 가스 및 증기업|E40 전기 가스 및 증기업|E401 전기업|E4023 가스 및 증기공급업|F 건설업|서비스업|G 도매 및 소매업|G50 자동차 판매 및 차량원료 소매업|G51 도매 및 상품 중개업|G52 소매업(자동차 제외)|G521 종합소매업|G5211-9 종합소매업(백화점 제외)|G52111 백화점|G522-8 일반소매업|G5280 일반소매업(통신판매업 제외)|G5281 통신판매업|H551 숙박업|I 운수업|I60 육상운송업(철도운송업 제외)|I602 육상여객 운송업|I603 도로화물 운송업|I61 수상운송업|I62 항공운송업|I63 여행알선 창고 및 운송관련 서비스업|J642 통신업|L70 부동산 및 임대업|M 사업서비스업|M72 정보처리 및 기타 컴퓨터 운용관련업|M722 소프트웨어 자문 개발 및 공급업|M724  데이타베이스 및 온라인 정보제공업|M72139 기타 컴퓨터 운용 관련업|M74 전문 과학 및 기술 서비스업|M743 건축기술 및 엔지니어링 서비스업|M745 광고업|M741249 기타 전문 과학 및 기술 서비스업|M75 사업지원 서비스업|Q 오락 문화 및 운동관련산업|Q87 영화 방송 및 공연산업|Q872 방송업|Q8713 영화 및 공연산업|Q88 기타 오락 문화 및 운동관련산업|R90 하수처리 폐기물처리 및 청소관련서비스업|제조업 수출기업|제조업 내수기업|제조업 중화학공업|제조업 경공업|기술수준별|첨단기술업종|고기술업종|중기술업종|저기술업종|산업형태별|기초소재형산업|조립가공형산업|생활관련형산업|정보산업(2004년까지)|정보통신기술산업(2004년까지)|정보콘텐츠산업(2004년까지)|정보통신기술산업(2000부터 소급)|정보통신기기제조업(2000부터 소급)|정보통신서비스(2000부터 소급)|종합|대기업|대기업_중견|중소기업|경상이익|인건비|순금융비용|임차료|조세공과|감가상각비,항목|업종코드별|기업규모별|계정항목별,,「기업경영분석」,한국은행 경제통계1국 한국은행 기업통계팀,02-759-4270,
301,1966004,DT_501Y076,"부가가치 구성(2002~2007, 표본조사)","Composition of Gross Value Added(2002~2007, sample survey)","한국은행 > 기업경영분석 > 2007년 이전 > 부가가치 구성(2002~2007, 표본조사)",2022-05-31,년,,,0,1,161,부가가치 구성(2002~2007 표본조사)|전산업|B 어업|C 광업|D 제조업|D15 음식료품|D151 고기 과실 채소 및 유지가공업|D152 낙농제품 및 아이스크림|D153 곡물가공품 전분 및 사료|D154 기타 식품|D1541 빵류및 곡분과자|D1545 조미료 및 식품 첨가물|D1542349 기타 식료품|D155 음료|D1551-3 증류주 합성주 발효주 및 맥주|D1554 비알콜성 음료 및 얼음|D17 섬유제품|D171 제사및 방적업|D172 직물직조업|D17349 기타 섬유 제품|D18 봉제의복 및 모피 제품|D19 가죽 가방 및 신발|D1912 가죽 가방 핸드백 및 기타 가죽제품|D193 신발|D20 목재및 나무제품(가구제외)|D21 펄프 종이 및 종이제품|D22 출판 인쇄 및 기록매체 복제업|D221 출판업|D2223 인쇄 및 기록매체 복제업|D23 코크스 석유 정제품 및 핵연료 가공업|D24 화합물 및 화학제품|D241 기초 화합물|D2411-3 기초 화합물(비료 제외)|D2414 비료 및 질소 화합물|D2415 합성고무 및 플라스틱물질|D242 의약품|D243 기타 화학제품|D2431 살충제 및 기타 농약|D2432 도료 인쇄잉크 및 유사제품|D2433 비누 세정광택제 및 화장품|D24349 기타화학제품|D244 화학섬유|D25 고무 및 플라스틱제품|D251 고무제품|D2511 고무타이어및 튜브|D2519 기타 고무제품|D252 플라스틱 제품|D26 비금속 광물제품|D261 유리 및 유리제품|D262 도자기및 기타 요업 제품|D263 시멘트 석회 플라스터 및 그 제품|D2631 시멘트 석회 및  플라스터|D2632 콘크리트 시멘트 및 플라스터 제품|D269 기타 비금속 광물 제품|D27 제 1차 금속|D271 제 1차 철강|D272 제 1차 비철금속|D273 금속 주조업|D28 조립 금속제품(기계 장비 및 가구 제외)|D281 구조용금속제품 탱크 및 증기 발생기|D289 기타조립금속제품제조 및 금속처리업|D29 기타 기계 및 장비|D291 일반 목적용 기계|D2916 산업용 트럭 및 물품취급장비|D2911-57 기타 일반 목적용 기계|D292 가공공작기계|D2934 기타 특수목적용 기계|D2931 농업용기계|D2933 건설 및 광산용 기계장비|D29324-69 기타 특수목적용 기계|D295 기타 가정용 기구|D30 컴퓨터 및 사무용 기기|D31 기타 전기기계 및 전기 변환장치|D311 전동기 발전기 및 전기 변환장치|D312 전기공급 및 전기 제어 장치|D313 절연선 및 케이블|D31459 기타 전기장비|D32 전자부품 영상 음향 및 통신장비|D321 반도체 및 기타 전자부품|D322 통신기기 및 방송장비|D323 방송수신기 및 기타 영상 음향기기|D33 의료 정밀 광학기기 및 시계|D34 자동차 및 트레일러|D341 자동차용 엔진 및 자동차|D3423 자동차차체 및 트레일러 자동차 부품|D35 기타 운송장비|D351 선박 및 보트건조업|D35239 철도 항공기 및 기타 운송장비|D36 가구 및 기타제품 제조업|D361 가구|D369 기타 제품 제조업|D37 재생용 가공원료 생산업|E 전기 가스 및 증기업|E40 전기 가스 및 증기업|E401 전기업|E4023 가스 및 증기공급업|F 건설업|서비스업|G 도매 및 소매업|G50 자동차 판매 및 차량원료 소매업|G51 도매 및 상품 중개업|G52 소매업(자동차 제외)|G521 종합소매업|G5211-9 종합소매업(백화점 제외)|G52111 백화점|G522-8 일반소매업|G5280 일반소매업(통신판매업 제외)|G5281 통신판매업|H551 숙박업|I 운수업|I60 육상운송업(철도운송업 제외)|I602 육상여객 운송업|I603 도로화물 운송업|I61 수상운송업|I62 항공운송업|I63 여행알선 창고 및 운송관련 서비스업|J642 통신업|L70 부동산 및 임대업|M 사업서비스업|M72 정보처리 및 기타 컴퓨터 운용관련업|M722 소프트웨어 자문 개발 및 공급업|M724  데이타베이스 및 온라인 정보제공업|M72139 기타 컴퓨터 운용 관련업|M74 전문 과학 및 기술 서비스업|M743 건축기술 및 엔지니어링 서비스업|M745 광고업|M741249 기타 전문 과학 및 기술 서비스업|M75 사업지원 서비스업|Q 오락 문화 및 운동관련산업|Q87 영화 방송 및 공연산업|Q872 방송업|Q8713 영화 및 공연산업|Q88 기타 오락 문화 및 운동관련산업|R90 하수처리 폐기물처리 및 청소관련서비스업|제조업 수출기업|제조업 내수기업|제조업 중화학공업|제조업 경공업|기술수준별|첨단기술업종|고기술업종|중기술업종|저기술업종|산업형태별|기초소재형산업|조립가공형산업|생활관련형산업|정보산업(2004년까지)|정보통신기술산업(2004년까지)|정보콘텐츠산업(2004년까지)|정보통신기술산업(2000부터 소급)|정보통신기기제조업(2000부터 소급)|정보통신서비스(2000부터 소급)|종합|대기업|대기업_중견|중소기업|영업잉여|인건비|금융비용|조세공과|감가상각비,항목|업종코드별|기업규모별|계정항목별,,「기업경영분석」,한국은행 경제통계1국 한국은행 기업통계팀,02-759-4270,* 부가가치 구성내역 변경(2007년 기업경영분석 책자 64쪽 참조-한국은행 홈페이지_한은DB_발간자료_연간자료)
301,1966004,DT_501Y044,"생산성 지표(1990~1997, 표본조사)","Indicators concerning Productivity(1990~1997, sample survey)","한국은행 > 기업경영분석 > 2007년 이전 > 생산성 지표(1990~1997, 표본조사)",2022-05-31,년,,,0,1,165,생산성 지표(1990~1997 표본조사)|B 어업|C 광업|C10석탄광업|C11-14금속 및 기타 광업|D 제조업|D15 음식료품|D151 고기 과실 채소 및 유지가공업|D1511 육지동물고기 가공 및 저장 처리업|D1512 수생동물 가공 및 저장 처리업|D1513 과실 채소 가공 및 저장 처리업|D1514 동식물성 유지|D152 낙농품|D153 곡물가공품 전분 및 사료|D154 기타 식품|D154134 빵 과자 코코아 국수 및 유사 식품|D15425 설탕 조미료 및 식품 첨가물|D15489 식료품 임가공업 및 기타 식료품|D155 음료|D15512 증류주 합성주 및 발효주|D1553 맥아 및 맥주|D1554 얼음 및 비알콜성 음료|D17 섬유 제품|D171방적 직조 및 섬유 가공업|D1711 제사 방적 및 직조업|D1712 섬유표백 염색 및 가공업|D172 기타 섬유제품|D173 편조업|D18 의복 및 모피 제품|D19 가죽 가방 마구류 및 신발|D191 가죽 가방및 마구류|D192 신발|D20 목재 및 나무 제품(가구제외)|D21 펄프 종이 및 종이 제품|D22 출판 인쇄 및 기록매체 복제업|D2212 출판 및 인쇄업|D223 기록매체 복제업|D23 코크스 석유 정제품 및 핵연료 가공업|D2313 코크스 및 관련제품 핵연료 가공업|D232 석유 정제품|D2321 원유 정제 처리업|D2322 석유정제 분획물 재처리업|D24 화합물 및 화학제품|D241 기초 화합물|D2411 기초 화합물(비료제외)|D2412 비료 및 질소 화합물|D2413 합성고무 및 플라스틱 물질|D242 기타 화학제품|D2421 살균 살충제및 기타 농업용 화학제품|D2422 도료 인쇄잉크 및 유사제품|D2423 의약품 의료용 화합물 및 생약제제|D2424 비누 세정광택제 및 화장품|D2429 기타화학제품|D243 화학섬유|D25 고무 및 플라스틱 제품|D251 고무제품|D2511 고무타이어 및 튜브|D2519 기타 고무제품|D252 플라스틱 제품|D26 비금속광물 제품|D261 유리 및 유리제품|D269 기타 비금속광물 제품|D2691-3 일반 도자기 및 요업 제품|D2694 시멘트 석회 및 프라스터|D2695 콘크리트 시멘트 및 프라스터 제품|D26969 석제품 및 기타 비금속광물 제품|D27 제1차 금속|D271 제1차 철강|D272 제1차 비철금속|D273 금속주조업|D28 조립금속제품(기계 및 장비 제외)|D281 구조금속제품 탱크 및 증기발생기|D289 기타 조립금속제품 및 금속 처리업|D29 기타 기계 및 장비|D291 일반목적용 기계|D2911-49 기타 일반목적용 기계|D2915 산업용 트럭 물품취급장비|D292 특수목적용 기계|D2921 농업용기계|D2922 가공 공작 기계|D29235-9 기타 특수목적용 기계|D2924 건설 및 광산용 기계 장비|D293 기타 가정용 기구|D30 사무 계산 및 회계용 기계|D31 기타 전기기계 및 전기 변환장치|D311 전동기 발전기 및 전기 변환장치|D312 전기공급 및 제어장치|D313-59 절연선 케이블 및 기타 전기장비|D32 영상 음향 및 통신장비|D321 전자관 및 기타 전자부품|D322 통신기기 및 방송장비|D323 방송 수신기 및 기타 영상 음향기기|D33 의료 정밀 광학기기 및 시계|D331 의료 측정 시험 및 기타 정밀 기기(광학기기 제외)|D332 사진 및 광학기기|D333 시계 및 시계 부품|D34 자동차 및 트레일러|D341 자동차용 엔지 및 자동차|D342 자동차 차체 및 트레일러|D343 자동차부품 제조업|D35 기타 운송장비|D351 선박 보트건조 및 수리업|D352-9 철도 항공기 및 기타 운송장비|D36 가구 및 기타 제조업|D361 가구|D369 기타 제조업|D369124-9 악기 장난감 및 기타 제조업|D3693 운동 및 경기용구|E40 전기 가스 및 증기업|E401 전기업|E4023 가스 및 증기 공급업|F45 건설업|G 도.소매 및 소비자 용품 수리업|G50 자동차 판매  수리 및 차량연료 소매업|G51 도매 및 상품 중개업|G511-9 도매 및 상품 중개업(무역업 제외)|G5191 무역업|G52 소매 및 소매용품 수선업(자동차 제외)|G521 종합소매업|G5211-9 종합소매업(백화점 제외)|G52191 백화점|G522-6 일반 소매업|H551 숙박업|I 운수 창고 및 통신업|I60 육상운송업(철도운송업 제외)|I60212 정기노선 및 비노선 여객육상 운송업|I6023 도로화물운송업|I61 수상운송업|I62 항공운송업|I63 여행알선 및 운수관련 서비스업|I6301 화물취급업|I6302 보관 및 창고업|I6303-9 기타운수관련 서비스업|I64 통신업|K 부동산 임대 및 사업서비스업|K701 부동산 및 임대업|K72 정보처리 및 컴퓨터 운용 관련업|K74 기타 사업관련 서비스업|K74129 기타 사업관련 서비스업(광고업 제외)|K743 광고업|O92 오락 문화 및 운동관련산업|O921 영화 방송 및 기타 공연관련 산업|O9211249 영화 및 기타 공연관련 산업|O9213 방송업|O924 운동 경기 및 기타 오락관련 산업|제조업 수출기업|제조업 내수기업|제조업 중화학공업|제조업 경공업|정보산업|정보통신기술산업|정보콘텐츠산업|종합|대기업|대기업_중견|중소기업|1인당부가가치증가율|1인당매출액증가율|1인당인건비증가율|노동장비율|자본집약도|총자본투자효율|설비투자효율|기계투자효율|부가가치율|노동소득분배율,항목|업종코드별|기업규모별|계정항목별,,「기업경영분석」,한국은행 경제통계1국 한국은행 기업통계팀,02-759-4270,
301,1966004,DT_501Y043,"생산성 지표(1998~2006, 표본조사)","Indicators concerning Productivity(1998~2006, sample survey)","한국은행 > 기업경영분석 > 2007년 이전 > 생산성 지표(1998~2006, 표본조사)",2022-05-31,년,,,0,1,164,생산성 지표(1998~2006 표본조사)|전산업|B 어업|C 광업|D 제조업|D15 음식료품|D151 고기 과실 채소 및 유지가공업|D152 낙농제품 및 아이스크림|D153 곡물가공품 전분 및 사료|D154 기타 식품|D1541 빵류및 곡분과자|D1545 조미료 및 식품 첨가물|D1542349 기타 식료품|D155 음료|D1551-3 증류주 합성주 발효주 및 맥주|D1554 비알콜성 음료 및 얼음|D17 섬유제품|D171 제사및 방적업|D172 직물직조업|D17349 기타 섬유 제품|D18 봉제의복 및 모피 제품|D19 가죽 가방 및 신발|D1912 가죽 가방 핸드백 및 기타 가죽제품|D193 신발|D20 목재및 나무제품(가구제외)|D21 펄프 종이 및 종이제품|D22 출판 인쇄 및 기록매체 복제업|D221 출판업|D2223 인쇄 및 기록매체 복제업|D23 코크스 석유 정제품 및 핵연료 가공업|D24 화합물 및 화학제품|D241 기초 화합물|D2411-3 기초 화합물(비료 제외)|D2414 비료 및 질소 화합물|D2415 합성고무 및 플라스틱물질|D242 의약품|D243 기타 화학제품|D2431 살충제 및 기타 농약|D2432 도료 인쇄잉크 및 유사제품|D2433 비누 세정광택제 및 화장품|D24349 기타화학제품|D244 화학섬유|D25 고무 및 플라스틱제품|D251 고무제품|D2511 고무타이어및 튜브|D2519 기타 고무제품|D252 플라스틱 제품|D26 비금속 광물제품|D261 유리 및 유리제품|D262 도자기및 기타 요업 제품|D263 시멘트 석회 플라스터 및 그 제품|D2631 시멘트 석회 및  플라스터|D2632 콘크리트 시멘트 및 플라스터 제품|D269 기타 비금속 광물 제품|D27 제 1차 금속|D271 제 1차 철강|D272 제 1차 비철금속|D273 금속 주조업|D28 조립 금속제품(기계 장비 및 가구 제외)|D281 구조용금속제품 탱크 및 증기 발생기|D289 기타조립금속제품제조 및 금속처리업|D29 기타 기계 및 장비|D291 일반 목적용 기계|D2916 산업용 트럭 및 물품취급장비|D2911-57 기타 일반 목적용 기계|D292 가공공작기계|D2934 기타 특수목적용 기계|D2931 농업용기계|D2933 건설 및 광산용 기계장비|D29324-69 기타 특수목적용 기계|D295 기타 가정용 기구|D30 컴퓨터 및 사무용 기기|D31 기타 전기기계 및 전기 변환장치|D311 전동기 발전기 및 전기 변환장치|D312 전기공급 및 전기 제어 장치|D313 절연선 및 케이블|D31459 기타 전기장비|D32 전자부품 영상 음향 및 통신장비|D321 반도체 및 기타 전자부품|D322 통신기기 및 방송장비|D323 방송수신기 및 기타 영상 음향기기|D33 의료 정밀 광학기기 및 시계|D34 자동차 및 트레일러|D341 자동차용 엔진 및 자동차|D3423 자동차차체 및 트레일러 자동차 부품|D35 기타 운송장비|D351 선박 및 보트건조업|D35239 철도 항공기 및 기타 운송장비|D36 가구 및 기타제품 제조업|D361 가구|D369 기타 제품 제조업|D37 재생용 가공원료 생산업|E 전기 가스 및 증기업|E40 전기 가스 및 증기업|E401 전기업|E4023 가스 및 증기공급업|F 건설업|서비스업|G 도매 및 소매업|G50 자동차 판매 및 차량원료 소매업|G51 도매 및 상품 중개업|G52 소매업(자동차 제외)|G521 종합소매업|G5211-9 종합소매업(백화점 제외)|G52111 백화점|G522-8 일반소매업|G5280 일반소매업(통신판매업 제외)|G5281 통신판매업|H551 숙박업|I 운수업|I60 육상운송업(철도운송업 제외)|I602 육상여객 운송업|I603 도로화물 운송업|I61 수상운송업|I62 항공운송업|I63 여행알선 창고 및 운송관련 서비스업|J642 통신업|L70 부동산 및 임대업|M 사업서비스업|M72 정보처리 및 기타 컴퓨터 운용관련업|M722 소프트웨어 자문 개발 및 공급업|M724  데이타베이스 및 온라인 정보제공업|M72139 기타 컴퓨터 운용 관련업|M74 전문 과학 및 기술 서비스업|M743 건축기술 및 엔지니어링 서비스업|M745 광고업|M741249 기타 전문 과학 및 기술 서비스업|M75 사업지원 서비스업|Q 오락 문화 및 운동관련산업|Q87 영화 방송 및 공연산업|Q872 방송업|Q8713 영화 및 공연산업|Q88 기타 오락 문화 및 운동관련산업|R90 하수처리 폐기물처리 및 청소관련서비스업|제조업 수출기업|제조업 내수기업|제조업 중화학공업|제조업 경공업|기술수준별|첨단기술업종|고기술업종|중기술업종|저기술업종|산업형태별|기초소재형산업|조립가공형산업|생활관련형산업|정보산업(2004년까지)|정보통신기술산업(2004년까지)|정보콘텐츠산업(2004년까지)|정보통신기술산업(2000부터 소급)|정보통신기기제조업(2000부터 소급)|정보통신서비스(2000부터 소급)|종합|대기업|대기업_중견|중소기업|노동장비율|자본집약도|총자본투자효율|설비투자효율|기계투자효율|부가가치율|노동소득분배율|종업원1인당부가가치,항목|업종코드별|기업규모별|계정항목별,,「기업경영분석」,한국은행 경제통계1국 한국은행 기업통계팀,02-759-4270,
301,1966004,DT_501Y042,"생산성 지표(2002~2007, 표본조사)","Indicators concerning Productivity(2002~2007, sample survey)","한국은행 > 기업경영분석 > 2007년 이전 > 생산성 지표(2002~2007, 표본조사)",2022-05-31,년,,,0,1,164,생산성 지표(2002~2007 표본조사)|전산업|B 어업|C 광업|D 제조업|D15 음식료품|D151 고기 과실 채소 및 유지가공업|D152 낙농제품 및 아이스크림|D153 곡물가공품 전분 및 사료|D154 기타 식품|D1541 빵류및 곡분과자|D1545 조미료 및 식품 첨가물|D1542349 기타 식료품|D155 음료|D1551-3 증류주 합성주 발효주 및 맥주|D1554 비알콜성 음료 및 얼음|D17 섬유제품|D171 제사및 방적업|D172 직물직조업|D17349 기타 섬유 제품|D18 봉제의복 및 모피 제품|D19 가죽 가방 및 신발|D1912 가죽 가방 핸드백 및 기타 가죽제품|D193 신발|D20 목재및 나무제품(가구제외)|D21 펄프 종이 및 종이제품|D22 출판 인쇄 및 기록매체 복제업|D221 출판업|D2223 인쇄 및 기록매체 복제업|D23 코크스 석유 정제품 및 핵연료 가공업|D24 화합물 및 화학제품|D241 기초 화합물|D2411-3 기초 화합물(비료 제외)|D2414 비료 및 질소 화합물|D2415 합성고무 및 플라스틱물질|D242 의약품|D243 기타 화학제품|D2431 살충제 및 기타 농약|D2432 도료 인쇄잉크 및 유사제품|D2433 비누 세정광택제 및 화장품|D24349 기타화학제품|D244 화학섬유|D25 고무 및 플라스틱제품|D251 고무제품|D2511 고무타이어및 튜브|D2519 기타 고무제품|D252 플라스틱 제품|D26 비금속 광물제품|D261 유리 및 유리제품|D262 도자기및 기타 요업 제품|D263 시멘트 석회 플라스터 및 그 제품|D2631 시멘트 석회 및  플라스터|D2632 콘크리트 시멘트 및 플라스터 제품|D269 기타 비금속 광물 제품|D27 제 1차 금속|D271 제 1차 철강|D272 제 1차 비철금속|D273 금속 주조업|D28 조립 금속제품(기계 장비 및 가구 제외)|D281 구조용금속제품 탱크 및 증기 발생기|D289 기타조립금속제품제조 및 금속처리업|D29 기타 기계 및 장비|D291 일반 목적용 기계|D2916 산업용 트럭 및 물품취급장비|D2911-57 기타 일반 목적용 기계|D292 가공공작기계|D2934 기타 특수목적용 기계|D2931 농업용기계|D2933 건설 및 광산용 기계장비|D29324-69 기타 특수목적용 기계|D295 기타 가정용 기구|D30 컴퓨터 및 사무용 기기|D31 기타 전기기계 및 전기 변환장치|D311 전동기 발전기 및 전기 변환장치|D312 전기공급 및 전기 제어 장치|D313 절연선 및 케이블|D31459 기타 전기장비|D32 전자부품 영상 음향 및 통신장비|D321 반도체 및 기타 전자부품|D322 통신기기 및 방송장비|D323 방송수신기 및 기타 영상 음향기기|D33 의료 정밀 광학기기 및 시계|D34 자동차 및 트레일러|D341 자동차용 엔진 및 자동차|D3423 자동차차체 및 트레일러 자동차 부품|D35 기타 운송장비|D351 선박 및 보트건조업|D35239 철도 항공기 및 기타 운송장비|D36 가구 및 기타제품 제조업|D361 가구|D369 기타 제품 제조업|D37 재생용 가공원료 생산업|E 전기 가스 및 증기업|E40 전기 가스 및 증기업|E401 전기업|E4023 가스 및 증기공급업|F 건설업|서비스업|G 도매 및 소매업|G50 자동차 판매 및 차량원료 소매업|G51 도매 및 상품 중개업|G52 소매업(자동차 제외)|G521 종합소매업|G5211-9 종합소매업(백화점 제외)|G52111 백화점|G522-8 일반소매업|G5280 일반소매업(통신판매업 제외)|G5281 통신판매업|H551 숙박업|I 운수업|I60 육상운송업(철도운송업 제외)|I602 육상여객 운송업|I603 도로화물 운송업|I61 수상운송업|I62 항공운송업|I63 여행알선 창고 및 운송관련 서비스업|J642 통신업|L70 부동산 및 임대업|M 사업서비스업|M72 정보처리 및 기타 컴퓨터 운용관련업|M722 소프트웨어 자문 개발 및 공급업|M724  데이타베이스 및 온라인 정보제공업|M72139 기타 컴퓨터 운용 관련업|M74 전문 과학 및 기술 서비스업|M743 건축기술 및 엔지니어링 서비스업|M745 광고업|M741249 기타 전문 과학 및 기술 서비스업|M75 사업지원 서비스업|Q 오락 문화 및 운동관련산업|Q87 영화 방송 및 공연산업|Q872 방송업|Q8713 영화 및 공연산업|Q88 기타 오락 문화 및 운동관련산업|R90 하수처리 폐기물처리 및 청소관련서비스업|제조업 수출기업|제조업 내수기업|제조업 중화학공업|제조업 경공업|기술수준별|첨단기술업종|고기술업종|중기술업종|저기술업종|산업형태별|기초소재형산업|조립가공형산업|생활관련형산업|정보산업(2004년까지)|정보통신기술산업(2004년까지)|정보콘텐츠산업(2004년까지)|정보통신기술산업(2000부터 소급)|정보통신기기제조업(2000부터 소급)|정보통신서비스(2000부터 소급)|종합|대기업|대기업_중견|중소기업|노동장비율|자본집약도|종업원1인당부가가치|총자본투자효율|설비투자효율|기계투자효율|부가가치율|노동소득분배율,항목|업종코드별|기업규모별|계정항목별,,「기업경영분석」,한국은행 경제통계1국 한국은행 기업통계팀,02-759-4270,* 부가가치 구성내역 변경(2007년 기업경영분석 책자 64쪽 참조-한국은행 홈페이지_한은DB_발간자료_연간자료)
301,1966004,DT_501Y023,"성장성 지표(1990~1997, 표본조사)","Indicators concerning Growth(1990~1997, sample survey)","한국은행 > 기업경영분석 > 2007년 이전 > 성장성 지표(1990~1997, 표본조사)",2022-05-31,년,,,0,1,163,성장성 지표(1990~1997 표본조사)|B 어업|C 광업|C10석탄광업|C11-14금속 및 기타 광업|D 제조업|D15 음식료품|D151 고기 과실 채소 및 유지가공업|D1511 육지동물고기 가공 및 저장 처리업|D1512 수생동물 가공 및 저장 처리업|D1513 과실 채소 가공 및 저장 처리업|D1514 동식물성 유지|D152 낙농품|D153 곡물가공품 전분 및 사료|D154 기타 식품|D154134 빵 과자 코코아 국수 및 유사 식품|D15425 설탕 조미료 및 식품 첨가물|D15489 식료품 임가공업 및 기타 식료품|D155 음료|D15512 증류주 합성주 및 발효주|D1553 맥아 및 맥주|D1554 얼음 및 비알콜성 음료|D17 섬유 제품|D171방적 직조 및 섬유 가공업|D1711 제사 방적 및 직조업|D1712 섬유표백 염색 및 가공업|D172 기타 섬유제품|D173 편조업|D18 의복 및 모피 제품|D19 가죽 가방 마구류 및 신발|D191 가죽 가방및 마구류|D192 신발|D20 목재 및 나무 제품(가구제외)|D21 펄프 종이 및 종이 제품|D22 출판 인쇄 및 기록매체 복제업|D2212 출판 및 인쇄업|D223 기록매체 복제업|D23 코크스 석유 정제품 및 핵연료 가공업|D2313 코크스 및 관련제품 핵연료 가공업|D232 석유 정제품|D2321 원유 정제 처리업|D2322 석유정제 분획물 재처리업|D24 화합물 및 화학제품|D241 기초 화합물|D2411 기초 화합물(비료제외)|D2412 비료 및 질소 화합물|D2413 합성고무 및 플라스틱 물질|D242 기타 화학제품|D2421 살균 살충제및 기타 농업용 화학제품|D2422 도료 인쇄잉크 및 유사제품|D2423 의약품 의료용 화합물 및 생약제제|D2424 비누 세정광택제 및 화장품|D2429 기타화학제품|D243 화학섬유|D25 고무 및 플라스틱 제품|D251 고무제품|D2511 고무타이어 및 튜브|D2519 기타 고무제품|D252 플라스틱 제품|D26 비금속광물 제품|D261 유리 및 유리제품|D269 기타 비금속광물 제품|D2691-3 일반 도자기 및 요업 제품|D2694 시멘트 석회 및 프라스터|D2695 콘크리트 시멘트 및 프라스터 제품|D26969 석제품 및 기타 비금속광물 제품|D27 제1차 금속|D271 제1차 철강|D272 제1차 비철금속|D273 금속주조업|D28 조립금속제품(기계 및 장비 제외)|D281 구조금속제품 탱크 및 증기발생기|D289 기타 조립금속제품 및 금속 처리업|D29 기타 기계 및 장비|D291 일반목적용 기계|D2911-49 기타 일반목적용 기계|D2915 산업용 트럭 물품취급장비|D292 특수목적용 기계|D2921 농업용기계|D2922 가공 공작 기계|D29235-9 기타 특수목적용 기계|D2924 건설 및 광산용 기계 장비|D293 기타 가정용 기구|D30 사무 계산 및 회계용 기계|D31 기타 전기기계 및 전기 변환장치|D311 전동기 발전기 및 전기 변환장치|D312 전기공급 및 제어장치|D313-59 절연선 케이블 및 기타 전기장비|D32 영상 음향 및 통신장비|D321 전자관 및 기타 전자부품|D322 통신기기 및 방송장비|D323 방송 수신기 및 기타 영상 음향기기|D33 의료 정밀 광학기기 및 시계|D331 의료 측정 시험 및 기타 정밀 기기(광학기기 제외)|D332 사진 및 광학기기|D333 시계 및 시계 부품|D34 자동차 및 트레일러|D341 자동차용 엔지 및 자동차|D342 자동차 차체 및 트레일러|D343 자동차부품 제조업|D35 기타 운송장비|D351 선박 보트건조 및 수리업|D352-9 철도 항공기 및 기타 운송장비|D36 가구 및 기타 제조업|D361 가구|D369 기타 제조업|D369124-9 악기 장난감 및 기타 제조업|D3693 운동 및 경기용구|E40 전기 가스 및 증기업|E401 전기업|E4023 가스 및 증기 공급업|F45 건설업|G 도.소매 및 소비자 용품 수리업|G50 자동차 판매  수리 및 차량연료 소매업|G51 도매 및 상품 중개업|G511-9 도매 및 상품 중개업(무역업 제외)|G5191 무역업|G52 소매 및 소매용품 수선업(자동차 제외)|G521 종합소매업|G5211-9 종합소매업(백화점 제외)|G52191 백화점|G522-6 일반 소매업|H551 숙박업|I 운수 창고 및 통신업|I60 육상운송업(철도운송업 제외)|I60212 정기노선 및 비노선 여객육상 운송업|I6023 도로화물운송업|I61 수상운송업|I62 항공운송업|I63 여행알선 및 운수관련 서비스업|I6301 화물취급업|I6302 보관 및 창고업|I6303-9 기타운수관련 서비스업|I64 통신업|K 부동산 임대 및 사업서비스업|K701 부동산 및 임대업|K72 정보처리 및 컴퓨터 운용 관련업|K74 기타 사업관련 서비스업|K74129 기타 사업관련 서비스업(광고업 제외)|K743 광고업|O92 오락 문화 및 운동관련산업|O921 영화 방송 및 기타 공연관련 산업|O9211249 영화 및 기타 공연관련 산업|O9213 방송업|O924 운동 경기 및 기타 오락관련 산업|제조업 수출기업|제조업 내수기업|제조업 중화학공업|제조업 경공업|정보산업|정보통신기술산업|정보콘텐츠산업|종합|대기업|대기업_중견|중소기업|총자산증가율|유형자산증가율|유동자산증가율|재고자산증가율|자기자본증가율|매출액증가율|경상이익증가율|당기순이익증가율,항목|업종코드별|기업규모별|계정항목별,,「기업경영분석」,한국은행 경제통계1국 한국은행 기업통계팀,02-759-4270,
301,1966004,DT_501Y022,"성장성 지표(1998~2007, 표본조사)","Indicators concerning Growth(1998~2007, sample survey)","한국은행 > 기업경영분석 > 2007년 이전 > 성장성 지표(1998~2007, 표본조사)",2022-05-31,년,,,0,1,162,성장성 지표(1998~2007 표본조사)|전산업|B 어업|C 광업|D 제조업|D15 음식료품|D151 고기 과실 채소 및 유지가공업|D152 낙농제품 및 아이스크림|D153 곡물가공품 전분 및 사료|D154 기타 식품|D1541 빵류및 곡분과자|D1545 조미료 및 식품 첨가물|D1542349 기타 식료품|D155 음료|D1551-3 증류주 합성주 발효주 및 맥주|D1554 비알콜성 음료 및 얼음|D17 섬유제품|D171 제사및 방적업|D172 직물직조업|D17349 기타 섬유 제품|D18 봉제의복 및 모피 제품|D19 가죽 가방 및 신발|D1912 가죽 가방 핸드백 및 기타 가죽제품|D193 신발|D20 목재및 나무제품(가구제외)|D21 펄프 종이 및 종이제품|D22 출판 인쇄 및 기록매체 복제업|D221 출판업|D2223 인쇄 및 기록매체 복제업|D23 코크스 석유 정제품 및 핵연료 가공업|D24 화합물 및 화학제품|D241 기초 화합물|D2411-3 기초 화합물(비료 제외)|D2414 비료 및 질소 화합물|D2415 합성고무 및 플라스틱물질|D242 의약품|D243 기타 화학제품|D2431 살충제 및 기타 농약|D2432 도료 인쇄잉크 및 유사제품|D2433 비누 세정광택제 및 화장품|D24349 기타화학제품|D244 화학섬유|D25 고무 및 플라스틱제품|D251 고무제품|D2511 고무타이어및 튜브|D2519 기타 고무제품|D252 플라스틱 제품|D26 비금속 광물제품|D261 유리 및 유리제품|D262 도자기및 기타 요업 제품|D263 시멘트 석회 플라스터 및 그 제품|D2631 시멘트 석회 및  플라스터|D2632 콘크리트 시멘트 및 플라스터 제품|D269 기타 비금속 광물 제품|D27 제 1차 금속|D271 제 1차 철강|D272 제 1차 비철금속|D273 금속 주조업|D28 조립 금속제품(기계 장비 및 가구 제외)|D281 구조용금속제품 탱크 및 증기 발생기|D289 기타조립금속제품제조 및 금속처리업|D29 기타 기계 및 장비|D291 일반 목적용 기계|D2916 산업용 트럭 및 물품취급장비|D2911-57 기타 일반 목적용 기계|D292 가공공작기계|D2934 기타 특수목적용 기계|D2931 농업용기계|D2933 건설 및 광산용 기계장비|D29324-69 기타 특수목적용 기계|D295 기타 가정용 기구|D30 컴퓨터 및 사무용 기기|D31 기타 전기기계 및 전기 변환장치|D311 전동기 발전기 및 전기 변환장치|D312 전기공급 및 전기 제어 장치|D313 절연선 및 케이블|D31459 기타 전기장비|D32 전자부품 영상 음향 및 통신장비|D321 반도체 및 기타 전자부품|D322 통신기기 및 방송장비|D323 방송수신기 및 기타 영상 음향기기|D33 의료 정밀 광학기기 및 시계|D34 자동차 및 트레일러|D341 자동차용 엔진 및 자동차|D3423 자동차차체 및 트레일러 자동차 부품|D35 기타 운송장비|D351 선박 및 보트건조업|D35239 철도 항공기 및 기타 운송장비|D36 가구 및 기타제품 제조업|D361 가구|D369 기타 제품 제조업|D37 재생용 가공원료 생산업|E 전기 가스 및 증기업|E40 전기 가스 및 증기업|E401 전기업|E4023 가스 및 증기공급업|F 건설업|서비스업|G 도매 및 소매업|G50 자동차 판매 및 차량원료 소매업|G51 도매 및 상품 중개업|G52 소매업(자동차 제외)|G521 종합소매업|G5211-9 종합소매업(백화점 제외)|G52111 백화점|G522-8 일반소매업|G5280 일반소매업(통신판매업 제외)|G5281 통신판매업|H551 숙박업|I 운수업|I60 육상운송업(철도운송업 제외)|I602 육상여객 운송업|I603 도로화물 운송업|I61 수상운송업|I62 항공운송업|I63 여행알선 창고 및 운송관련 서비스업|J642 통신업|L70 부동산 및 임대업|M 사업서비스업|M72 정보처리 및 기타 컴퓨터 운용관련업|M722 소프트웨어 자문 개발 및 공급업|M724  데이타베이스 및 온라인 정보제공업|M72139 기타 컴퓨터 운용 관련업|M74 전문 과학 및 기술 서비스업|M743 건축기술 및 엔지니어링 서비스업|M745 광고업|M741249 기타 전문 과학 및 기술 서비스업|M75 사업지원 서비스업|Q 오락 문화 및 운동관련산업|Q87 영화 방송 및 공연산업|Q872 방송업|Q8713 영화 및 공연산업|Q88 기타 오락 문화 및 운동관련산업|R90 하수처리 폐기물처리 및 청소관련서비스업|제조업 수출기업|제조업 내수기업|제조업 중화학공업|제조업 경공업|기술수준별|첨단기술업종|고기술업종|중기술업종|저기술업종|산업형태별|기초소재형산업|조립가공형산업|생활관련형산업|정보산업(2004년까지)|정보통신기술산업(2004년까지)|정보콘텐츠산업(2004년까지)|정보통신기술산업(2000부터 소급)|정보통신기기제조업(2000부터 소급)|정보통신서비스(2000부터 소급)|종합|대기업|대기업_중견|중소기업|총자산증가율|유형자산증가율|유동자산증가율|재고자산증가율|자기자본증가율|매출액증가율,항목|업종코드별|기업규모별|계정항목별,,「기업경영분석」,한국은행 경제통계1국 한국은행 기업통계팀,02-759-4270,
301,1966004,DT_501Y028,"손익 지표(1990~1997, 표본조사)","Relationship Ratios of Income and Expenses(1990~1997, sample survey)","한국은행 > 기업경영분석 > 2007년 이전 > 손익 지표(1990~1997, 표본조사)",2022-05-31,년,,,0,1,186,수익성 지표(1990~1997 표본조사)|B 어업|C 광업|C10석탄광업|C11-14금속 및 기타 광업|D 제조업|D15 음식료품|D151 고기 과실 채소 및 유지가공업|D1511 육지동물고기 가공 및 저장 처리업|D1512 수생동물 가공 및 저장 처리업|D1513 과실 채소 가공 및 저장 처리업|D1514 동식물성 유지|D152 낙농품|D153 곡물가공품 전분 및 사료|D154 기타 식품|D154134 빵 과자 코코아 국수 및 유사 식품|D15425 설탕 조미료 및 식품 첨가물|D15489 식료품 임가공업 및 기타 식료품|D155 음료|D15512 증류주 합성주 및 발효주|D1553 맥아 및 맥주|D1554 얼음 및 비알콜성 음료|D17 섬유 제품|D171방적 직조 및 섬유 가공업|D1711 제사 방적 및 직조업|D1712 섬유표백 염색 및 가공업|D172 기타 섬유제품|D173 편조업|D18 의복 및 모피 제품|D19 가죽 가방 마구류 및 신발|D191 가죽 가방및 마구류|D192 신발|D20 목재 및 나무 제품(가구제외)|D21 펄프 종이 및 종이 제품|D22 출판 인쇄 및 기록매체 복제업|D2212 출판 및 인쇄업|D223 기록매체 복제업|D23 코크스 석유 정제품 및 핵연료 가공업|D2313 코크스 및 관련제품 핵연료 가공업|D232 석유 정제품|D2321 원유 정제 처리업|D2322 석유정제 분획물 재처리업|D24 화합물 및 화학제품|D241 기초 화합물|D2411 기초 화합물(비료제외)|D2412 비료 및 질소 화합물|D2413 합성고무 및 플라스틱 물질|D242 기타 화학제품|D2421 살균 살충제및 기타 농업용 화학제품|D2422 도료 인쇄잉크 및 유사제품|D2423 의약품 의료용 화합물 및 생약제제|D2424 비누 세정광택제 및 화장품|D2429 기타화학제품|D243 화학섬유|D25 고무 및 플라스틱 제품|D251 고무제품|D2511 고무타이어 및 튜브|D2519 기타 고무제품|D252 플라스틱 제품|D26 비금속광물 제품|D261 유리 및 유리제품|D269 기타 비금속광물 제품|D2691-3 일반 도자기 및 요업 제품|D2694 시멘트 석회 및 프라스터|D2695 콘크리트 시멘트 및 프라스터 제품|D26969 석제품 및 기타 비금속광물 제품|D27 제1차 금속|D271 제1차 철강|D272 제1차 비철금속|D273 금속주조업|D28 조립금속제품(기계 및 장비 제외)|D281 구조금속제품 탱크 및 증기발생기|D289 기타 조립금속제품 및 금속 처리업|D29 기타 기계 및 장비|D291 일반목적용 기계|D2911-49 기타 일반목적용 기계|D2915 산업용 트럭 물품취급장비|D292 특수목적용 기계|D2921 농업용기계|D2922 가공 공작 기계|D29235-9 기타 특수목적용 기계|D2924 건설 및 광산용 기계 장비|D293 기타 가정용 기구|D30 사무 계산 및 회계용 기계|D31 기타 전기기계 및 전기 변환장치|D311 전동기 발전기 및 전기 변환장치|D312 전기공급 및 제어장치|D313-59 절연선 케이블 및 기타 전기장비|D32 영상 음향 및 통신장비|D321 전자관 및 기타 전자부품|D322 통신기기 및 방송장비|D323 방송 수신기 및 기타 영상 음향기기|D33 의료 정밀 광학기기 및 시계|D331 의료 측정 시험 및 기타 정밀 기기(광학기기 제외)|D332 사진 및 광학기기|D333 시계 및 시계 부품|D34 자동차 및 트레일러|D341 자동차용 엔지 및 자동차|D342 자동차 차체 및 트레일러|D343 자동차부품 제조업|D35 기타 운송장비|D351 선박 보트건조 및 수리업|D352-9 철도 항공기 및 기타 운송장비|D36 가구 및 기타 제조업|D361 가구|D369 기타 제조업|D369124-9 악기 장난감 및 기타 제조업|D3693 운동 및 경기용구|E40 전기 가스 및 증기업|E401 전기업|E4023 가스 및 증기 공급업|F45 건설업|G 도.소매 및 소비자 용품 수리업|G50 자동차 판매  수리 및 차량연료 소매업|G51 도매 및 상품 중개업|G511-9 도매 및 상품 중개업(무역업 제외)|G5191 무역업|G52 소매 및 소매용품 수선업(자동차 제외)|G521 종합소매업|G5211-9 종합소매업(백화점 제외)|G52191 백화점|G522-6 일반 소매업|H551 숙박업|I 운수 창고 및 통신업|I60 육상운송업(철도운송업 제외)|I60212 정기노선 및 비노선 여객육상 운송업|I6023 도로화물운송업|I61 수상운송업|I62 항공운송업|I63 여행알선 및 운수관련 서비스업|I6301 화물취급업|I6302 보관 및 창고업|I6303-9 기타운수관련 서비스업|I64 통신업|K 부동산 임대 및 사업서비스업|K701 부동산 및 임대업|K72 정보처리 및 컴퓨터 운용 관련업|K74 기타 사업관련 서비스업|K74129 기타 사업관련 서비스업(광고업 제외)|K743 광고업|O92 오락 문화 및 운동관련산업|O921 영화 방송 및 기타 공연관련 산업|O9211249 영화 및 기타 공연관련 산업|O9213 방송업|O924 운동 경기 및 기타 오락관련 산업|제조업 수출기업|제조업 내수기업|제조업 중화학공업|제조업 경공업|정보산업|정보통신기술산업|정보콘텐츠산업|종합|대기업|대기업_중견|중소기업|총자산경상이익률|총자산순이익률|기업경상이익률|기업순이익률|자기자본경상이익률|자기자본순이익률|자본금경상이익률|자본금순이익률|매출액경상이익률|매출액순이익률|매출액영업이익률|매출원가대매출액|변동비대매출액|고정비대매출액|연구개발비대매출액|인건비대매출액|재료비대매출액|순외환손익대매출액|EBIT대매출액|EBITDA대매출액|감가상각률|금융비용대부채|차입금평균이자율|금융비용대총비용|금융비용대매출액|순금융비용대매출액|이자보상비율|손익분기점률|사내유보율|배당률|배당성향,항목|업종코드별|기업규모별|계정항목별,,「기업경영분석」,한국은행 경제통계1국 한국은행 기업통계팀,02-759-4270,
301,1966004,DT_501Y027,"손익 지표(1998~2007, 표본조사)","Relationship Ratios of Income and Expenses(1998~2007, sample survey)","한국은행 > 기업경영분석 > 2007년 이전 > 손익 지표(1998~2007, 표본조사)",2022-05-31,년,,,0,1,201,수익성 지표(1998~2007 표본조사)|전산업|B 어업|C 광업|D 제조업|D15 음식료품|D151 고기 과실 채소 및 유지가공업|D152 낙농제품 및 아이스크림|D153 곡물가공품 전분 및 사료|D154 기타 식품|D1541 빵류및 곡분과자|D1545 조미료 및 식품 첨가물|D1542349 기타 식료품|D155 음료|D1551-3 증류주 합성주 발효주 및 맥주|D1554 비알콜성 음료 및 얼음|D17 섬유제품|D171 제사및 방적업|D172 직물직조업|D17349 기타 섬유 제품|D18 봉제의복 및 모피 제품|D19 가죽 가방 및 신발|D1912 가죽 가방 핸드백 및 기타 가죽제품|D193 신발|D20 목재및 나무제품(가구제외)|D21 펄프 종이 및 종이제품|D22 출판 인쇄 및 기록매체 복제업|D221 출판업|D2223 인쇄 및 기록매체 복제업|D23 코크스 석유 정제품 및 핵연료 가공업|D24 화합물 및 화학제품|D241 기초 화합물|D2411-3 기초 화합물(비료 제외)|D2414 비료 및 질소 화합물|D2415 합성고무 및 플라스틱물질|D242 의약품|D243 기타 화학제품|D2431 살충제 및 기타 농약|D2432 도료 인쇄잉크 및 유사제품|D2433 비누 세정광택제 및 화장품|D24349 기타화학제품|D244 화학섬유|D25 고무 및 플라스틱제품|D251 고무제품|D2511 고무타이어및 튜브|D2519 기타 고무제품|D252 플라스틱 제품|D26 비금속 광물제품|D261 유리 및 유리제품|D262 도자기및 기타 요업 제품|D263 시멘트 석회 플라스터 및 그 제품|D2631 시멘트 석회 및  플라스터|D2632 콘크리트 시멘트 및 플라스터 제품|D269 기타 비금속 광물 제품|D27 제 1차 금속|D271 제 1차 철강|D272 제 1차 비철금속|D273 금속 주조업|D28 조립 금속제품(기계 장비 및 가구 제외)|D281 구조용금속제품 탱크 및 증기 발생기|D289 기타조립금속제품제조 및 금속처리업|D29 기타 기계 및 장비|D291 일반 목적용 기계|D2916 산업용 트럭 및 물품취급장비|D2911-57 기타 일반 목적용 기계|D292 가공공작기계|D2934 기타 특수목적용 기계|D2931 농업용기계|D2933 건설 및 광산용 기계장비|D29324-69 기타 특수목적용 기계|D295 기타 가정용 기구|D30 컴퓨터 및 사무용 기기|D31 기타 전기기계 및 전기 변환장치|D311 전동기 발전기 및 전기 변환장치|D312 전기공급 및 전기 제어 장치|D313 절연선 및 케이블|D31459 기타 전기장비|D32 전자부품 영상 음향 및 통신장비|D321 반도체 및 기타 전자부품|D322 통신기기 및 방송장비|D323 방송수신기 및 기타 영상 음향기기|D33 의료 정밀 광학기기 및 시계|D34 자동차 및 트레일러|D341 자동차용 엔진 및 자동차|D3423 자동차차체 및 트레일러 자동차 부품|D35 기타 운송장비|D351 선박 및 보트건조업|D35239 철도 항공기 및 기타 운송장비|D36 가구 및 기타제품 제조업|D361 가구|D369 기타 제품 제조업|D37 재생용 가공원료 생산업|E 전기 가스 및 증기업|E40 전기 가스 및 증기업|E401 전기업|E4023 가스 및 증기공급업|F 건설업|서비스업|G 도매 및 소매업|G50 자동차 판매 및 차량원료 소매업|G51 도매 및 상품 중개업|G52 소매업(자동차 제외)|G521 종합소매업|G5211-9 종합소매업(백화점 제외)|G52111 백화점|G522-8 일반소매업|G5280 일반소매업(통신판매업 제외)|G5281 통신판매업|H551 숙박업|I 운수업|I60 육상운송업(철도운송업 제외)|I602 육상여객 운송업|I603 도로화물 운송업|I61 수상운송업|I62 항공운송업|I63 여행알선 창고 및 운송관련 서비스업|J642 통신업|L70 부동산 및 임대업|M 사업서비스업|M72 정보처리 및 기타 컴퓨터 운용관련업|M722 소프트웨어 자문 개발 및 공급업|M724  데이타베이스 및 온라인 정보제공업|M72139 기타 컴퓨터 운용 관련업|M74 전문 과학 및 기술 서비스업|M743 건축기술 및 엔지니어링 서비스업|M745 광고업|M741249 기타 전문 과학 및 기술 서비스업|M75 사업지원 서비스업|Q 오락 문화 및 운동관련산업|Q87 영화 방송 및 공연산업|Q872 방송업|Q8713 영화 및 공연산업|Q88 기타 오락 문화 및 운동관련산업|R90 하수처리 폐기물처리 및 청소관련서비스업|제조업 수출기업|제조업 내수기업|제조업 중화학공업|제조업 경공업|기술수준별|첨단기술업종|고기술업종|중기술업종|저기술업종|산업형태별|기초소재형산업|조립가공형산업|생활관련형산업|정보산업(2004년까지)|정보통신기술산업(2004년까지)|정보콘텐츠산업(2004년까지)|정보통신기술산업(2000부터 소급)|정보통신기기제조업(2000부터 소급)|정보통신서비스(2000부터 소급)|종합|대기업|대기업_중견|중소기업|총자산세전순이익률(2002~)|총자산순이익률|기업세전순이익률(2002~)|기업순이익률|자기자본세전순이익률(2002~)|자기자본순이익률|자본금세전순이익률(2002~)|자본금순이익률|매출액세전순이익률(2002~)|매출액순이익률|매출액영업이익률|매출원가대매출액비율|변동비대매출액(2002~)|고정비대매출액(2002~)|연구개발비대매출액비율|인건비대매출액비율|인건비대영업총비용|재료비대매출액비율|재료비대영업총비용|순외환손익대매출액|EBIT대매출액(2002~)|EBITDA매출액(2002~)|감가상각률|금융비용대부채비율|차입금평균이자율|금융비용대총비용(2002~)|금융비용대매출액비율|순금융비용대매출액|이자보상비율|순이자보상비율|손익분기점률(2002~)|사내유보율|배당률|배당성향|총자산경상이익률(~2006)|기업경상이익률(~2006)|자기자본경상이익률(~2006)|자본금경상이익률(~2006)|매출액경상이익률(~2006)|변동비대매출액비율(~2006)|고정비대매출액비율(~2006)|EBIT대매출액비율(~2006)|EBITDA대매출액비율(~2006)|금융비용대총비용비율(~2006)|손익분기점률(~2006),항목|업종코드별|기업규모별|계정항목별,,「기업경영분석」,한국은행 경제통계1국 한국은행 기업통계팀,02-759-4270,* 회계기준변경에 따른 지표변경(2007년 기업경영분석 책자 64쪽 참조-한국은행 홈페이지_한은DB_발간자료_연간자료)
301,1966004,DT_501Y062,"손익계산서(1990~1996, 표본조사)","Income Statement(1990~1996, sample survey)","한국은행 > 기업경영분석 > 2007년 이전 > 손익계산서(1990~1996, 표본조사)",2022-05-31,년,,,0,1,188,손익계산서(1990~1996 표본조사)|B 어업|C 광업|C10 석탄광업|C11-14 금속 및 기타 광업|D 제조업|D15 음식료품|D151 고기 과실 채소 및 유지가공업|D1511 육지동물고기 가공 및 저장 처리업|D1512 수생동물 가공 및 저장 처리업|D1513 과실 채소 가공 및 저장 처리업|D1514 동식물성 유지|D152 낙농품|D153 곡물가공품 전분 및 사료|D154 기타 식품|D154134 빵 과자 코코아 국수 및 유사 식품|D15425 설탕 조미료 및 식품 첨가물|D15489 식료품 임가공업 및 기타 식료품|D155 음료|D15512 증류주 합성주 및 발효주|D1553 맥아 및 맥주|D1554 얼음 및 비알콜성 음료|D17 섬유 제품|D171 방적 직조 및 섬유 가공업|D1711 제사 방적 및 직조업|D1712 섬유표백 염색 및 가공업|D172 기타 섬유제품|D173 편조업|D18 의복 및 모피 제품|D19 가죽 가방 마구류 및 신발|D191 가죽 가방및 마구류|D192 신발|D20 목재 및 나무 제품(가구제외)|D21 펄프 종이 및 종이 제품|D22 출판 인쇄 및 기록매체 복제업|D2212 출판 및 인쇄업|D223 기록매체 복제업|D23 코크스 석유 정제품 및 핵연료 가공업|D2313 코크스 및 관련제품 핵연료 가공업|D232 석유 정제품|D2321 원유 정제 처리업|D2322 석유정제 분획물 재처리업|D24 화합물 및 화학제품|D241 기초 화합물|D2411 기초 화합물(비료제외)|D2412 비료 및 질소 화합물|D2413 합성고무 및 플라스틱 물질|D242 기타 화학제품|D2421 살균 살충제및 기타 농업용 화학제품|D2422 도료 인쇄잉크 및 유사제품|D2423 의약품 의료용 화합물 및 생약제제|D2424 비누 세정광택제 및 화장품|D2429 기타화학제품|D243 화학섬유|D25 고무 및 플라스틱 제품|D251 고무제품|D2511 고무타이어 및 튜브|D2519 기타 고무제품|D252 플라스틱 제품|D26 비금속광물 제품|D261 유리 및 유리제품|D269 기타 비금속광물 제품|D2691-3 일반 도자기 및 요업 제품|D2694 시멘트 석회 및 프라스터|D2695 콘크리트 시멘트 및 프라스터 제품|D26969 석제품 및 기타 비금속광물 제품|D27 제1차 금속|D271 제1차 철강|D272 제1차 비철금속|D273 금속주조업|D28 조립금속제품(기계 및 장비 제외)|D281 구조금속제품 탱크 및 증기발생기|D289 기타 조립금속제품 및 금속 처리업|D29 기타 기계 및 장비|D291 일반목적용 기계|D2911-49 기타 일반목적용 기계|D2915 산업용 트럭 물품취급장비|D292 특수목적용 기계|D2921 농업용기계|D2922 가공 공작 기계|D29235-9 기타 특수목적용 기계|D2924 건설 및 광산용 기계 장비|D293 기타 가정용 기구|D30 사무 계산 및 회계용 기계|D31 기타 전기기계 및 전기 변환장치|D311 전동기 발전기 및 전기 변환장치|D312 전기공급 및 제어장치|D313-59 절연선 케이블 및 기타 전기장비|D32 영상 음향 및 통신장비|D321 전자관 및 기타 전자부품|D322 통신기기 및 방송장비|D323 방송 수신기 및 기타 영상 음향기기|D33 의료 정밀 광학기기 및 시계|D331 의료 측정 시험 및 기타 정밀 기기(광학기기 제외)|D332 사진 및 광학기기|D333 시계 및 시계 부품|D34 자동차 및 트레일러|D341 자동차용 엔진 및 자동차|D342 자동차 차체 및 트레일러|D343 자동차부품 제조업|D35 기타 운송장비|D351 선박 보트건조 및 수리업|D352-9 철도 항공기 및 기타 운송장비|D36 가구 및 기타 제조업|D361 가구|D369 기타 제조업|D369124-9 악기 장난감 및 기타 제조업|D3693 운동 및 경기용구|E40 전기 가스 및 증기업|E401 전기업|E4023 가스 및 증기 공급업|F45 건설업|G 도.소매 및 소비자 용품 수리업|G50 자동차 판매  수리 및 차량연료 소매업|51 도매 및 상품 중개업|G511-9 도매 및 상품 중개업(무역업 제외)|G5191 무역업|G52 소매 및 소비용품 수선업(자동차 제외)|G521 종합소매업|G5211-9 종합소매업(백화점 제외)|G52191 백화점|G522-6 일반 소매업|H551 숙박업|I 운수 창고 및 통신업|I60 육상운송업(철도운송업 제외)|I60212 정기노선 및 비노선 여객육상 운송업|I6023 도로화물운송업|I61 수상운송업|I62 항공운송업|I63 여행알선 및 운수관련 서비스업|I6301 화물취급업|I6302 보관 및 창고업|I6303-9 기타운수관련 서비스업|I64 통신업|K 부동산 임대 및 사업서비스업|K701 부동산 및 임대업|K72 정보처리 및 컴퓨터 운용 관련업|K74 기타 사업관련 서비스업|K74129 기타 사업관련 서비스업(광고업 제외)|K743 광고업|O92 오락 문화 및 운동관련산업|O921 영화 방송 및 기타 공연관련 산업|O9211249 영화 및 기타 공연관련 산업|O9213 방송업|O924 운동 경기 및 기타 오락관련 산업|제조업 수출기업|제조업 내수기업|제조업 중화학공업|제조업 경공업|종합|대기업|대기업_중견|중소기업|매출액|매출원가|매출총이익|판매비와일반관리비|급료임금상여제수당|퇴직급여충당금전입액|복리후생비|수도광열비|세금과공과|지급임차료|감가상각비|접대비및기밀비|광고선전비|경상연구개발비|보험료|운반하역보관포장비|대손상각|기타|영업이익|영업외수익|수입이자|수입배당금|외환차익|기타영업외수익|영업외비용|지급이자와할인료|회사채이자|외환차손|이연자산상각비|기타영업외비용|경상이익|특별이익|특별손실|법인세비용차감전순손익|법인세등|당기순이익,항목|업종코드별|기업규모별|계정항목별,,「기업경영분석」,한국은행 경제통계1국 한국은행 기업통계팀,02-759-4270,
301,1966004,DT_501Y061,"손익계산서(1997~1998, 표본조사)","Income Statement(1997~1998, sample survey)","한국은행 > 기업경영분석 > 2007년 이전 > 손익계산서(1997~1998, 표본조사)",2022-05-31,년,,,0,1,193,손익계산서(1997~1998 표본조사)|B 어업|C 광업|C10 석탄광업|C11-14 금속 및 기타 광업|D 제조업|D15 음식료품|D151 고기 과실 채소 및 유지가공업|D1511 육지동물고기 가공 및 저장 처리업|D1512 수생동물 가공 및 저장 처리업|D1513 과실 채소 가공 및 저장 처리업|D1514 동식물성 유지|D152 낙농품|D153 곡물가공품 전분 및 사료|D154 기타 식품|D154134 빵 과자 코코아 국수 및 유사 식품|D15425 설탕 조미료 및 식품 첨가물|D15489 식료품 임가공업 및 기타 식료품|D155 음료|D15512 증류주 합성주 및 발효주|D1553 맥아 및 맥주|D1554 얼음 및 비알콜성 음료|D17 섬유 제품|D171 방적 직조 및 섬유 가공업|D1711 제사 방적 및 직조업|D1712 섬유표백 염색 및 가공업|D172 기타 섬유제품|D173 편조업|D18 의복 및 모피 제품|D19 가죽 가방 마구류 및 신발|D191 가죽 가방및 마구류|D192 신발|D20 목재 및 나무 제품(가구제외)|D21 펄프 종이 및 종이 제품|D22 출판 인쇄 및 기록매체 복제업|D2212 출판 및 인쇄업|D223 기록매체 복제업|D23 코크스 석유 정제품 및 핵연료 가공업|D2313 코크스 및 관련제품 핵연료 가공업|D232 석유 정제품|D2321 원유 정제 처리업|D2322 석유정제 분획물 재처리업|D24 화합물 및 화학제품|D241 기초 화합물|D2411 기초 화합물(비료제외)|D2412 비료 및 질소 화합물|D2413 합성고무 및 플라스틱 물질|D242 기타 화학제품|D2421 살균 살충제및 기타 농업용 화학제품|D2422 도료 인쇄잉크 및 유사제품|D2423 의약품 의료용 화합물 및 생약제제|D2424 비누 세정광택제 및 화장품|D2429 기타화학제품|D243 화학섬유|D25 고무 및 플라스틱 제품|D251 고무제품|D2511 고무타이어 및 튜브|D2519 기타 고무제품|D252 플라스틱 제품|D26 비금속광물 제품|D261 유리 및 유리제품|D269 기타 비금속광물 제품|D2691-3 일반 도자기 및 요업 제품|D2694 시멘트 석회 및 프라스터|D2695 콘크리트 시멘트 및 프라스터 제품|D26969 석제품 및 기타 비금속광물 제품|D27 제1차 금속|D271 제1차 철강|D272 제1차 비철금속|D273 금속주조업|D28 조립금속제품(기계 및 장비 제외)|D281 구조금속제품 탱크 및 증기발생기|D289 기타 조립금속제품 제조 및 금속 처리업|D29 기타 기계 및 장비|D291 일반목적용 기계|D2911-49 기타 일반목적용 기계|D2915 산업용 트럭 물품취급장비|D292 특수목적용 기계|D2921 농업용기계|D2922 가공 공작 기계|D29235-9 기타 특수목적용 기계|D2924 건설 및 광산용 기계 장비|D293 기타 가정용 기구|D30 사무 계산 및 회계용 기계|D31 기타 전기기계 및 전기 변환장치|D311 전동기 발전기 및 전기 변환장치|D312 전기공급 및 제어장치|D313-59 절연선 케이블 및 기타 전기장비|D32 영상 음향 및 통신장비|D321 전자관 및 기타 전자부품|D322 통신기기 및 방송장비|D323 방송 수신기 및 기타 영상 음향기기|D33 의료 정밀 광학기기 및 시계|D331 의료 측정 시험 및 기타 정밀 기기(광학기기 제외)|D332 사진 및 광학기기|D333 시계 및 시계 부품|D34 자동차 및 트레일러|D341 자동차용 엔진 및 자동차|D342 자동차 차체 및 트레일러|D343 자동차부품 제조업|D35 기타 운송장비|D351 선박 보트건조 및 수리업|D352-9 철도 항공기 및 기타 운송장비|D36 가구 및 기타 제조업|D361 가구|D369 기타 제조업|D369124-9 악기 장난감 및 기타 제조업|D3693 운동 및 경기용구|E40 전기 가스 및 증기업|E401 전기업|E4023 가스 및 증기 공급업|F45 건설업|G 도.소매 및 소비자 용품 수리업|G50 자동차 판매  수리 및 차량연료 소매업|G51 도매 및 상품 중개업|G511-9 도매 및 상품 중개업(무역업 제외)|G5191 무역업|G52 소매 및 소비용품 수선업(자동차 제외)|G521 종합소매업|G5211-9 종합소매업(백화점 제외)|G52191 백화점|G522-6 일반 소매업|H551 숙박업|I 운수 창고 및 통신업|I60 육상운송업(철도운송업 제외)|I60212 정기노선 및 비노선 여객육상 운송업|I6023 도로화물운송업|I61 수상운송업|I62 항공운송업|I63 여행알선 및 운수관련 서비스업|I6301 화물취급업|I6302 보관 및 창고업|I3603-9 기타운수관련 서비스업|I64 통신업|K 부동산 임대 및 사업서비스업|K701 부동산 및 임대업|K72 정보처리 및 기타 컴퓨터 운용 관련업|K74기타 사업관련 서비스업|K74129 기타 사업관련 서비스업(광고업 제외)|K743 광고업|O92 오락 문화 및 운동관련산업|O921 영화 방송 및 기타 공연관련 산업|O9211249 영화 및 기타 공연관련 산업|O9213 방송업|O924 운동 경기 및 기타 오락관련 산업|제조업 수출기업|제조업 내수기업|제조업 중화학공업|제조업 경공업|종합|대기업|대기업_중견|중소기업|매출액|매출원가|매출총손익|판매비와관리비|급여|퇴직급여|복리후생비|수도광열비|세금과공과|임차료|감가상각비|접대비|광고선전비|경상연구개발비|보험료|운반하역보관포장비|대손상각비|기타판매비와관리비|영업손익|영업외수익|이자수익|배당금수익|외환차익|외화환산이익|유가증권평가이익|투자유형자산처분이익|기타영업외수익|영업외비용|이자비용|외환차손|외화환산손실|이연자산상각비|유가증권평가손실|투자유형자산처분손실|기타영업외비용|경상손익|특별이익|특별손실|법인세비용차감전순손익|법인세비용|당기순손익,항목|업종코드별|기업규모별|계정항목별,,「기업경영분석」,한국은행 경제통계1국 한국은행 기업통계팀,02-759-4270,
301,1966004,DT_501Y059,"손익계산서(2000~2007, 표본조사)","Income Statement(2000~2007, sample survey)","한국은행 > 기업경영분석 > 2007년 이전 > 손익계산서(2000~2007, 표본조사)",2022-05-31,년,,,0,1,205,손익계산서(2000~2007 표본조사)|전산업|B 어업|C 광업|D 제조업|D15 음식료품|D151 고기 과실 채소 및 유지가공업|D152 낙농제품 및 아이스크림|D153 곡물가공품 전분 및 사료|D154 기타 식품|D1541 빵류및 곡분과자|D1545 조미료 및 식품 첨가물|D1542349 기타 식료품|D155 음료|D1551-3 증류주 합성주 발효주 및 맥주|D1554 비알콜성 음료 및 얼음|D17 섬유제품|D171 제사및 방적업|D172 직물직조업|D17349 기타 섬유 제품|D18 봉제의복 및 모피 제품|D19 가죽 가방 및 신발|D1912 가죽 가방 핸드백 및 기타 가죽제품|D193 신발|D20 목재및 나무제품(가구제외)|D21 펄프 종이 및 종이제품|D22 출판 인쇄 및 기록매체 복제업|D221 출판업|D2223 인쇄 및 기록매체 복제업|D23 코크스 석유 정제품 및 핵연료 가공업|D24 화합물 및 화학제품|D241 기초 화합물|D2411-3 기초 화합물(비료 제외)|D2414 비료 및 질소 화합물|D2415 합성고무 및 플라스틱물질|D242 의약품|D243 기타 화학제품|D2431 살충제 및 기타 농약|D2432 도료 인쇄잉크 및 유사제품|D2433 비누 세정광택제 및 화장품|D24349 기타화학제품|D244 화학섬유|D25 고무 및 플라스틱제품|D251 고무제품|D2511 고무타이어및 튜브|D2519 기타 고무제품|D252 플라스틱 제품|D26 비금속 광물제품|D261 유리 및 유리제품|D262 도자기및 기타 요업 제품|D263 시멘트 석회 플라스터 및 그 제품|D2631 시멘트 석회 및  플라스터|D2632 콘크리트 시멘트 및 플라스터 제품|D269 기타 비금속 광물 제품|D27 제 1차 금속|D271 제 1차 철강|D272 제 1차 비철금속|D273 금속 주조업|D28 조립 금속제품(기계 장비 및 가구 제외)|D281 구조용금속제품 탱크 및 증기 발생기|D289 기타조립금속제품제조 및 금속처리업|D29 기타 기계 및 장비|D291 일반 목적용 기계|D2916 산업용 트럭 및 물품취급장비|D2911-57 기타 일반 목적용 기계|D292 가공공작기계|D2934 기타 특수목적용 기계|D2931 농업용기계|D2933 건설 및 광산용 기계장비|D29324-69 기타 특수목적용 기계|D295 기타 가정용 기구|D30 컴퓨터 및 사무용 기기|D31 기타 전기기계 및 전기 변환장치|D311 전동기 발전기 및 전기 변환장치|D312 전기공급 및 전기 제어 장치|D313 절연선 및 케이블|D31459 기타 전기장비|D32 전자부품 영상 음향 및 통신장비|D321 반도체 및 기타 전자부품|D322 통신기기 및 방송장비|D323 방송수신기 및 기타 영상 음향기기|D33 의료 정밀 광학기기 및 시계|D34 자동차 및 트레일러|D341 자동차용 엔진 및 자동차|D3423 자동차차체 및 트레일러 자동차 부품|D35 기타 운송장비|D351 선박 및 보트건조업|D35239 철도 항공기 및 기타 운송장비|D36 가구 및 기타제품 제조업|D361 가구|D369 기타 제품 제조업|D37 재생용 가공원료 생산업|E40 전기 가스 및 증기업|E401 전기업|E4023 가스 및 증기공급업|F 건설업|서비스업|G 도매 및 소매업|G50 자동차 판매 및 차량원료 소매업|G51 도매 및 상품 중개업|G52 소매업(자동차 제외)|G521 종합소매업|G5211-9 종합소매업(백화점 제외)|G52111 백화점|G522-8 일반소매업|G5280 일반소매업(통신판매업 제외)|G5281 통신판매업|H551 숙박업|I 운수업|I60 육상운송업(철도운송업 제외)|I602 육상여객 운송업|I603 도로화물 운송업|I61 수상운송업|I62 항공운송업|I63 여행알선 창고 및 운송관련 서비스업|J642 통신업|L70 부동산 및 임대업|M 사업서비스업|M72 정보처리 및 기타 컴퓨터 운용관련업|M722 소프트웨어 자문 개발 및 공급업|M724 데이타베이스 및 온라인 정보제공업|M72139 기타 컴퓨터 운용 관련업|M74 전문 과학 및 기술 서비스업|M743 건축기술 및 엔지니어링 서비스업|M745 광고업|M741249 기타 전문 과학 및 기술 서비스업|M75 사업지원 서비스업|Q 오락 문화 및 운동관련산업|Q87 영화 방송 및 공연산업|Q872 방송업|Q8713 영화 및 공연산업|Q88 기타 오락 문화 및 운동관련산업|R90 하수처리 폐기물처리 및 청소관련서비스업|제조업 수출기업|제조업 내수기업|제조업 중화학공업|제조업 경공업|기술수준별|첨단기술업종|고기술업종|중기술업종|저기술업종|산업형태별|기초소재형산업|조립가공형산업|생활관련형산업|정보산업(2004까지)|정보통신기술산업(2004까지)|정보콘텐츠산업(2004까지)|정보통신기술산업(2000부터 소급)|정보통신기기제조업(2000부터 소급)|정보통신서비스업(2000부터 소급)|종합|대기업|대기업_중견|중소기업|매출액|매출원가|매출총손익|판매비와관리비|인건비|급여|퇴직급여|복리후생비|수도광열비|세금과공과|임차료|감가상각비|접대비|광고선전비|경상연구개발비|보험료|운반・하역・보관・포장비|대손상각비|무형자산상각비|(개발비상각)|지급수수료(2003부터)|기타판매비와관리비|영업손익|영업외수익|이자수익|배당금수익|외환차익|외화환산이익|유가증권평가이익(~2002까지)|단기투자증권처분이익(2003)|투자・유형자산 처분이익|지분법평가이익(2004~)|기타영업외수익|영업외비용|이자비용|외환차손|외환환산손실|이연자산상각비|유가증권평가손실(~2002까지)|단기투자증권처분손실(2003)|투자・유형자산 처분손실|지분법평가손실(2004~)|매출채권처분손실(2003부터)|기타영업외비용|경상손익(2006까지)|특별이익(2006까지)|특별손실(2006까지)|법인세차감전순손익|법인세비용|당기순손익,항목|업종코드별|기업규모별|계정항목별,,「기업경영분석」,한국은행 경제통계1국 한국은행 기업통계팀,02-759-4270,
301,1966004,DT_501Y072,"이익잉여금 처분계산서(1990~1999, 표본조사)","Statement of Appropriation of Retained Earnings(1990~1999, sample survey)","한국은행 > 기업경영분석 > 2007년 이전 > 이익잉여금 처분계산서(1990~1999, 표본조사)",2022-05-31,년,,,0,1,170,이익잉여금 처분계산서(1990~1999 표본조사)|B 어업|C 광업|C10 석탄광업|C11-14 금속 및 기타 광업|D 제조업|D15 음식료품|D151 고기 과실 채소 및 유지가공업|D1511 육지동물고기 가공 및 저장 처리업|D1512 수생동물 가공 및 저장 처리업|D1513 과실 채소 가공 및 저장 처리업|D1514 동식물성 유지|D152 낙농품|D153 곡물가공품 전분 및 사료|D154 기타 식품|D154134 빵 과자 코코아 국수 및 유사 식품|D15425 설탕 조미료 및 식품 첨가물|D15489 식료품 임가공업 및 기타 식료품|D155 음료|D15512 증류주 합성주 및 발효주|D1553 맥아 및 맥주|D1554 얼음 및 비알콜성 음료|D17 섬유 제품|D171 방적 직조 및 섬유 가공업|D1711 제사 방적 및 직조업|D1712 섬유표백 염색 및 가공업|D172 기타 섬유제품|D173 편조업|D18 의복 및 모피 제품|D19 가죽 가방 마구류 및 신발|D191 가죽 가방및 마구류|D192 신발|D20 목재 및 나무 제품(가구제외)|D21 펄프 종이 및 종이 제품|D22 출판 인쇄 및 기록매체 복제업|D2212 출판 및 인쇄업|D223 기록매체 복제업|D23 코크스 석유 정제품 및 핵연료 가공업|D2313 코크스 및 관련제품 핵연료 가공업|D232 석유 정제품|D2321 원유 정제 처리업|D2322 석유정제 분획물 재처리업|D24 화합물 및 화학제품|D241 기초 화합물|D2411 기초 화합물(비료제외)|D2412 비료 및 질소 화합물|D2413 합성고무 및 플라스틱 물질|D242 기타 화학제품|D2421 살균 살충제및 기타 농업용 화학제품|D2422 도료 인쇄잉크 및 유사제품|D2423 의약품 의료용 화합물 및 생약제제|D2424 비누 세정광택제 및 화장품|D2429 기타화학제품|D243 화학섬유|D25 고무 및 플라스틱 제품|D251 고무제품|D2511 고무타이어 및 튜브|D2519 기타 고무제품|D252 플라스틱 제품|D26 비금속광물 제품|D261 유리 및 유리제품|D269 기타 비금속광물 제품|D2691-3 일반 도자기 및 요업 제품|D2694 시멘트 석회 및 프라스터|D2695 콘크리트 시멘트 및 프라스터 제품|D26969 석제품 및 기타 비금속광물 제품|D27 제1차 금속|D271 제1차 철강|D272 제1차 비철금속|D273 금속주조업|D28 조립금속제품(기계 및 장비 제외)|D281 구조금속제품 탱크 및 증기발생기|D289 기타 조립금속제품 및 금속 처리업|D29 기타 기계 및 장비|D291 일반목적용 기계|D2911-49 기타 일반목적용 기계|D2915 산업용 트럭 물품취급장비|D292 특수목적용 기계|D2921 농업용기계|D2922 가공 공작 기계|D29235-9기타 특수목적용 기계|D2924 건설 및 광산용 기계 장비|D293 기타 가정용 기구|D30 사무 계산 및 회계용 기계|D31 기타 전기기계 및 전기 변환장치|D311 전동기 발전기 및 전기 변환장치|D312 전기공급 및 제어장치|D313-59 절연선 케이블 및 기타 전기장비|D32 영상 음향 및 통신장비|D321 전자관 및 기타 전자부품|D322 통신기기 및 방송장비|D323 방송 수신기 및 기타 영상 음향기기|D33 의료 정밀 광학기기 및 시계|D331 의료 측정 시험 및 기타 정밀 기기(광학기기 제외)|D332 사진 및 광학기기|D333 시계 및 시계 부품|D34 자동차 및 트레일러|D341 자동차용 엔지 및 자동차|D342 자동차 차체 및 트레일러|D343 자동차부품 제조업|D35 기타 운송장비|D351 선박 보트건조 및 수리업|D352-9 철도 항공기 및 기타 운송장비|D36 가구 및 기타 제조업|D361 가구|D369 기타 제조업|D369124-9 악기 장난감 및 기타 제조업|D3693 운동 및 경기용구|E40 전기 가스 및 증기업|E401 전기업|E4023 가스 및 증기 공급업|F45 건설업|G 도.소매 및 소비자 용품 수리업|G50 자동차 판매  수리 및 차량연료 소매업|G51 도매 및 상품 중개업|G511-9 도매 및 상품 중개업(무역업 제외)|G5191 무역업|G52 소매 및 소매용품 수선업(자동차 제외)|G521 종합소매업|G5211-9 종합소매업(백화점 제외)|G52191 백화점|G522-6 일반 소매업|H551 숙박업|I 운수 창고 및 통신업|I60 육상운송업(철도운송업 제외)|I60212 정기노선 및 비노선 여객육상 운송업|I6023 도로화물운송업|I61 수상운송업|I62 항공운송업|I63 여행알선 및 운수관련 서비스업|I6301 화물취급업|I6302 보관 및 창고업|I6303-9 기타운수관련 서비스업|I64 통신업|K 부동산 임대 및 사업서비스업|K701 부동산 및 임대업|K72 정보처리 및 컴퓨터 운용 관련업|K74 기타 사업관련 서비스업|K74129 기타 사업관련 서비스업(광고업 제외)|K743 광고업|O92 오락 문화 및 운동관련산업|O921 영화 방송 및 기타 공연관련 산업|O9211249영화 및 기타 공연관련 산업|O9213 방송업|O924 운동 경기 및 기타 오락관련 산업|제조업 수출기업|제조업 내수기업|제조업 중화학공업|제조업 경공업|정보산업|정보통신기술산업|정보콘텐츠산업|종합|대기업|대기업_중견|중소기업|처분전이익잉여금|전기이월이익잉여금|회계변경의누적효과|전기오류수정손익|전기오류수정이익|(△)전기오류수정손실|당기순이익|임의적립금이입액|이익잉여금처분액|이익준비금|기타법정적립금|배당금|임의적립금|기타이익잉여금처분액|차기이월이익잉여금,항목|업종코드별|기업규모별|계정항목별,,「기업경영분석」,한국은행 경제통계1국 한국은행 기업통계팀,02-759-4270,
301,1966004,DT_501Y071,"이익잉여금 처분계산서(2000~2007, 표본조사)","Statement of Appropriation of Retained Earnings(2000~2007, sample survey)","한국은행 > 기업경영분석 > 2007년 이전 > 이익잉여금 처분계산서(2000~2007, 표본조사)",2022-05-31,년,,,0,1,170,이익잉여금 처분계산서(2000~2007 표본조사)|전산업|B 어업|C 광업|D 제조업|D15 음식료품|D151 고기 과실 채소 및 유지가공업|D152 낙농제품 및 아이스크림|D153 곡물가공품 전분 및 사료|D154 기타 식품|D1541 빵류및 곡분과자|D1545 조미료 및 식품 첨가물|D1542349 기타 식료품|D155 음료|D1551-3 증류주 합성주 발효주 및 맥주|D1554 비알콜성 음료 및 얼음|D17 섬유제품|D171 제사및 방적업|D172 직물직조업|D17349 기타 섬유 제품|D18 봉제의복 및 모피 제품|D19 가죽 가방 및 신발|D1912 가죽 가방 핸드백 및 기타 가죽제품|D193 신발|D20 목재및 나무제품(가구제외)|D21 펄프 종이 및 종이제품|D22 출판 인쇄 및 기록매체 복제업|D221 출판업|D2223 인쇄 및 기록매체 복제업|D23 코크스 석유 정제품 및 핵연료 가공업|D24 화합물 및 화학제품|D241 기초 화합물|D2411-3 기초 화합물(비료 제외)|D2414 비료 및 질소 화합물|D2415 합성고무 및 플라스틱물질|D242 의약품|D243 기타 화학제품|D2431 살충제 및 기타 농약|D2432 도료 인쇄잉크 및 유사제품|D2433 비누 세정광택제 및 화장품|D24349 기타화학제품|D244 화학섬유|D25 고무 및 플라스틱제품|D251 고무제품|D2511 고무타이어및 튜브|D2519 기타 고무제품|D252 플라스틱 제품|D26 비금속 광물제품|D261 유리 및 유리제품|D262 도자기및 기타 요업 제품|D263 시멘트 석회 플라스터 및 그 제품|D2631 시멘트 석회 및  플라스터|D2632 콘크리트 시멘트 및 플라스터 제품|D269 기타 비금속 광물 제품|D27 제 1차 금속|D271 제 1차 철강|D272 제 1차 비철금속|D273 금속 주조업|D28 조립 금속제품(기계 장비 및 가구 제외)|D281 구조용금속제품 탱크 및 증기 발생기|D289 기타조립금속제품제조 및 금속처리업|D29 기타 기계 및 장비|D291 일반 목적용 기계|D2916 산업용 트럭 및 물품취급장비|D2911-57 기타 일반 목적용 기계|D292 가공공작기계|D2934 기타 특수목적용 기계|D2931 농업용기계|D2933 건설 및 광산용 기계장비|D29324-69 기타 특수목적용 기계|D295 기타 가정용 기구|D30 컴퓨터 및 사무용 기기|D31 기타 전기기계 및 전기 변환장치|D311 전동기 발전기 및 전기 변환장치|D312 전기공급 및 전기 제어 장치|D313 절연선 및 케이블|D31459 기타 전기장비|D32 전자부품 영상 음향 및 통신장비|D321 반도체 및 기타 전자부품|D322 통신기기 및 방송장비|D323 방송수신기 및 기타 영상 음향기기|D33 의료 정밀 광학기기 및 시계|D34 자동차 및 트레일러|D341 자동차용 엔진 및 자동차|D3423 자동차차체 및 트레일러 자동차 부품|D35 기타 운송장비|D351 선박 및 보트건조업|D35239 철도 항공기 및 기타 운송장비|D36 가구 및 기타제품 제조업|D361 가구|D369 기타 제품 제조업|D37 재생용 가공원료 생산업|E40 전기 가스 및 증기업|E401 전기업|E4023 가스 및 증기공급업|F 건설업|서비스업|G 도매 및 소매업|G50 자동차 판매 및 차량원료 소매업|G51 도매 및 상품 중개업|G52 소매업(자동차 제외)|G521 종합소매업|G5211-9 종합소매업(백화점 제외)|G52111 백화점|G522-8 일반소매업|G5280 일반소매업(통신판매업 제외)|G5281 통신판매업|H551 숙박업|I 운수업|I60 육상운송업(철도운송업 제외)|I602 육상여객 운송업|I603 도로화물 운송업|I61 수상운송업|I62 항공운송업|I63 여행알선 창고 및 운송관련 서비스업|J642 통신업|L70 부동산 및 임대업|M 사업서비스업|M72 정보처리 및 기타 컴퓨터 운용관련업|M722 소프트웨어 자문 개발 및 공급업|M724 데이타베이스 및 온라인 정보제공업|M72139 기타 컴퓨터 운용 관련업|M74 전문 과학 및 기술 서비스업|M743 건축기술 및 엔지니어링 서비스업|M745 광고업|M741249 기타 전문 과학 및 기술 서비스업|M75 사업지원 서비스업|Q 오락 문화 및 운동관련산업|Q87 영화 방송 및 공연산업|Q872 방송업|Q8713 영화 및 공연산업|Q88 기타 오락 문화 및 운동관련산업|R90 하수처리 폐기물처리 및 청소관련서비스업|제조업 수출기업|제조업 내수기업|제조업 중화학공업|제조업 경공업|기술수준별|첨단기술업종|고기술업종|중기술업종|저기술업종|산업형태별|기초소재형산업|조립가공형산업|생활관련형산업|정보산업(2004까지)|정보통신기술산업(2004까지)|정보콘텐츠산업(2004까지)|정보통신기술산업(2000부터 소급)|정보통신기기제조업(2000부터 소급)|정보통신서비스업(2000부터 소급)|종합|대기업|대기업_중견|중소기업|처분전이익잉여금|전기이월이익잉여금|회계변경의 누적효과|지분법적용회사의 잉여금변동(2003부터)|전기오류수정손익|당기순이익|기타처분전이익잉여금(2004부터)|임의적립금이입액|이익잉여금처분액|이익준비금|기타법정적립금|배당금|임의적립금|기타이익잉여금처분액|차기이월이익잉여금,항목|업종코드별|기업규모별|계정항목별,,「기업경영분석」,한국은행 경제통계1국 한국은행 기업통계팀,02-759-4270,
301,1966004,DT_501Y033,"자산/자본 지표(1990~1997, 표본조사)","Relationship Ratios of Assets, Liabilities and Stockholder's Equity(1990~1997, sample survey)","한국은행 > 기업경영분석 > 2007년 이전 > 자산/자본 지표(1990~1997, 표본조사)",2022-05-31,년,,,0,1,168,자산/자본 지표(1990~1997 표본조사)|B 어업|C 광업|C10석탄광업|C11-14금속 및 기타 광업|D 제조업|D15 음식료품|D151 고기 과실 채소 및 유지가공업|D1511 육지동물고기 가공 및 저장 처리업|D1512 수생동물 가공 및 저장 처리업|D1513 과실 채소 가공 및 저장 처리업|D1514 동식물성 유지|D152 낙농품|D153 곡물가공품 전분 및 사료|D154 기타 식품|D154134 빵 과자 코코아 국수 및 유사 식품|D15425 설탕 조미료 및 식품 첨가물|D15489 식료품 임가공업 및 기타 식료품|D155 음료|D15512 증류주 합성주 및 발효주|D1553 맥아 및 맥주|D1554 얼음 및 비알콜성 음료|D17 섬유 제품|D171방적 직조 및 섬유 가공업|D1711 제사 방적 및 직조업|D1712 섬유표백 염색 및 가공업|D172 기타 섬유제품|D173 편조업|D18 의복 및 모피 제품|D19 가죽 가방 마구류 및 신발|D191 가죽 가방및 마구류|D192 신발|D20 목재 및 나무 제품(가구제외)|D21 펄프 종이 및 종이 제품|D22 출판 인쇄 및 기록매체 복제업|D2212 출판 및 인쇄업|D223 기록매체 복제업|D23 코크스 석유 정제품 및 핵연료 가공업|D2313 코크스 및 관련제품 핵연료 가공업|D232 석유 정제품|D2321 원유 정제 처리업|D2322 석유정제 분획물 재처리업|D24 화합물 및 화학제품|D241 기초 화합물|D2411 기초 화합물(비료제외)|D2412 비료 및 질소 화합물|D2413 합성고무 및 플라스틱 물질|D242 기타 화학제품|D2421 살균 살충제및 기타 농업용 화학제품|D2422 도료 인쇄잉크 및 유사제품|D2423 의약품 의료용 화합물 및 생약제제|D2424 비누 세정광택제 및 화장품|D2429 기타화학제품|D243 화학섬유|D25 고무 및 플라스틱 제품|D251 고무제품|D2511 고무타이어 및 튜브|D2519 기타 고무제품|D252 플라스틱 제품|D26 비금속광물 제품|D261 유리 및 유리제품|D269 기타 비금속광물 제품|D2691-3 일반 도자기 및 요업 제품|D2694 시멘트 석회 및 프라스터|D2695 콘크리트 시멘트 및 프라스터 제품|D26969 석제품 및 기타 비금속광물 제품|D27 제1차 금속|D271 제1차 철강|D272 제1차 비철금속|D273 금속주조업|D28 조립금속제품(기계 및 장비 제외)|D281 구조금속제품 탱크 및 증기발생기|D289 기타 조립금속제품 및 금속 처리업|D29 기타 기계 및 장비|D291 일반목적용 기계|D2911-49 기타 일반목적용 기계|D2915 산업용 트럭 물품취급장비|D292 특수목적용 기계|D2921 농업용기계|D2922 가공 공작 기계|D29235-9 기타 특수목적용 기계|D2924 건설 및 광산용 기계 장비|D293 기타 가정용 기구|D30 사무 계산 및 회계용 기계|D31 기타 전기기계 및 전기 변환장치|D311 전동기 발전기 및 전기 변환장치|D312 전기공급 및 제어장치|D313-59 절연선 케이블 및 기타 전기장비|D32 영상 음향 및 통신장비|D321 전자관 및 기타 전자부품|D322 통신기기 및 방송장비|D323 방송 수신기 및 기타 영상 음향기기|D33 의료 정밀 광학기기 및 시계|D331 의료 측정 시험 및 기타 정밀 기기(광학기기 제외)|D332 사진 및 광학기기|D333 시계 및 시계 부품|D34 자동차 및 트레일러|D341 자동차용 엔지 및 자동차|D342 자동차 차체 및 트레일러|D343 자동차부품 제조업|D35 기타 운송장비|D351 선박 보트건조 및 수리업|D352-9 철도 항공기 및 기타 운송장비|D36 가구 및 기타 제조업|D361 가구|D369 기타 제조업|D369124-9 악기 장난감 및 기타 제조업|D3693 운동 및 경기용구|E40 전기 가스 및 증기업|E401 전기업|E4023 가스 및 증기 공급업|F45 건설업|G 도.소매 및 소비자 용품 수리업|G50 자동차 판매  수리 및 차량연료 소매업|G51 도매 및 상품 중개업|G511-9 도매 및 상품 중개업(무역업 제외)|G5191 무역업|G52 소매 및 소매용품 수선업(자동차 제외)|G521 종합소매업|G5211-9 종합소매업(백화점 제외)|G52191 백화점|G522-6 일반 소매업|H551 숙박업|I 운수 창고 및 통신업|I60 육상운송업(철도운송업 제외)|I60212 정기노선 및 비노선 여객육상 운송업|I6023 도로화물운송업|I61 수상운송업|I62 항공운송업|I63 여행알선 및 운수관련 서비스업|I6301 화물취급업|I6302 보관 및 창고업|I6303-9 기타운수관련 서비스업|I64 통신업|K 부동산 임대 및 사업서비스업|K701 부동산 및 임대업|K72 정보처리 및 컴퓨터 운용 관련업|K74 기타 사업관련 서비스업|K74129 기타 사업관련 서비스업(광고업 제외)|K743 광고업|O92 오락 문화 및 운동관련산업|O921 영화 방송 및 기타 공연관련 산업|O9211249 영화 및 기타 공연관련 산업|O9213 방송업|O924 운동 경기 및 기타 오락관련 산업|제조업 수출기업|제조업 내수기업|제조업 중화학공업|제조업 경공업|정보산업|정보통신기술산업|정보콘텐츠산업|종합|대기업|대기업_중견|중소기업|자기자본비율|유동비율|당좌비율|현금비율|고정비율|고정장기적합률|부채비율|유동부채비율|고정부채비율|차입금의존도|차입금대매출액|매출채권대매입채무|순운전자본대총자본,항목|업종코드별|기업규모별|계정항목별,,「기업경영분석」,한국은행 경제통계1국 한국은행 기업통계팀,02-759-4270,
301,1966004,DT_501Y032,"자산/자본 지표(1998~2007, 표본조사)","Relationship Ratios of Assets, Liabilities and Stockholder's Equity(1998~2007, sample survey)","한국은행 > 기업경영분석 > 2007년 이전 > 자산/자본 지표(1998~2007, 표본조사)",2022-05-31,년,,,0,1,172,자산/자본 지표(1998~2007 표본조사)|전산업|B 어업|C 광업|D 제조업|D15 음식료품|D151 고기 과실 채소 및 유지가공업|D152 낙농제품 및 아이스크림|D153 곡물가공품 전분 및 사료|D154 기타 식품|D1541 빵류및 곡분과자|D1545 조미료 및 식품 첨가물|D1542349 기타 식료품|D155 음료|D1551-3 증류주 합성주 발효주 및 맥주|D1554 비알콜성 음료 및 얼음|D17 섬유제품|D171 제사및 방적업|D172 직물직조업|D17349 기타 섬유 제품|D18 봉제의복 및 모피 제품|D19 가죽 가방 및 신발|D1912 가죽 가방 핸드백 및 기타 가죽제품|D193 신발|D20 목재및 나무제품(가구제외)|D21 펄프 종이 및 종이제품|D22 출판 인쇄 및 기록매체 복제업|D221 출판업|D2223 인쇄 및 기록매체 복제업|D23 코크스 석유 정제품 및 핵연료 가공업|D24 화합물 및 화학제품|D241 기초 화합물|D2411-3 기초 화합물(비료 제외)|D2414 비료 및 질소 화합물|D2415 합성고무 및 플라스틱물질|D242 의약품|D243 기타 화학제품|D2431 살충제 및 기타 농약|D2432 도료 인쇄잉크 및 유사제품|D2433 비누 세정광택제 및 화장품|D24349 기타화학제품|D244 화학섬유|D25 고무 및 플라스틱제품|D251 고무제품|D2511 고무타이어및 튜브|D2519 기타 고무제품|D252 플라스틱 제품|D26 비금속 광물제품|D261 유리 및 유리제품|D262 도자기및 기타 요업 제품|D263 시멘트 석회 플라스터 및 그 제품|D2631 시멘트 석회 및  플라스터|D2632 콘크리트 시멘트 및 플라스터 제품|D269 기타 비금속 광물 제품|D27 제 1차 금속|D271 제 1차 철강|D272 제 1차 비철금속|D273 금속 주조업|D28 조립 금속제품(기계 장비 및 가구 제외)|D281 구조용금속제품 탱크 및 증기 발생기|D289 기타조립금속제품제조 및 금속처리업|D29 기타 기계 및 장비|D291 일반 목적용 기계|D2916 산업용 트럭 및 물품취급장비|D2911-57 기타 일반 목적용 기계|D292 가공공작기계|D2934 기타 특수목적용 기계|D2931 농업용기계|D2933 건설 및 광산용 기계장비|D29324-69 기타 특수목적용 기계|D295 기타 가정용 기구|D30 컴퓨터 및 사무용 기기|D31 기타 전기기계 및 전기 변환장치|D311 전동기 발전기 및 전기 변환장치|D312 전기공급 및 전기 제어 장치|D313 절연선 및 케이블|D31459 기타 전기장비|D32 전자부품 영상 음향 및 통신장비|D321 반도체 및 기타 전자부품|D322 통신기기 및 방송장비|D323 방송수신기 및 기타 영상 음향기기|D33 의료 정밀 광학기기 및 시계|D34 자동차 및 트레일러|D341 자동차용 엔진 및 자동차|D3423 자동차차체 및 트레일러 자동차 부품|D35 기타 운송장비|D351 선박 및 보트건조업|D35239 철도 항공기 및 기타 운송장비|D36 가구 및 기타제품 제조업|D361 가구|D369 기타 제품 제조업|D37 재생용 가공원료 생산업|E 전기 가스 및 증기업|E40 전기 가스 및 증기업|E401 전기업|E4023 가스 및 증기공급업|F 건설업|서비스업|G 도매 및 소매업|G50 자동차 판매 및 차량원료 소매업|G51 도매 및 상품 중개업|G52 소매업(자동차 제외)|G521 종합소매업|G5211-9 종합소매업(백화점 제외)|G52111 백화점|G522-8 일반소매업|G5280 일반소매업(통신판매업 제외)|G5281 통신판매업|H551 숙박업|I 운수업|I60 육상운송업(철도운송업 제외)|I602 육상여객 운송업|I603 도로화물 운송업|I61 수상운송업|I62 항공운송업|I63 여행알선 창고 및 운송관련 서비스업|J642 통신업|L70 부동산 및 임대업|M 사업서비스업|M72 정보처리 및 기타 컴퓨터 운용관련업|M722 소프트웨어 자문 개발 및 공급업|M724  데이타베이스 및 온라인 정보제공업|M72139 기타 컴퓨터 운용 관련업|M74 전문 과학 및 기술 서비스업|M743 건축기술 및 엔지니어링 서비스업|M745 광고업|M741249 기타 전문 과학 및 기술 서비스업|M75 사업지원 서비스업|Q 오락 문화 및 운동관련산업|Q87 영화 방송 및 공연산업|Q872 방송업|Q8713 영화 및 공연산업|Q88 기타 오락 문화 및 운동관련산업|R90 하수처리 폐기물처리 및 청소관련서비스업|제조업 수출기업|제조업 내수기업|제조업 중화학공업|제조업 경공업|기술수준별|첨단기술업종|고기술업종|중기술업종|저기술업종|산업형태별|기초소재형산업|조립가공형산업|생활관련형산업|정보산업(2004년까지)|정보통신기술산업(2004년까지)|정보콘텐츠산업(2004년까지)|정보통신기술산업(2000부터 소급)|정보통신기기제조업(2000부터 소급)|정보통신서비스(2000부터 소급)|종합|대기업|대기업_중견|중소기업|자기자본비율|유동비율|당좌비율|현금비율|비유동비율(2007~)|비유동장기적합률(2007~)|부채비율|유동부채비율|비유동부채비율(2007~)|차입금의존도|차입금대매출액비율|매출채권대매입채무비율|순운전자본대총자본비율|고정비율(~2006)|고정장기적합률(~2006)|고정부채비율(~2006),항목|업종코드별|기업규모별|계정항목별,,「기업경영분석」,한국은행 경제통계1국 한국은행 기업통계팀,02-759-4270,* 회계기준변경에 따른 지표변경(2007년 기업경영분석 책자 64쪽 참조-한국은행 홈페이지_한은DB_발간자료_연간자료)
301,1966004,DT_501Y038,"자산/자본 회전율(1990~1997, 표본조사)","Turnover Ratios of Assets, Liabilities and Stockholder's Equity(1990~1997, sample survey)","한국은행 > 기업경영분석 > 2007년 이전 > 자산/자본 회전율(1990~1997, 표본조사)",2022-05-31,년,,,0,1,164,자산/자본 회전율(1990~1997 표본조사)|B 어업|C 광업|C10석탄광업|C11-14금속 및 기타 광업|D 제조업|D15 음식료품|D151 고기 과실 채소 및 유지가공업|D1511 육지동물고기 가공 및 저장 처리업|D1512 수생동물 가공 및 저장 처리업|D1513 과실 채소 가공 및 저장 처리업|D1514 동식물성 유지|D152 낙농품|D153 곡물가공품 전분 및 사료|D154 기타 식품|D154134 빵 과자 코코아 국수 및 유사 식품|D15425 설탕 조미료 및 식품 첨가물|D15489 식료품 임가공업 및 기타 식료품|D155 음료|D15512 증류주 합성주 및 발효주|D1553 맥아 및 맥주|D1554 얼음 및 비알콜성 음료|D17 섬유 제품|D171방적 직조 및 섬유 가공업|D1711 제사 방적 및 직조업|D1712 섬유표백 염색 및 가공업|D172 기타 섬유제품|D173 편조업|D18 의복 및 모피 제품|D19 가죽 가방 마구류 및 신발|D191 가죽 가방및 마구류|D192 신발|D20 목재 및 나무 제품(가구제외)|D21 펄프 종이 및 종이 제품|D22 출판 인쇄 및 기록매체 복제업|D2212 출판 및 인쇄업|D223 기록매체 복제업|D23 코크스 석유 정제품 및 핵연료 가공업|D2313 코크스 및 관련제품 핵연료 가공업|D232 석유 정제품|D2321 원유 정제 처리업|D2322 석유정제 분획물 재처리업|D24 화합물 및 화학제품|D241 기초 화합물|D2411 기초 화합물(비료제외)|D2412 비료 및 질소 화합물|D2413 합성고무 및 플라스틱 물질|D242 기타 화학제품|D2421 살균 살충제및 기타 농업용 화학제품|D2422 도료 인쇄잉크 및 유사제품|D2423 의약품 의료용 화합물 및 생약제제|D2424 비누 세정광택제 및 화장품|D2429 기타화학제품|D243 화학섬유|D25 고무 및 플라스틱 제품|D251 고무제품|D2511 고무타이어 및 튜브|D2519 기타 고무제품|D252 플라스틱 제품|D26 비금속광물 제품|D261 유리 및 유리제품|D269 기타 비금속광물 제품|D2691-3 일반 도자기 및 요업 제품|D2694 시멘트 석회 및 프라스터|D2695 콘크리트 시멘트 및 프라스터 제품|D26969 석제품 및 기타 비금속광물 제품|D27 제1차 금속|D271 제1차 철강|D272 제1차 비철금속|D273 금속주조업|D28 조립금속제품(기계 및 장비 제외)|D281 구조금속제품 탱크 및 증기발생기|D289 기타 조립금속제품 및 금속 처리업|D29 기타 기계 및 장비|D291 일반목적용 기계|D2911-49 기타 일반목적용 기계|D2915 산업용 트럭 물품취급장비|D292 특수목적용 기계|D2921 농업용기계|D2922 가공 공작 기계|D29235-9 기타 특수목적용 기계|D2924 건설 및 광산용 기계 장비|D293 기타 가정용 기구|D30 사무 계산 및 회계용 기계|D31 기타 전기기계 및 전기 변환장치|D311 전동기 발전기 및 전기 변환장치|D312 전기공급 및 제어장치|D313-59 절연선 케이블 및 기타 전기장비|D32 영상 음향 및 통신장비|D321 전자관 및 기타 전자부품|D322 통신기기 및 방송장비|D323 방송 수신기 및 기타 영상 음향기기|D33 의료 정밀 광학기기 및 시계|D331 의료 측정 시험 및 기타 정밀 기기(광학기기 제외)|D332 사진 및 광학기기|D333 시계 및 시계 부품|D34 자동차 및 트레일러|D341 자동차용 엔지 및 자동차|D342 자동차 차체 및 트레일러|D343 자동차부품 제조업|D35 기타 운송장비|D351 선박 보트건조 및 수리업|D352-9 철도 항공기 및 기타 운송장비|D36 가구 및 기타 제조업|D361 가구|D369 기타 제조업|D369124-9 악기 장난감 및 기타 제조업|D3693 운동 및 경기용구|E40 전기 가스 및 증기업|E401 전기업|E4023 가스 및 증기 공급업|F45 건설업|G 도.소매 및 소비자 용품 수리업|G50 자동차 판매  수리 및 차량연료 소매업|G51 도매 및 상품 중개업|G511-9 도매 및 상품 중개업(무역업 제외)|G5191 무역업|G52 소매 및 소매용품 수선업(자동차 제외)|G521 종합소매업|G5211-9 종합소매업(백화점 제외)|G52191 백화점|G522-6 일반 소매업|H551 숙박업|I 운수 창고 및 통신업|I60 육상운송업(철도운송업 제외)|I60212 정기노선 및 비노선 여객육상 운송업|I6023 도로화물운송업|I61 수상운송업|I62 항공운송업|I63 여행알선 및 운수관련 서비스업|I6301 화물취급업|I6302 보관 및 창고업|I6303-9 기타운수관련 서비스업|I64 통신업|K 부동산 임대 및 사업서비스업|K701 부동산 및 임대업|K72 정보처리 및 컴퓨터 운용 관련업|K74 기타 사업관련 서비스업|K74129 기타 사업관련 서비스업(광고업 제외)|K743 광고업|O92 오락 문화 및 운동관련산업|O921 영화 방송 및 기타 공연관련 산업|O9211249 영화 및 기타 공연관련 산업|O9213 방송업|O924 운동 경기 및 기타 오락관련 산업|제조업 수출기업|제조업 내수기업|제조업 중화학공업|제조업 경공업|정보산업|정보통신기술산업|정보콘텐츠산업|종합|대기업|대기업_중견|중소기업|총자산회전율|자기자본회전율|자본금회전율|경영자산회전율|고정자산회전율|재고자산회전율|상(제)품회전율|매출채권회전율|매입채무회전율,항목|업종코드별|기업규모별|계정항목별,,「기업경영분석」,한국은행 경제통계1국 한국은행 기업통계팀,02-759-4270,
301,1966004,DT_501Y037,"자산/자본 회전율(1998~2007, 표본조사)","Turnover Ratios of Assets, Liabilities and Stockholder's Equity(1998~2007, sample survey)","한국은행 > 기업경영분석 > 2007년 이전 > 자산/자본 회전율(1998~2007, 표본조사)",2022-05-31,년,,,0,1,167,자산/자본 회전율(1998~2007 표본조사)|전산업|B 어업|C 광업|D 제조업|D15 음식료품|D151 고기 과실 채소 및 유지가공업|D152 낙농제품 및 아이스크림|D153 곡물가공품 전분 및 사료|D154 기타 식품|D1541 빵류및 곡분과자|D1545 조미료 및 식품 첨가물|D1542349 기타 식료품|D155 음료|D1551-3 증류주 합성주 발효주 및 맥주|D1554 비알콜성 음료 및 얼음|D17 섬유제품|D171 제사및 방적업|D172 직물직조업|D17349 기타 섬유 제품|D18 봉제의복 및 모피 제품|D19 가죽 가방 및 신발|D1912 가죽 가방 핸드백 및 기타 가죽제품|D193 신발|D20 목재및 나무제품(가구제외)|D21 펄프 종이 및 종이제품|D22 출판 인쇄 및 기록매체 복제업|D221 출판업|D2223 인쇄 및 기록매체 복제업|D23 코크스 석유 정제품 및 핵연료 가공업|D24 화합물 및 화학제품|D241 기초 화합물|D2411-3 기초 화합물(비료 제외)|D2414 비료 및 질소 화합물|D2415 합성고무 및 플라스틱물질|D242 의약품|D243 기타 화학제품|D2431 살충제 및 기타 농약|D2432 도료 인쇄잉크 및 유사제품|D2433 비누 세정광택제 및 화장품|D24349 기타화학제품|D244 화학섬유|D25 고무 및 플라스틱제품|D251 고무제품|D2511 고무타이어및 튜브|D2519 기타 고무제품|D252 플라스틱 제품|D26 비금속 광물제품|D261 유리 및 유리제품|D262 도자기및 기타 요업 제품|D263 시멘트 석회 플라스터 및 그 제품|D2631 시멘트 석회 및  플라스터|D2632 콘크리트 시멘트 및 플라스터 제품|D269 기타 비금속 광물 제품|D27 제 1차 금속|D271 제 1차 철강|D272 제 1차 비철금속|D273 금속 주조업|D28 조립 금속제품(기계 장비 및 가구 제외)|D281 구조용금속제품 탱크 및 증기 발생기|D289 기타조립금속제품제조 및 금속처리업|D29 기타 기계 및 장비|D291 일반 목적용 기계|D2916 산업용 트럭 및 물품취급장비|D2911-57 기타 일반 목적용 기계|D292 가공공작기계|D2934 기타 특수목적용 기계|D2931 농업용기계|D2933 건설 및 광산용 기계장비|D29324-69 기타 특수목적용 기계|D295 기타 가정용 기구|D30 컴퓨터 및 사무용 기기|D31 기타 전기기계 및 전기 변환장치|D311 전동기 발전기 및 전기 변환장치|D312 전기공급 및 전기 제어 장치|D313 절연선 및 케이블|D31459 기타 전기장비|D32 전자부품 영상 음향 및 통신장비|D321 반도체 및 기타 전자부품|D322 통신기기 및 방송장비|D323 방송수신기 및 기타 영상 음향기기|D33 의료 정밀 광학기기 및 시계|D34 자동차 및 트레일러|D341 자동차용 엔진 및 자동차|D3423 자동차차체 및 트레일러 자동차 부품|D35 기타 운송장비|D351 선박 및 보트건조업|D35239 철도 항공기 및 기타 운송장비|D36 가구 및 기타제품 제조업|D361 가구|D369 기타 제품 제조업|D37 재생용 가공원료 생산업|E 전기 가스 및 증기업|E40 전기 가스 및 증기업|E401 전기업|E4023 가스 및 증기공급업|F 건설업|서비스업|G 도매 및 소매업|G50 자동차 판매 및 차량원료 소매업|G51 도매 및 상품 중개업|G52 소매업(자동차 제외)|G521 종합소매업|G5211-9 종합소매업(백화점 제외)|G52111 백화점|G522-8 일반소매업|G5280 일반소매업(통신판매업 제외)|G5281 통신판매업|H551 숙박업|I 운수업|I60 육상운송업(철도운송업 제외)|I602 육상여객 운송업|I603 도로화물 운송업|I61 수상운송업|I62 항공운송업|I63 여행알선 창고 및 운송관련 서비스업|J642 통신업|L70 부동산 및 임대업|M 사업서비스업|M72 정보처리 및 기타 컴퓨터 운용관련업|M722 소프트웨어 자문 개발 및 공급업|M724  데이타베이스 및 온라인 정보제공업|M72139 기타 컴퓨터 운용 관련업|M74 전문 과학 및 기술 서비스업|M743 건축기술 및 엔지니어링 서비스업|M745 광고업|M741249 기타 전문 과학 및 기술 서비스업|M75 사업지원 서비스업|Q 오락 문화 및 운동관련산업|Q87 영화 방송 및 공연산업|Q872 방송업|Q8713 영화 및 공연산업|Q88 기타 오락 문화 및 운동관련산업|R90 하수처리 폐기물처리 및 청소관련서비스업|제조업 수출기업|제조업 내수기업|제조업 중화학공업|제조업 경공업|기술수준별|첨단기술업종|고기술업종|중기술업종|저기술업종|산업형태별|기초소재형산업|조립가공형산업|생활관련형산업|정보산업(2004년까지)|정보통신기술산업(2004년까지)|정보콘텐츠산업(2004년까지)|정보통신기술산업(2000부터 소급)|정보통신기기제조업(2000부터 소급)|정보통신서비스(2000부터 소급)|종합|대기업|대기업_중견|중소기업|총자산회전율|자기자본회전율|자본금회전율|경영자산회전율|고정자산회전율(~2006)|비유동자산회전율(2007~)|재고자산회전율|상(제)품회전율|매출채권회전율|매입채무회전율|유형자산회전율,항목|업종코드별|기업규모별|계정항목별,,「기업경영분석」,한국은행 경제통계1국 한국은행 기업통계팀,02-759-4270,회계기준변경에 따른 지표변경(2007년 기업경영분석 책자 64쪽 참조-한국은행 홈페이지_한은DB_발간자료_연간자료)
301,1966004,DT_501Y055,"재무상태표(1990~1996, 표본조사)","Balance Sheet(1990~1996, sample survey)","한국은행 > 기업경영분석 > 2007년 이전 > 재무상태표(1990~1996, 표본조사)",2022-05-31,년,,,0,1,203,재무상태표(1990~1996 표본조사)|B 어업|C 광업|C10 석탄광업|C11-14 금속 및 기타 광업|D 제조업|D15 음식료품|D151 고기 과실 채소 및 유지가공업|D1511 육지동물고기 가공 및 저장 처리업|D1512 수생동물 가공 및 저장 처리업|D1513 과실 채소 가공 및 저장 처리업|D1514 동식물성 유지|D152 낙농품|D153 곡물가공품 전분 및 사료|D154 기타 식품|D154134 빵 과자 코코아 국수 및 유사 식품|D15425 설탕 조미료 및 식품 첨가물|D15489 식료품 임가공업 및 기타 식료품|D155 음료|D15512 증류주 합성주 및 발효주|D1553 맥아 및 맥주|D1554 얼음 및 비알콜성 음료|D17 섬유 제품|D171 방적 직조 및 섬유 가공업|D1711 제사 방적 및 직조업|D1712 섬유표백 염색 및 가공업|D172 기타 섬유제품|D173 편조업|D18 의복 및 모피 제품|D19 가죽 가방 마구류 및 신발|D191 가죽 가방및 마구류|D192 신발|D20 목재 및 나무 제품(가구제외)|D21 펄프 종이 및 종이 제품|D22 출판 인쇄 및 기록매체 복제업|D2212 출판 및 인쇄업|D223 기록매체 복제업|D23 코크스 석유 정제품 및 핵연료 가공업|D2313 코크스 및 관련제품 핵연료 가공업|D232 석유 정제품|D2321 원유 정제 처리업|D2322 석유정제 분획물 재처리업|D24 화합물 및 화학제품|D241 기초 화합물|D2411 기초 화합물(비료제외)|D2412 비료 및 질소 화합물|D2413 합성고무 및 플라스틱 물질|D242 기타 화학제품|D2421 살균 살충제및 기타 농업용 화학제품|D2422 도료 인쇄잉크 및 유사제품|D2423 의약품 의료용 화합물 및 생약제제|D2424 비누 세정광택제 및 화장품|D2429 기타화학제품|D243 화학섬유|D25 고무 및 플라스틱 제품|D251 고무제품|D2511 고무타이어 및 튜브|D2519 기타 고무제품|D252 플라스틱 제품|D26 비금속광물 제품|D261 유리 및 유리제품|D269 기타 비금속광물 제품|D2691-3 일반 도자기 및 요업 제품|D2694 시멘트 석회 및 프라스터|D2695 콘크리트 시멘트 및 프라스터 제품|D26969 석제품 및 기타 비금속광물 제품|D27 제1차 금속|D271 제1차 철강|D272 제1차 비철금속|D273 금속주조업|D28 조립금속제품(기계 및 장비 제외)|D281 구조금속제품 탱크 및 증기발생기|D289 기타 조립금속제품 및 금속 처리업|D29 기타 기계 및 장비|D291 일반목적용 기계|D2911-49 기타 일반목적용 기계|D2915 산업용 트럭 물품취급장비|D292 특수목적용 기계|D2921 농업용기계|D2922 가공 공작 기계|D29235-9 기타 특수목적용 기계|D2924 건설 및 광산용 기계 장비|D293 기타 가정용 기구|D30 사무 계산 및 회계용 기계|D31 기타 전기기계 및 전기 변환장치|D311 전동기 발전기 및 전기 변환장치|D312 전기공급 및 제어장치|D313-59 절연선 케이블 및 기타 전기장비|D32 영상 음향 및 통신장비|D321 전자관 및 기타 전자부품|D322 통신기기 및 방송장비|D323 방송 수신기 및 기타 영상 음향기기|D33 의료 정밀 광학기기 및 시계|D331 의료 측정 시험 및 기타 정밀 기기(광학기기 제외)|D332 사진 및 광학기기|D333 시계 및 시계 부품|D34 자동차 및 트레일러|D341 자동차용 엔진 및 자동차|D342 자동차 차체 및 트레일러|D343 자동차부품 제조업|D35 기타 운송장비|D351 선박 보트건조 및 수리업|D352-9 철도 항공기 및 기타 운송장비|D36 가구 및 기타 제조업|D361 가구|D369 기타 제조업|D369124-9 악기 장난감 및 기타 제조업|D3693 운동 및 경기용구|E40 전기 가스 및 증기업|E401 전기업|E4023 가스 및 증기 공급업|F45 건설업|G 도.소매 및 소비자 용품 수리업|G50 자동차 판매  수리 및 차량연료 소매업|51 도매 및 상품 중개업|G511-9 도매 및 상품 중개업(무역업 제외)|G5191 무역업|G52 소매 및 소비용품 수선업(자동차 제외)|G521 종합소매업|G5211-9 종합소매업(백화점 제외)|G52191 백화점|G522-6 일반 소매업|H551 숙박업|I 운수 창고 및 통신업|I60 육상운송업(철도운송업 제외)|I60212 정기노선 및 비노선 여객육상 운송업|I6023 도로화물운송업|I61 수상운송업|I62 항공운송업|I63 여행알선 및 운수관련 서비스업|I6301 화물취급업|I6302 보관 및 창고업|I6303-9 기타운수관련 서비스업|I64 통신업|K 부동산 임대 및 사업서비스업|K701 부동산 및 임대업|K72 정보처리 및 컴퓨터 운용 관련업|K74 기타 사업관련 서비스업|K74129 기타 사업관련 서비스업(광고업 제외)|K743 광고업|O92 오락 문화 및 운동관련산업|O921 영화 방송 및 기타 공연관련 산업|O9211249 영화 및 기타 공연관련 산업|O9213 방송업|O924 운동 경기 및 기타 오락관련 산업|제조업 수출기업|제조업 내수기업|제조업 중화학공업|제조업 경공업|종합|대기업|대기업_중견|중소기업|유동자산|당좌자산|현금과예금|유가증권|외상매출금|받을어음|기타당좌자산|재고자산|상(제)품및반제품|원재료|기타재고자산|기타유동자산|투자와기타자산|투자자산|(투자유가증권)|기타자산|고정자산|유형고정자산|토지|건물구축물|기계장치|선박차량운반구|건설가계정|기타유형고정자산|무형고정자산|이연자산|(연구개발비)|자산|유동부채|지급어음|외상매입금|단기외국차관|단기금융기관차입금|유동성장기차입금|유동성회사채|기타단기차입금|기타유동부채|고정부채|회사채|외국차관|장기금융기관차입금|기타장기차입금|부채성충당금|기타고정부채|이연부채|자본|자본금|자본잉여금|이익잉여금|자본조정|부채및자본,항목|업종코드별|기업규모별|계정항목별,,「기업경영분석」,한국은행 경제통계1국 한국은행 기업통계팀,02-759-4270,
301,1966004,DT_501Y054,"재무상태표(1997~1998, 표본조사)","Balance Sheet(1997~1998, sample survey)","한국은행 > 기업경영분석 > 2007년 이전 > 재무상태표(1997~1998, 표본조사)",2022-06-02,년,,,0,1,197,재무상태표(1997~1998 표본조사)|B 어업|C10 석탄광업|D15 음식료품|D151 고기 과실 채소 및 유지가공업|D1511 육지동물고기 가공 및 저장 처리업|D154134 빵 과자 코코아 국수 및 유사 식품|D15512 증류주 합성주 및 발효주|D171 방적 직조 및 섬유 가공업|D1711 제사 방적 및 직조업|D191 가죽 가방및 마구류|D2212 출판 및 인쇄업|D2313 코크스 및 관련제품 핵연료 가공업|D2321 원유 정제 처리업|D241 기초 화합물|D2411 기초 화합물(비료제외)|D2421 살균 살충제및 기타 농업용 화학제품|D251 고무제품|D2511 고무타이어 및 튜브|D261 유리 및 유리제품|D2691-3 일반 도자기 및 요업 제품|D271 제1차 철강|D281 구조금속제품 탱크 및 증기발생기|D291 일반목적용 기계|D2911-49 기타 일반목적용 기계|D2921 농업용기계|D311 전동기 발전기 및 전기 변환장치|D321 전자관 및 기타 전자부품|D331 의료 측정 시험 및 기타 정밀 기기(광학기기 제외)|D341 자동차용 엔진 및 자동차|D351 선박 보트건조 및 수리업|D361 가구|D369124-9 악기 장난감 및 기타 제조업|E401 전기업|G50 자동차 판매  수리 및 차량연료 소매업|G511-9 도매 및 상품 중개업(무역업 제외)|G521 종합소매업|G5211-9 종합소매업(백화점 제외)|I60 육상운송업(철도운송업 제외)|I60212 정기노선 및 비노선 여객육상 운송업|I6301 화물취급업|K701 부동산 및 임대업|K74129 기타 사업관련 서비스업(광고업 제외)|O921 영화 방송 및 기타 공연관련 산업|O9211249 영화 및 기타 공연관련 산업|C 광업|C11-14 금속 및 기타 광업|D1512 수생동물 가공 및 저장 처리업|D152 낙농품|D15425 설탕 조미료 및 식품 첨가물|D1553 맥아 및 맥주|D17 섬유 제품|D1712 섬유표백 염색 및 가공업|D172 기타 섬유제품|D192 신발|D223 기록매체 복제업|D232 석유 정제품|D2322 석유정제 분획물 재처리업|D2412 비료 및 질소 화합물|D242 기타 화학제품|D2422 도료 인쇄잉크 및 유사제품|D2519 기타 고무제품|D252 플라스틱 제품|D269 기타 비금속광물 제품|D2694 시멘트 석회 및 프라스터|D272 제1차 비철금속|D289 기타 조립금속제품 제조 및 금속 처리업|D2915 산업용 트럭 물품취급장비|D292 특수목적용 기계|D2922 가공 공작 기계|D312 전기공급 및 제어장치|D322 통신기기 및 방송장비|D332 사진 및 광학기기|D342 자동차 차체 및 트레일러|D352-9 철도 항공기 및 기타 운송장비|D369 기타 제조업|D3693 운동 및 경기용구|E4023 가스 및 증기 공급업|G51 도매 및 상품 중개업|G5191 무역업|G52191 백화점|G522-6 일반 소매업|I6023 도로화물운송업|I61 수상운송업|I6302 보관 및 창고업|K72 정보처리 및 기타 컴퓨터 운용 관련업|K743 광고업|O9213 방송업|O924 운동 경기 및 기타 오락관련 산업|D 제조업|D1513 과실 채소 가공 및 저장 처리업|D153 곡물가공품 전분 및 사료|D15489 식료품 임가공업 및 기타 식료품|D1554 얼음 및 비알콜성 음료|D173 편조업|D18 의복 및 모피 제품|D2413 합성고무 및 플라스틱 물질|D2423 의약품 의료용 화합물 및 생약제제|D243 화학섬유|D2695 콘크리트 시멘트 및 프라스터 제품|D273 금속주조업|D29235-9 기타 특수목적용 기계|D293 기타 가정용 기구|D313-59 절연선 케이블 및 기타 전기장비|D323 방송 수신기 및 기타 영상 음향기기|D333 시계 및 시계 부품|D343 자동차부품 제조업|G52 소매 및 소비용품 수선업(자동차 제외)|I62 항공운송업|I3603-9 기타운수관련 서비스업|K74기타 사업관련 서비스업|D1514 동식물성 유지|D154 기타 식품|D19 가죽 가방 마구류 및 신발|D2424 비누 세정광택제 및 화장품|D26969 석제품 및 기타 비금속광물 제품|D2924 건설 및 광산용 기계 장비|E40 전기 가스 및 증기업|I63 여행알선 및 운수관련 서비스업|D155 음료|D20 목재 및 나무 제품(가구제외)|D2429 기타화학제품|F45 건설업|I64 통신업|D21 펄프 종이 및 종이 제품|G 도.소매 및 소비자 용품 수리업|D22 출판 인쇄 및 기록매체 복제업|H551 숙박업|D23 코크스 석유 정제품 및 핵연료 가공업|I 운수 창고 및 통신업|D24 화합물 및 화학제품|K 부동산 임대 및 사업서비스업|D25 고무 및 플라스틱 제품|O92 오락 문화 및 운동관련산업|D26 비금속광물 제품|제조업 수출기업|D27 제1차 금속|제조업 내수기업|D28 조립금속제품(기계 및 장비 제외)|제조업 중화학공업|D29 기타 기계 및 장비|제조업 경공업|D30 사무 계산 및 회계용 기계|D31 기타 전기기계 및 전기 변환장치|D32 영상 음향 및 통신장비|D33 의료 정밀 광학기기 및 시계|D34 자동차 및 트레일러|D35 기타 운송장비|D36 가구 및 기타 제조업|종합|대기업|대기업_중견|중소기업|유동자산|당좌자산|현금과예금|유가증권|매출채권|기타당좌자산|재고자산|상(제)품및반제품|원재료|기타재고자산|고정자산|투자자산|(투자유가증권)|유형자산|토지|건물구축물|기계장치|선박차량운반구|건설중인자산|기타유형자산|무형자산|이연자산|(연구개발비)|(환율조정차)|자산총계|유동부채|매입채무|단기금융기관차입금|유동성장기차입금|유동성회사채|기타단기차입금|기타유동부채|고정부채|회사채|장기금융기관차입금|기타장기차입금|부채성충당금|기타고정부채|이연부채|자본|자본금|자본잉여금|이익잉여금|자본조정|부채및자본합계,항목|업종코드별|기업규모별|계정항목별,,「기업경영분석」,한국은행 경제통계1국 한국은행 기업통계팀,02-759-4270,
301,1966004,DT_501Y052,"재무상태표(2000~2007, 표본조사)","Balance Sheet(2000~2007, sample survey)","한국은행 > 기업경영분석 > 2007년 이전 > 재무상태표(2000~2007, 표본조사)",2022-05-31,년,,,0,1,210,재무상태표(2000~2007 표본조사)|전산업|B 어업|C 광업|D 제조업|D15 음식료품|D151 고기 과실 채소 및 유지가공업|D152 낙농제품 및 아이스크림|D153 곡물가공품 전분 및 사료|D154 기타 식품|D1541 빵류및 곡분과자|D1545 조미료 및 식품 첨가물|D1542349 기타 식료품|D155 음료|D1551-3 증류주 합성주 발효주 및 맥주|D1554 비알콜성 음료 및 얼음|D17 섬유제품|D171 제사및 방적업|D172 직물직조업|D17349 기타 섬유 제품|D18 봉제의복 및 모피 제품|D19 가죽 가방 및 신발|D1912 가죽 가방 핸드백 및 기타 가죽제품|D193 신발|D20 목재및 나무제품(가구제외)|D21 펄프 종이 및 종이제품|D22 출판 인쇄 및 기록매체 복제업|D221 출판업|D2223 인쇄 및 기록매체 복제업|D23 코크스 석유 정제품 및 핵연료 가공업|D24 화합물 및 화학제품|D241 기초 화합물|D2411-3 기초 화합물(비료 제외)|D2414 비료 및 질소 화합물|D2415 합성고무 및 플라스틱물질|D242 의약품|D243 기타 화학제품|D2431 살충제 및 기타 농약|D2432 도료 인쇄잉크 및 유사제품|D2433 비누 세정광택제 및 화장품|D24349 기타화학제품|D244 화학섬유|D25 고무 및 플라스틱제품|D251 고무제품|D2511 고무타이어및 튜브|D2519 기타 고무제품|D252 플라스틱 제품|D26 비금속 광물제품|D261 유리 및 유리제품|D262 도자기및 기타 요업 제품|D263 시멘트 석회 플라스터 및 그 제품|D2631 시멘트 석회 및  플라스터|D2632 콘크리트 시멘트 및 플라스터 제품|D269 기타 비금속 광물 제품|D27 제 1차 금속|D271 제 1차 철강|D272 제 1차 비철금속|D273 금속 주조업|D28 조립 금속제품(기계 장비 및 가구 제외)|D281 구조용금속제품 탱크 및 증기 발생기|D289 기타조립금속제품제조 및 금속처리업|D29 기타 기계 및 장비|D291 일반 목적용 기계|D2916 산업용 트럭 및 물품취급장비|D2911-57 기타 일반 목적용 기계|D292 가공공작기계|D2934 기타 특수목적용 기계|D2931 농업용기계|D2933 건설 및 광산용 기계장비|D29324-69 기타 특수목적용 기계|D295 기타 가정용 기구|D30 컴퓨터 및 사무용 기기|D31 기타 전기기계 및 전기 변환장치|D311 전동기 발전기 및 전기 변환장치|D312 전기공급 및 전기 제어 장치|D313 절연선 및 케이블|D31459 기타 전기장비|D32 전자부품 영상 음향 및 통신장비|D321 반도체 및 기타 전자부품|D322 통신기기 및 방송장비|D323 방송수신기 및 기타 영상 음향기기|D33 의료 정밀 광학기기 및 시계|D34 자동차 및 트레일러|D341 자동차용 엔진 및 자동차|D3423 자동차차체 및 트레일러 자동차 부품|D35 기타 운송장비|D351 선박 및 보트건조업|D35239 철도 항공기 및 기타 운송장비|D36 가구 및 기타제품 제조업|D361 가구|D369 기타 제품 제조업|D37 재생용 가공원료 생산업|E40 전기 가스 및 증기업|E401 전기업|E4023 가스 및 증기공급업|F 건설업|서비스업|G 도매 및 소매업|G50 자동차 판매 및 차량원료 소매업|G51 도매 및 상품 중개업|G52 소매업(자동차 제외)|G521 종합소매업|G5211-9 종합소매업(백화점 제외)|G52111 백화점|G522-8 일반소매업|G5280 일반소매업(통신판매업 제외)|G5281 통신판매업|H551 숙박업|I 운수업|I60 육상운송업(철도운송업 제외)|I602 육상여객 운송업|I603 도로화물 운송업|I61 수상운송업|I62 항공운송업|I63 여행알선 창고 및 운송관련 서비스업|J642 통신업|L70 부동산 및 임대업|M 사업서비스업|M72 정보처리 및 기타 컴퓨터 운용관련업|M722 소프트웨어 자문 개발 및 공급업|M724 데이타베이스 및 온라인 정보제공업|M72139 기타 컴퓨터 운용 관련업|M74 전문 과학 및 기술 서비스업|M743 건축기술 및 엔지니어링 서비스업|M745 광고업|M741249 기타 전문 과학 및 기술 서비스업|M75 사업지원 서비스업|Q 오락 문화 및 운동관련산업|Q87 영화 방송 및 공연산업|Q872 방송업|Q8713 영화 및 공연산업|Q88 기타 오락 문화 및 운동관련산업|R90 하수처리 폐기물처리 및 청소관련서비스업|제조업 수출기업|제조업 내수기업|제조업 중화학공업|제조업 경공업|기술수준별|첨단기술업종|고기술업종|중기술업종|저기술업종|산업형태별|기초소재형산업|조립가공형산업|생활관련형산업|정보산업(2004까지)|정보통신기술산업(2004까지)|정보콘텐츠산업(2004까지)|정보통신기술산업(2000부터 소급)|정보통신기기제조업(2000부터 소급)|정보통신서비스업(2000부터 소급)|종합|대기업|대기업_중견|중소기업|유동자산|당좌자산|현금.현금성자산(2007~)|현금.현금등가물(~2006)|유가증권(~2002)|단기투자증권(2003~2006)|단기투자자산(2007~)|매출채권|미수금(2003~)|기타당좌자산|재고자산|상(제)품및반제품|원재료|기타재고자산|고정자산(~2006)|비유동자산(2007~)|투자자산|투자유가증권(~2002)|(장기투자증권)(2003~)|유형자산|토지|설비자산(2007~)|건물・구축물|기계장치|선박・차량운반구|기타설비자산(2007~)|건설중인자산|기타유형자산|무형자산|(개발비)|기타비유동자산(2007~)|자산총계|유동부채|매입채무|단기금융기관차입금|유동성장기차입금(~2006)|유동성회사채|기타단기차입금|미지급금(2003부터)|기타유동부채|고정부채(~2006)|비유동부채(2007~)|회사채|장기금융기관차입금|기타장기차입금|부채성충당금|기타고정부채(~2006)|기타비유동부채(2007~)|자본|자본금|자본잉여금|이익잉여금|자본조정|기타포괄손익누계액(2007~)|부채및자본합계,항목|업종코드별|기업규모별|계정항목별,,「기업경영분석」,한국은행 경제통계1국 한국은행 기업통계팀,02-759-4270,
301,1966004,DT_501Y067,"제조원가명세서(1990~1999, 표본조사)","Statement of Cost of Goods Manufactured(1990~1999, sample survey)","한국은행 > 기업경영분석 > 2007년 이전 > 제조원가명세서(1990~1999, 표본조사)",2022-05-31,년,,,0,1,175,제조원가명세서(1990~1999 표본조사)|B 어업|C 광업|C10 석탄광업|C11-14 금속 및 기타 광업|D 제조업|D15 음식료품|D151 고기 과실 채소 및 유지가공업|D1511 육지동물고기 가공 및 저장 처리업|D1512 수생동물 가공 및 저장 처리업|D1513 과실 채소 가공 및 저장 처리업|D1514 동식물성 유지|D152 낙농품|D153 곡물가공품 전분 및 사료|D154 기타 식품|D151434 빵 과자 코코아 국수 및 유사 식품|D15425 설탕 조미료 및 식품 첨가물|D15489 식료품 임가공업 및 기타 식료품|D155 음료|D15512 증류주 합성주 및 발효주|D1553 맥아 및 맥주|D1554 얼음 및 비알콜성 음료|D17 섬유 제품|D171 방적 직조 및 섬유 가공업|D1711 제사 방적 및 직조업|D1712 섬유표백 염색 및 가공업|D172 기타 섬유제품|D173 편조업|D18 의복 및 모피 제품|D19 가죽 가방 마구류 및 신발|D191 가죽 가방및 마구류|D192 신발|D20 목재 및 나무 제품(가구제외)|D21 펄프 종이 및 종이 제품|D22 출판 인쇄 및 기록매체 복제업|D2212 출판 및 인쇄업|D223 기록매체 복제업|D23 코크스 석유 정제품 및 핵연료 가공업|D2313 코크스 및 관련제품 핵연료 가공업|D232 석유 정제품|D2321 원유 정제 처리업|D2322 석유정제 분획물 재처리업|D24 화합물 및 화학제품|D241 기초 화합물|D2411 기초 화합물(비료제외)|D2412 비료 및 질소 화합물|D2413 합성고무 및 플라스틱 물질|D242 기타 화학제품|D2421 살균 살충제및 기타 농업용 화학제품|D2422 도료 인쇄잉크 및 유사제품|D2423 의약품 의료용 화합물 및 생약제제|D2424 비누 세정광택제 및 화장품|D2429 기타화학제품|D243 화학섬유|D25 고무 및 플라스틱 제품|D251 고무제품|D2511 고무타이어 및 튜브|D2519 기타 고무제품|D252 플라스틱 제품|D26 비금속광물 제품|D261 유리 및 유리제품|D269 기타 비금속광물 제품|D2691-3 일반 도자기 및 요업 제품|D2694 시멘트 석회 및 프라스터|D2695 콘크리트 시멘트 및 프라스터 제품|D26969 석제품 및 기타 비금속광물 제품|D27 제1차 금속|D271 제1차 철강|D272 제1차 비철금속|D273 금속주조업|D28 조립금속제품(기계 및 장비 제외)|D281 구조금속제품 탱크 및 증기발생기|D289 기타 조립금속제품 및 금속 처리업|D29 기타 기계 및 장비|D291 일반목적용 기계|D2911-49 기타 일반목적용 기계|D2915 산업용 트럭 물품취급장비|D292 특수목적용 기계|D2921 농업용기계|D2922 가공 공작 기계|D29235-9 기타 특수목적용 기계|D2924 건설 및 광산용 기계 장비|D293 기타 가정용 기구|D30 사무 계산 및 회계용 기계|D31 기타 전기기계 및 전기 변환장치|D311 전동기 발전기 및 전기 변환장치|D312 전기공급 및 제어장치|D313-59 절연선 케이블 및 기타 전기장비|D32 영상 음향 및 통신장비|D321 전자관 및 기타 전자부품|D322 통신기기 및 방송장비|D323 방송 수신기 및 기타 영상 음향기기|D33 의료 정밀 광학기기 및 시계|D331 의료 측정 시험 및 기타 정밀 기기(광학기기 제외)|D332 사진 및 광학기기|D333 시계 및 시계 부품|D34 자동차 및 트레일러|D341 자동차용 엔지 및 자동차|D342 자동차 차체 및 트레일러|D343 자동차부품 제조업|D35 기타 운송장비|D351 선박 보트건조 및 수리업|D352-9 철도 항공기 및 기타 운송장비|D36 가구 및 기타 제조업|D361 가구|D369 기타 제조업|D369124-9 악기 장난감 및 기타 제조업|D3693 운동 및 경기용구|E40 전기 가스 및 증기업|E401 전기업|E4023 가스 및 증기 공급업|F45 건설업|G 도.소매 및 소비자 용품 수리업|G50 자동차 판매  수리 및 차량연료 소매업|G51 도매 및 상품 중개업|G511-9 도매 및 상품 중개업(무역업 제외)|G5191 무역업|G52 소매 및 소매용품 수선업(자동차 제외)|G521 종합소매업|G5211-9 종합소매업(백화점 제외)|G52191 백화점|G522-6 일반 소매업|H551 숙박업|I 운수 창고 및 통신업|I60 육상운송업(철도운송업 제외)|I60212 정기노선 및 비노선 여객육상 운송업|I6023 도로화물운송업|I61 수상운송업|I62 항공운송업|I63 여행알선 및 운수관련 서비스업|I6301 화물취급업|I6302 보관 및 창고업|I6303-9 기타운수관련 서비스업|I64 통신업|K 부동산 임대 및 사업서비스업|K701 부동산 및 임대업|K72 정보처리 및 컴퓨터 운용 관련업|K74 기타 사업관련 서비스업|K74129 기타 사업관련 서비스업(광고업 제외)|K743 광고업|O92 오락 문화 및 운동관련산업|O921 영화 방송 및 기타 공연관련 산업|O9211249 영화 및 기타 공연관련 산업|O9213 방송업|O924 운동 경기 및 기타 오락관련 산업|제조업 수출기업|제조업 내수기업|제조업 중화학공업|제조업 경공업|정보산업|정보통신기술산업|정보콘텐츠산업|종합|대기업|대기업_중견|중소기업|당기총제조비용|재료비|노무비|경비|복리후생비|전력비|수도광열비|감가상각비|세금과공과|지급임차료|보험료|수선비|외주가공비|운반하역보관포장비|연구개발비|기타|기초재공품재고액|기말재공품재고액|타계정대체액|당기제품제조원가,항목|업종코드별|기업규모별|계정항목별,,「기업경영분석」,한국은행 경제통계1국 한국은행 기업통계팀,02-759-4270,
301,1966004,DT_501Y066,"제조원가명세서(2000~2007, 표본조사)","Statement of Cost of Goods Manufactured(2000~2007, sample survey)","한국은행 > 기업경영분석 > 2007년 이전 > 제조원가명세서(2000~2007, 표본조사)",2022-05-31,년,,,0,1,175,제조원가명세서(2000~2007 표본조사)|전산업|B 어업|C 광업|D 제조업|D15 음식료품|D151 고기 과실 채소 및 유지가공업|D152 낙농제품 및 아이스크림|D153 곡물가공품 전분 및 사료|D154 기타 식품|D1541 빵류및 곡분과자|D1545 조미료 및 식품 첨가물|D1542349 기타 식료품|D155 음료|D1551-3 증류주 합성주 발효주 및 맥주|D1554 비알콜성 음료 및 얼음|D17 섬유제품|D171 제사및 방적업|D172 직물직조업|D17349 기타 섬유 제품|D18 봉제의복 및 모피 제품|D19 가죽 가방 및 신발|D1912 가죽 가방 핸드백 및 기타 가죽제품|D193 신발|D20 목재및 나무제품(가구제외)|D21 펄프 종이 및 종이제품|D22 출판 인쇄 및 기록매체 복제업|D221 출판업|D2223 인쇄 및 기록매체 복제업|D23 코크스 석유 정제품 및 핵연료 가공업|D24 화합물 및 화학제품|D241 기초 화합물|D2411-3 기초 화합물(비료 제외)|D2414 비료 및 질소 화합물|D2415 합성고무 및 플라스틱물질|D242 의약품|D243 기타 화학제품|D2431 살충제 및 기타 농약|D2432 도료 인쇄잉크 및 유사제품|D2433 비누 세정광택제 및 화장품|D24349 기타화학제품|D244 화학섬유|D25 고무 및 플라스틱제품|D251 고무제품|D2511 고무타이어및 튜브|D2519 기타 고무제품|D252 플라스틱 제품|D26 비금속 광물제품|D261 유리 및 유리제품|D262 도자기및 기타 요업 제품|D263 시멘트 석회 플라스터 및 그 제품|D2631 시멘트 석회 및  플라스터|D2632 콘크리트 시멘트 및 플라스터 제품|D269 기타 비금속 광물 제품|D27 제 1차 금속|D271 제 1차 철강|D272 제 1차 비철금속|D273 금속 주조업|D28 조립 금속제품(기계 장비 및 가구 제외)|D281 구조용금속제품 탱크 및 증기 발생기|D289 기타조립금속제품제조 및 금속처리업|D29 기타 기계 및 장비|D291 일반 목적용 기계|D2916 산업용 트럭 및 물품취급장비|D2911-57 기타 일반 목적용 기계|D292 가공공작기계|D2934 기타 특수목적용 기계|D2931 농업용기계|D2933 건설 및 광산용 기계장비|D29324-69 기타 특수목적용 기계|D295 기타 가정용 기구|D30 컴퓨터 및 사무용 기기|D31 기타 전기기계 및 전기 변환장치|D311 전동기 발전기 및 전기 변환장치|D312 전기공급 및 전기 제어 장치|D313 절연선 및 케이블|D31459 기타 전기장비|D32 전자부품 영상 음향 및 통신장비|D321 반도체 및 기타 전자부품|D322 통신기기 및 방송장비|D323 방송수신기 및 기타 영상 음향기기|D33 의료 정밀 광학기기 및 시계|D34 자동차 및 트레일러|D341 자동차용 엔진 및 자동차|D3423 자동차차체 및 트레일러 자동차 부품|D35 기타 운송장비|D351 선박 및 보트건조업|D35239 철도 항공기 및 기타 운송장비|D36 가구 및 기타제품 제조업|D361 가구|D369 기타 제품 제조업|D37 재생용 가공원료 생산업|E40 전기 가스 및 증기업|E401 전기업|E4023 가스 및 증기공급업|F 건설업|서비스업|G 도매 및 소매업|G50 자동차 판매 및 차량원료 소매업|G51 도매 및 상품 중개업|G52 소매업(자동차 제외)|G521 종합소매업|G5211-9 종합소매업(백화점 제외)|G52111 백화점|G522-8 일반소매업|G5280 일반소매업(통신판매업 제외)|G5281 통신판매업|H551 숙박업|I 운수업|I60 육상운송업(철도운송업 제외)|I602 육상여객 운송업|I603 도로화물 운송업|I61 수상운송업|I62 항공운송업|I63 여행알선 창고 및 운송관련 서비스업|J642 통신업|L70 부동산 및 임대업|M 사업서비스업|M72 정보처리 및 기타 컴퓨터 운용관련업|M722 소프트웨어 자문 개발 및 공급업|M724 데이타베이스 및 온라인 정보제공업|M72139 기타 컴퓨터 운용 관련업|M74 전문 과학 및 기술 서비스업|M743 건축기술 및 엔지니어링 서비스업|M745 광고업|M741249 기타 전문 과학 및 기술 서비스업|M75 사업지원 서비스업|Q 오락 문화 및 운동관련산업|Q87 영화 방송 및 공연산업|Q872 방송업|Q8713 영화 및 공연산업|Q88 기타 오락 문화 및 운동관련산업|R90 하수처리 폐기물처리 및 청소관련서비스업|제조업 수출기업|제조업 내수기업|제조업 중화학공업|제조업 경공업|기술수준별|첨단기술업종|고기술업종|중기술업종|저기술업종|산업형태별|기초소재형산업|조립가공형산업|생활관련형산업|정보산업(2004까지)|정보통신기술산업(2004까지)|정보콘텐츠산업(2004까지)|정보통신기술산업(2000부터 소급)|정보통신기기제조업(2000부터 소급)|정보통신서비스업(2000부터 소급)|종합|대기업|대기업_중견|중소기업|당기총제조비용|재료비|노무비|경비|복리후생비|전력비|가스수도비|감가상각비|세금과공과|임차료|보험료|수선비|외주가공비|운반・하역・보관・포장비|경상개발비|기타경비|기초재공품원가|기말재공품원가|유형자산(타계정)대체액|당기제품제조원가,항목|업종코드별|기업규모별|계정항목별,,「기업경영분석」,한국은행 경제통계1국 한국은행 기업통계팀,02-759-4270,
301,1966004,DT_501Y082,현금흐름관련 기타 주요 재무항목(1995~2007),Other Major Financial Items(1995~2007),한국은행 > 기업경영분석 > 2007년 이전 > 현금흐름관련 기타 주요 재무항목(1995~2007),2022-05-31,년,,,0,1,52,현금흐름관련 기타 주요 재무항목(1995~2007)|D 제조업|D15 음식료업|D17 섬유제품|D18 봉제의복 및 모피제품|D19 가죽 가방 및 신발|D20 목재 및 나무 제품|D21 펄프 종이 및 종이제품|D22 출판 인쇄 및 기록매채 복제업|D23 코크스 석유 정제품 및 핵연료 가공업|D24 화합물 및 화학제품|D25 고무 및 플라스틱 제품|D26 비금속 광물 제품|D27 제1차 금속|D28 조립금속 제품(기계 장비및 가구 제외)|D29 기타 기계 및 장비|D30 컴퓨터 및 사무용 기기|D31 기타 전기기계 및 전기 변환장치|D32 전자부품 영상 음향 및 통신장비|D33 의료 정밀 광학 기기 및 시계|D34 자동차 및 트레일러|D35 기타 운송장비|D36 가구 및 기타 제품 제조업|D37 재생용 가공원료 생산업|F 건설업|G 도매 및 소매업|I 운수업|J642 통신업|제조업 대기업|제조업 중소기업|제조업 중화학 공업|제조업 경공업|2007년기준|2006년기준|2005년기준|2004년기준|2003년기준|2002년기준|2001년기준|2000년기준|1999년기준|1998년기준|1997년기준|1996년기준|1995년기준|매출액|이자비용|법인세차감전순이익|총자산|단기차입금|장기차입금|회사채|자기자본,항목|업종코드별|기준년도구분별|계정항목별,,「기업경영분석」,한국은행 경제통계1국 한국은행 기업통계팀,02-759-4270,1) 외부감사대상법인 기준 || 2) 재무상태표 항목은 기초와 기말의 평균금액
301,1966004,DT_501Y084,현금흐름비율(1995~2007),Cash Flow Ratios(1995~2007),한국은행 > 기업경영분석 > 2007년 이전 > 현금흐름비율(1995~2007),2022-05-31,년,,,0,1,52,현금흐름비율(1995~2007)|D 제조업|D15 음식료업|D17 섬유제품|D18 봉제의복 및 모피제품|D19 가죽 가방 및 신발|D20 목재 및 나무 제품|D21 펄프 종이 및 종이제품|D22 출판 인쇄 및 기록매채 복제업|D23 코크스 석유 정제품 및 핵연료 가공업|D24 화합물 및 화학제품|D25 고무 및 플라스틱 제품|D26 비금속 광물 제품|D27 제1차 금속|D28 조립금속 제품(기계 장비및 가구 제외)|D29 기타 기계 및 장비|D30 컴퓨터 및 사무용 기기|D31 기타 전기기계 및 전기 변환장치|D32 전자부품 영상 음향 및 통신장비|D33 의료 정밀 광학 기기 및 시계|D34 자동차 및 트레일러|D35 기타 운송장비|D36 가구 및 기타 제품 제조업|D37 재생용 가공원료 생산업|F 건설업|G 도매 및 소매업|I 운수업|J642 통신업|제조업 대기업|제조업 중소기업|제조업 중화학 공업|제조업 경공업|2007년기준|2006년기준|2005년기준|2004년기준|2003년기준|2002년기준|2001년기준|2000년기준|1999년기준|1998년기준|1997년기준|1996년기준|1995년기준|현금흐름보상비율|현금흐름이자보상비율|영업활동현금흐름대매출액|당기순이익대영업활동현금흐름|영업활동현금흐름대유형자산투자지출|영업활동현금흐름대투자활동현금지출|영업활동현금흐름대총부채|영업활동현금흐름대차입금,항목|업종코드별|기준년도구분별|계정항목별,,「기업경영분석」,한국은행 경제통계1국 한국은행 기업통계팀,02-759-4270,외부감사대상법인 기준
301,1966004,DT_501Y080,현금흐름표(1995~2007),Statement of Cash Flow(1995~2007),한국은행 > 기업경영분석 > 2007년 이전 > 현금흐름표(1995~2007),2022-05-31,년,,,0,1,92,현금흐름표(1995~2007)|D 제조업|D15 음식료업|D17 섬유제품|D18 봉제의복 및 모피제품|D19 가죽 가방 및 신발|D20 목재 및 나무 제품|D21 펄프 종이 및 종이제품|D22 출판 인쇄 및 기록매채 복제업|D23 코크스 석유 정제품 및 핵연료 가공업|D24 화합물 및 화학제품|D25 고무 및 플라스틱 제품|D26 비금속 광물 제품|D27 제1차 금속|D28 조립금속 제품(기계 장비및 가구 제외)|D29 기타 기계 및 장비|D30 컴퓨터 및 사무용 기기|D31  기타 전기기계 및 전기 변환장치|D32 전자부품 영상 음향 및 통신장비|D33 의료 정밀 광학 기기 및 시계|D34 자동차 및 트레일러|D35 기타 운송장비|D36 가구 및 기타 제품 제조업|D37 재생용 가공원료 생산업|F 건설업|G 도매 및 소매업|I 운수업|J642 통신업|제조업 대기업|제조업 중소기업|제조업 중화학 공업|제조업 경공업|2007년기준|2006년기준|2005년기준|2004년기준|2003년기준|2002년기준|2001년기준|2000년기준|1999년기준|1998년기준|1997년기준|1996년기준|1995년기준|Ⅰ. 영업활동으로 인한 현금흐름|1. 당기순이익(순손실)|2. 현금의 유출이 없는 비용 등의 가산|3. 현금의 유입이 없는 수익 등의 차감|4. 영업활동으로 인한 자산・부채의 변동|Ⅱ. 투자활동으로 인한 현금흐름 주2)|1. 투자활동으로 인한 현금유입액|가. 유동자산의 감소|(단기투자증권의 처분)|나. 투자자산의 감소|(장기투자증권의 처분)|다. 유형자산의 감소|(토지의 처분)|(건물・구축물의 처분)|(기계장치의 처분)|라. 기타|2. 투자활동으로 인한 현금유출액|가. 유동자산의 증가|(단기투자증권의 취득)|나. 투자자산의 증가|(장기투자증권의 취득)|다. 유형자산의 증가|(토지의 취득)|(건물・구축물의 취득)|(기계장치의 취득)|(건설중인 자산의 증가)|Ⅲ. 재무활동으로 인한 현금흐름|1. 재무활동으로 인한 현금유입액|가. 유동부채의 증가|(단기차입금의 증가)|나. 비유동부채의 증가|(회사채의 발행)|(장기차입금의 증가)|다. 자본의 증가|2. 재무활동으로 인한 현금유출액|가. 유동부채의 감소|(단기차입금의 상환)|나. 비유동부채의 감소|(회사채의 상환)|(장기차입금의 상환)|다. 자본의 감소|(배당금의 지급)|Ⅳ. 현금증감액(Ⅰ+Ⅱ+Ⅲ)|Ⅴ. 기초의 현금|Ⅵ. 기말의 현금,항목|업종코드별|기준년도구분별|계정항목별,,「기업경영분석」,한국은행 경제통계1국 한국은행 기업통계팀,02-759-4270,외부감사대상법인의 업체당 평균수치임
301,1966004,DT_501Y053,"재무상태표(1999, 표본조사)","Balance Sheet(1999, sample survey)","한국은행 > 기업경영분석 > 2007년 이전 > 재무상태표(1999, 표본조사)",2022-06-02,년,,,0,1,161,재무상태표(1999 표본조사)|B 어업|C10 석탄광업|D15 음식료품|D151 고기 과실 채소 및 유지가공업|D1511 육지동물고기 가공 및 저장 처리업|D15512 증류주 합성주 및 발효주|D171 방적 직조 및 섬유 가공업|D1711 제사 방적 및 직조업|D191 가죽 가방및 마구류|D2212 출판 및 인쇄업|D2313 코크스 및 관련제품 핵연료 가공업|D2321 원유 정제 처리업|D241 기초 화합물|D2411 기초 화합물(비료제외)|D2421 살균 살충제및 기타 농업용 화학제품|D251 고무제품|D2511 고무타이어 및 튜브|D261 유리 및 유리제품|D2691-3 일반 도자기 및 요업 제품|D271 제1차 철강|D281 구조금속제품 탱크 및 증기발생기|D291 일반목적용 기계|D2911-49 기타 일반목적용 기계|D2921 농업용기계|D311 전동기 발전기 및 전기 변환장치|D321 전자관 및 기타 전자부품|D331 의료 측정 시험 및 기타 정밀 기기(광학기기 제외)|D341 자동차용 엔지 및 자동차|D351 선박 보트건조 및 수리업|D361 가구|D369124-9 악기 장난감 및 기타 제조업|C 광업|C11-14 금속 및 기타 광업|D1512 수생동물 가공 및 저장 처리업|D1553 맥아 및 맥주|D17 섬유 제품|D1712 섬유표백 염색 및 가공업|D172 기타 섬유제품|D192 신발|D223 기록매체 복제업|D232 석유 정제품|D2322 석유정제 분획물 재처리업|D2412 비료 및 질소 화합물|D242 기타 화학제품|D2422 도료 인쇄잉크 및 유사제품|D2519 기타 고무제품|D252 플라스틱 제품|D269 기타 비금속광물 제품|D2694 시멘트 석회 및 프라스터|D272 제1차 비철금속|D289 기타 조립금속제품 및 금속 처리업|D2915 산업용 트럭 물품취급장비|D292 특수목적용 기계|D2922 가공 공작 기계|D312 전기공급 및 제어장치|D322 통신기기 및 방송장비|D332 사진 및 광학기기|D342 자동차 차체 및 트레일러|D352-9 철도 항공기 및 기타 운송장비|D369 기타 제조업|D3693 운동 및 경기용구|D 제조업|D1513 과실 채소 가공 및 저장 처리업|D1554 얼음 및 비알콜성 음료|D173 편조업|D18 의복 및 모피 제품|D2413 합성고무 및 플라스틱 물질|D2423 의약품 의료용 화합물 및 생약제제|D243 화학섬유|D2695 콘크리트 시멘트 및 프라스터 제품|D273 금속주조업|D29235-9 기타 특수목적용 기계|D293 기타 가정용 기구|D313-59 절연선 케이블 및 기타 전기장비|D323 방송 수신기 및 기타 영상 음향기기|D333 시계 및 시계 부품|D343 자동차부품 제조업|D1514 동식물성 유지|D19 가죽 가방 마구류 및 신발|D2424 비누 세정광택제 및 화장품|D26969 석제품 및 기타 비금속광물 제품|D2924 건설 및 광산용 기계 장비|E40 전기 가스 및 증기업|D155 음료|D20 목재 및 나무 제품(가구제외)|D2429 기타화학제품|F45 건설업|D21 펄프 종이 및 종이 제품|G 도.소매 및 소비자 용품 수리업|D22 출판 인쇄 및 기록매체 복제업|H551 숙박업|D23 코크스 석유 정제품 및 핵연료 가공업|I 운수 창고 및 통신업|D24 화합물 및 화학제품|K 부동산 임대 및 사업서비스업|D25 고무 및 플라스틱 제품|O92 오락 문화 및 운동관련산업|D26 비금속광물 제품|제조업 수출기업|D27 제1차 금속|제조업 내수기업|D28 조립금속제품(기계 및 장비 제외)|제조업 중화학공업|D29 기타 기계 및 장비|제조업 경공업|D30 사무 계산 및 회계용 기계|정보산업|D31 기타 전기기계 및 전기 변환장치|정보통신기술산업|D32 영상 음향 및 통신장비|정보콘텐츠산업|D33 의료 정밀 광학기기 및 시계|D34 자동차 및 트레일러|D35 기타 운송장비|D36 가구 및 기타 제조업|종합|대기업|대기업_중견|중소기업|유동자산|당좌자산|현금과예금|유가증권|매출채권|기타당좌자산|재고자산|상(제)품및반제품|원재료|기타재고자산|고정자산|투자자산|(투자유가증권)|유형자산|토지|건물구축물|기계장치|선박차량운반구|건설중인자산|기타유형자산|무형자산|(개발비)|자산총계|유동부채|매입채무|단기금융기관차입금|유동성장기차입금|유동성회사채|기타단기차입금|기타유동부채|고정부채|회사채|장기금융기관차입금|기타장기차입금|부채성충당금|기타고정부채|자본|자본금|자본잉여금|이익잉여금|자본조정|부채및자본합계,항목|업종코드별|기업규모별|계정항목별,,「기업경영분석」,한국은행 경제통계1국 한국은행 기업통계팀,02-759-4270,
301,1966004,DT_501Y060,"손익계산서(1999, 표본조사)","Income Statement(1999, sample survey)","한국은행 > 기업경영분석 > 2007년 이전 > 손익계산서(1999, 표본조사)",2022-06-02,년,,,0,1,161,손익계산서(1999 표본조사)|B 어업|C10 석탄광업|D15 음식료품|D151 고기 과실 채소 및 유지가공업|D1511 육지동물고기 가공 및 저장 처리업|D15512 증류주 합성주 및 발효주|D171 방적 직조 및 섬유 가공업|D1711 제사 방적 및 직조업|D191 가죽 가방및 마구류|D2212 출판 및 인쇄업|D2313 코크스 및 관련제품 핵연료 가공업|D2321 원유 정제 처리업|D241 기초 화합물|D2411 기초 화합물(비료제외)|D2421 살균 살충제및 기타 농업용 화학제품|D251 고무제품|D2511 고무타이어 및 튜브|D261 유리 및 유리제품|D2691-3 일반 도자기 및 요업 제품|D271 제1차 철강|D281 구조금속제품 탱크 및 증기발생기|D291 일반목적용 기계|D2911-49 기타 일반목적용 기계|D2921 농업용기계|D311 전동기 발전기 및 전기 변환장치|D321 전자관 및 기타 전자부품|D331 의료 측정 시험 및 기타 정밀 기기(광학기기 제외)|D341 자동차용 엔지 및 자동차|D351 선박 보트건조 및 수리업|D361 가구|D369124-9 악기 장난감 및 기타 제조업|C 광업|C11-14 금속 및 기타 광업|D1512 수생동물 가공 및 저장 처리업|D1553 맥아 및 맥주|D17 섬유 제품|D1712 섬유표백 염색 및 가공업|D172 기타 섬유제품|D192 신발|D223 기록매체 복제업|D232 석유 정제품|D2322 석유정제 분획물 재처리업|D2412 비료 및 질소 화합물|D242 기타 화학제품|D2422 도료 인쇄잉크 및 유사제품|D2519 기타 고무제품|D252 플라스틱 제품|D269 기타 비금속광물 제품|D2694 시멘트 석회 및 프라스터|D272 제1차 비철금속|D289 기타 조립금속제품 및 금속 처리업|D2915 산업용 트럭 물품취급장비|D292 특수목적용 기계|D2922 가공 공작 기계|D312 전기공급 및 제어장치|D322 통신기기 및 방송장비|D332 사진 및 광학기기|D342 자동차 차체 및 트레일러|D352-9 철도 항공기 및 기타 운송장비|D369 기타 제조업|D3693 운동 및 경기용구|D 제조업|D1513 과실 채소 가공 및 저장 처리업|D1554 얼음 및 비알콜성 음료|D173 편조업|D18 의복 및 모피 제품|D2413 합성고무 및 플라스틱 물질|D2423 의약품 의료용 화합물 및 생약제제|D243 화학섬유|D2695 콘크리트 시멘트 및 프라스터 제품|D273 금속주조업|D29235-9 기타 특수목적용 기계|D293 기타 가정용 기구|D313-59 절연선 케이블 및 기타 전기장비|D323 방송 수신기 및 기타 영상 음향기기|D333 시계 및 시계 부품|D343 자동차부품 제조업|D1514 동식물성 유지|D19 가죽 가방 마구류 및 신발|D2424 비누 세정광택제 및 화장품|D26969 석제품 및 기타 비금속광물 제품|D2924 건설 및 광산용 기계 장비|E40 전기 가스 및 증기업|D155 음료|D20 목재 및 나무 제품(가구제외)|D2429 기타화학제품|F45 건설업|D21 펄프 종이 및 종이 제품|G 도.소매 및 소비자 용품 수리업|D22 출판 인쇄 및 기록매체 복제업|H551 숙박업|D23 코크스 석유 정제품 및 핵연료 가공업|I 운수 창고 및 통신업|D24 화합물 및 화학제품|K 부동산 임대 및 사업서비스업|D25 고무 및 플라스틱 제품|O92 오락 문화 및 운동관련산업|D26 비금속광물 제품|제조업 수출기업|D27 제1차 금속|제조업 내수기업|D28 조립금속제품(기계 및 장비 제외)|제조업 중화학공업|D29 기타 기계 및 장비|제조업 경공업|D30 사무 계산 및 회계용 기계|정보산업|D31 기타 전기기계 및 전기 변환장치|정보통신기술산업|D32 영상 음향 및 통신장비|정보콘텐츠산업|D33 의료 정밀 광학기기 및 시계|D34 자동차 및 트레일러|D35 기타 운송장비|D36 가구 및 기타 제조업|종합|대기업|대기업_중견|중소기업|매출액|매출원가|매출총손익|판매비와관리비|급여|퇴직급여|복리후생비|수도광열비|세금과공과|임차료|감가상각비|접대비|광고선전비|경상연구개발비|보험료|운반하역보관포장비|대손상각비|무형자산상각비|(개발비상각)|기타판매비와관리비|영업손익|영업외수익|이자수익|배당금수익|외환차익|외화환산이익|유가증권평가이익|투자유형자산처분이익|기타영업외수익|영업외비용|이자비용|외환차손|외화환산손실|유가증권평가손실|투자유형자산처분손실|기타영업외비용|경상손익|특별이익|특별손실|법인세비용차감전순손익|법인세비용|당기순손익,항목|업종코드별|기업규모별|계정항목별,,「기업경영분석」,한국은행 경제통계1국 한국은행 기업통계팀,02-759-4270,
301,1976001,DT_401Y015,수입물가지수(기본분류),Import Price Indices(Basic Groups),한국은행 > 수출입물가조사(2020=100) > 수입물가 > 수입물가지수(기본분류),2026-09-13,월|분기|년,,,0,1,279,수입물가지수(기본분류)|총지수|육가공품및낙농품|떡빵및과자류|농림수산품|광산품|수산가공품|공산품|제당및전분|음식료품|섬유및가죽제품|목재및종이제품|석탄및석유제품|화학제품|비금속광물제품|1차금속제품|금속가공제품|컴퓨터전자및광학기기|전기장비|기계및장비|운송장비|기타제조업제품|농산물|축산물|임산물|수산물|석탄원유및천연가스|금속및비금속광물|떡과자및면류|식료품|음료품|섬유및의복|가죽제품|목재및목제품|펄프및종이제품|기초화학물질|합성수지및합성고무|화학섬유|의약품|비료및농약|기타화학제품|플라스틱제품|고무제품|유리및유리제품|기타비금속광물제품|철강1차제품|비철금속괴및1차제품|반도체|전자표시장치|기타전자부품|컴퓨터및주변기기|통신방송및영상음향기기|정밀기기|일반목적용기계|특수목적용기계|자동차및부품|기타운송장비|곡물및식량작물|채소및과실|기타작물|낙농및육류|신선수산물|냉동건조수산물|석탄|원유및천연가스|금속광물|비금속광물|조미료및유지|주류|섬유사|섬유직물|직물제품|의복제품|목재|펄프|종이류|석탄제품|원유정제처리제품|기초유기화학물질|기초무기화학물질|도료및잉크|비누및화장품|플라스틱1차제품|타이어및튜브|선철및조강|열간압연강재|냉간압연강재|기타철강1차제품|비철금속괴|비철금속1차제품|기타금속가공제품|인쇄회로기판|통신및방송장비|영상및음향기기|의료및측정기기|기타정밀기기|발전기및전동기|전기변환.공급제어장치|전지|전선및케이블|가정용전기기기|기타전기장비|내연기관및터빈|펌프및압축기|일반목적용기계부품|산업용운반기계|공기및액체조절장치|기타일반목적용기계|금속가공용기계|반도체및디스플레이제조용기계|기타특수목적용기계|자동차|자동차부품|가구|곡류|맥류및잡곡|콩류|과일|잎담배|천연고무|기타식용작물|기타비식용작물|도축육|가금육|원목|냉동수산물|무연탄|유연탄|원유|천연가스(LNG)|철광석|기타비철금속광석|기타비금속광물|낙농품|수산물가공품|원당|유지|과실및채소가공품|인삼및건강보조식품|기타식료품|맥주|기타주류|천연및화학섬유사|천연및화학섬유직물|부직포및펠트|봉제의류|편조의류|가죽|가방및핸드백|신발|제재목|합판|강화및재생목재|인쇄용지|기타원지및판지|석탄코크스및석탄관련제품|나프타|제트유|경유|중유|액화석유가스|정제혼합용원료유|지방족기초유분|방향족기초유분|석유화학중간제품|기타기초유기화합물|기초무기화합물|염료안료및유연제|합성수지|합성고무|비료및질소화합물|도료|화장품|접착제및젤라틴|사진용화학제품및감광재료|판유리및1차유리제품|산업용유리제품(전자기기용제외)|석제품|선철|합금철|조강|철근및봉강|형강|중후판(두께3mm이상)|열연강판|철강관|표면처리강재|동제련정련및합금제품|알루미늄제련정련및합금제품|연및아연제련정련및합금제품|금은괴|기타비철금속제련정련및합금제품|동1차제품|알루미늄1차제품|기타비철금속1차제품|공구류|나사및철선제품|개별소자|집적회로|LCD평판디스플레이|인쇄회로기판및실장기판|축전기저항기전자코일및변성기|컴퓨터|컴퓨터기억장치|컴퓨터주변기기|유선통신기기|이동전화기|기타무선통신장비및방송장비|TV|오디오및음향기기|의료용기기|측정및분석기기|사진기및영사기|기타광학기기|시계|전기변환장치|전기회로개폐및접속장치|배전반및전기자동제어반|주방용및난방용전기기기|기타가정용전기기기|전구및램프|밸브|베어링기어및동력전달장치|공기조절장치및냉장냉동장비|공기및액체여과기|반도체제조용기계|디스플레이제조용기계|산업용로봇|제지및인쇄기계|승용차|트럭|자동차용엔진|자동차부분품|모터사이클|기타가구|장난감및오락용품|운동및경기용품|원화기준|계약통화기준|달러기준,항목|계정코드별|통화계약구분코드별,2020=100|2024.12=100|2020.12=100|2021.12=100,「수출입물가조사」,한국은행 경제통계1국 물가통계팀 수출입물가지수,02-759-4346,"주1) : 금월지수는 잠정치이며, 익월지수 공표시 확정됨 || 주2) : 2010년 이후 가중치는 매년 변경되며, 2026년 적용되는 가중치를 표기하였음."
301,1976001,DT_401Y018,수입물가지수(용도별),Import Price Indices(Group by use),한국은행 > 수출입물가조사(2020=100) > 수입물가 > 수입물가지수(용도별),2026-09-13,월|분기|년,,,0,1,160,수입물가지수(용도별)|총지수|원재료|중간재반도체|자본재기타제조업제품|중간재|중간재전자표시장치|원재료농림수산품|원재료광산품|최종재|중간재기타전자부품|중간재공산품|최종재농림수산품|최종재공산품|자본재공산품|소비재농림수산품|소비재공산품|내구재공산품|비내구재농림수산품|비내구재공산품|자본재|중간재음식료품|중간재섬유및가죽제품|중간재목재및종이제품|중간재석탄및석유제품|중간재화학제품|중간재비금속광물제품|중간재1차금속제품|중간재금속가공제품|중간재컴퓨터및주변기기|중간재컴퓨터전자및광학기기|중간재전기장비|중간재기계및장비|중간재운송장비|최종재음식료품|최종재섬유및가죽제품|최종재화학제품|최종재컴퓨터전자및광학기기|최종재전기장비|최종재기계및장비|최종재운송장비|최종재기타제조업제품|자본재컴퓨터전자및광학기기|자본재전기장비|자본재기계및장비|자본재운송장비|소비재음식료품|소비재섬유및가죽제품|소비재화학제품|소비재컴퓨터전자및광학기기|소비재전기장비|소비재기계및장비|소비재운송장비|소비재기타제조업제품|내구재컴퓨터전자및광학기기|내구재전기장비|내구재기계및장비|내구재운송장비|내구재기타제조업제품|비내구재음식료품|비내구재섬유및가죽제품|비내구재화학제품|비내구재기타제조업제품|원재료농산물|원재료축산물|원재료임산물|원재료수산물|원재료석탄원유및천연가스|원재료금속및비금속광물|소비재|중간재식료품|중간재섬유및의복|중간재가죽제품|중간재목재및목제품|중간재펄프및종이제품|중간재기초화학물질|중간재합성수지및합성고무|중간재화학섬유|중간재의약품|중간재비료및농약|중간재기타화학제품|중간재플라스틱제품|중간재고무제품|중간재유리및유리제품|중간재기타비금속광물제품|중간재철강1차제품|중간재비철금속괴및1차제품|중간재통신방송및영상음향기기|중간재일반목적용기계|중간재자동차|최종재농산물|최종재축산물|최종재수산물|최종재식료품|최종재섬유및의복|최종재가죽제품|최종재기타화학제품|최종재컴퓨터및주변기기|최종재통신방송및영상음향기기|최종재정밀기기|최종재일반목적용기계|최종재특수목적용기계|최종재자동차|최종재기타운송장비|자본재컴퓨터및주변기기|자본재통신방송및영상음향기기|자본재정밀기기|자본재일반목적용기계|자본재특수목적용기계|자본재자동차|자본재기타운송장비|소비재농산물|소비재축산물|소비재수산물|소비재식료품|소비재섬유및의복|소비재가죽제품|소비재기타화학제품|소비재컴퓨터및주변기기|소비재통신방송및영상음향기기|소비재정밀기기|소비재일반목적용기계|소비재자동차|소비재기타운송장비|내구재컴퓨터및주변기기|내구재통신방송및영상음향기기|내구재정밀기기|내구재일반목적용기계|내구재자동차|내구재기타운송장비|비내구재농산물|비내구재축산물|비내구재수산물|비내구재식료품|비내구재섬유및의복|비내구재가죽제품|비내구재기타화학제품|내구및준내구소비재|중간재음료품|중간재정밀기기|비내구소비재|원화기준|계약통화기준|달러기준,항목|계정코드별|통화계약구분코드별,2020=100|2022.12=100|2020.12=100,「수출입물가조사」,한국은행 경제통계1국 물가통계팀 수출입물가지수,02-759-4346,"주1) : 금월지수는 잠정치이며, 익월지수 공표시 확정됨 || 주2) : 2010년 이후 가중치는 매년 변경되며, 2026년 적용되는 가중치를 표기하였음."
301,1976001,DT_401Y016,수입물가지수(특수분류),Import Prices Indices(Special Groups),한국은행 > 수출입물가조사(2020=100) > 수입물가 > 수입물가지수(특수분류),2026-09-13,월|분기|년,,,0,1,31,수입물가지수(특수분류)|총지수|식품및산동물|생활관련형|식료품|식료품구분|에너지|IT|식료품에너지|음료및담배|기초소재형|식료품이외|에너지이외|에너지구분|IT이외|식료품에너지이외|비식용원재료(연료제외)|가공조립형|IT구분|광물성연료윤활유및관련물질|식료품에너지구분|동식물성유지및왁스|무역형태별|화학물및관련제품|산업형태별|재료별제조제품|기계및운수장비|기타제조제품|달리분류되지않은상품및취급물|원화기준|계약통화기준|달러기준,항목|계정코드별|통화계약구분코드별,,「수출입물가조사」,한국은행 경제통계1국 물가통계팀 수출입물가지수,02-759-4346,"주1) : 금월지수는 잠정치이며, 익월지수 공표시 확정됨 || 주2) : 2010년 이후 가중치는 매년 변경되며, 2026년 적용되는 가중치를 표기하였음."
301,1976001,DT_401Y017,수입물가지수(품목별),Import Price Indices(Item Groups),한국은행 > 수출입물가조사(2020=100) > 수입물가 > 수입물가지수(품목별),2026-09-13,월|분기|년,,,0,1,263,수입물가지수(품목별)|총지수|치즈|농림수산품|광산품|우유|공산품|버터|음식료품|섬유및가죽제품|목재및종이제품|석탄및석유제품|화학제품|비금속광물제품|1차금속제품|금속가공제품|컴퓨터전자및광학기기|전기장비|기계및장비|운송장비|기타제조업제품|쌀|밀|옥수수|콩|과일|잎담배|천연고무|커피|원면|사료작물|쇠고기|돼지고기|원피|도축부산물|닭고기|원목|신선수산물|냉동수산물|무연탄|유연탄|원유|천연가스(LNG)|철광석|동광석|연광석|아연광석|금은광석|수연광석|망간광석|천연인산칼슘|어육|순면사|화학섬유사|면직물|합성섬유직물|부직포|남성용외의|여성용외의|봉제셔츠|편조셔츠|소가죽|가방|핸드백|지갑|운동화|가죽신발|각재|일반합판|강화목재|화학펄프|고지|인쇄용지|크라프트지|석탄코크스|나프타|제트유|경유|벙커C유|프로판가스|부탄가스|정제혼합용원료유|프로필렌|부타디엔|톨루엔(메틸벤젠)|자일렌(크실렌)|염화에틸렌|메탄올|에틸렌글리콜|스티렌모노머|아크릴산|아민|아크릴로니트릴|메틸에틸케톤|카본블랙|수산화알루미늄|핵연료|수산화리튬|탄산리튬|산화티타늄|안료|에폭시수지|아크릴수지|엔지니어링플라스틱수지|실리콘수지|폴리에틸렌수지|합성고무|비스코스섬유|의약품원료|백신|의약품완제|암모니아|요소|칼리질비료|페인트|기초화장품|합성수지접착제|PS인쇄판|포토레지스트|액정|화학첨가제|플라스틱필름|승용차타이어|판유리|판유리가공품|건설용석제품|흑연및탄소제품|선철|고철|합금철|슬래브|빌렛|봉강|형강|중후판|스테인리스중후판|열연강대및강판|용접강관|강관가공품|스테인리스냉연강판|아연도금강판|동정련품|알루미늄정련품|연정련품|아연정련품|금괴|기타귀금속정련품|니켈괴|주석괴|동판|동박|알루미늄판|니켈1차제품|공구|볼트및너트|체인(동력전달용제외)|트랜지스터|다이오드|LED|감광성반도체소자|실리콘웨이퍼|수정진동자|DRAM|플래시메모리|시스템반도체|모니터용LCD|액정표시장치용부품|인쇄회로기판|축전기|인덕터|표시기|그래픽카드|중대형컴퓨터|노트북|컴퓨터기억장치|컴퓨터프린터|스캐너|신호변환기|휴대용전화기|무전기|평판디스플레이TV|헤드폰및이어폰|스피커|의료용기기|초음파진단기|인공신체|안경및안경렌즈|주사기및수혈세트|레이더기기|압력계|물질측정및분석기|디지털카메라|광학렌즈|편광재료용판|프리즘|시계|전동기|발전기|컨버터|어댑터|배선용차단기|전기개폐용스위치|계전기|콘센트|전기자동제어반|2차전지|절연전선|가정용전자레인지|가정용전기청소기|가정용세탁기|전구및램프|탄소전극및흑연전극|자동차엔진용전기장치|선박용엔진|기계용엔진|내연기관부분품|산업용액체펌프|기체펌프및압축기|유압및공기압전송용밸브|베어링|기어및기어링|물품취급용크레인|에어컨|공기청정기|송풍기|기타액체여과기|증류기및가스발생기|금속절삭기계|웨이퍼가공장비|반도체조립장비|평판디스플레이제조장비|산업용로봇|인쇄기계|중형승용차|대형승용차|하이브리드승용차|전기승용차|대형트럭|자동차용엔진|동력전달장치|현가장치및부분품|제동장치및부분품|모터사이클|비금속가구|장난감|골프용품|원당|금1차제품|초콜릿|식용정제유|대두박|식물성유박|주스원액|냉동채소|견과가공품|건강기능식품|맥주|포도주|위스키|원화기준|계약통화기준|달러기준,항목|계정코드별|통화계약구분코드별,2020=100|2025.12=100|2022.12=100|2021.12=100|2020.12=100|2024.12=100,「수출입물가조사」,한국은행 경제통계1국 물가통계팀 수출입물가지수,02-759-4346,"주1) : 금월지수는 잠정치이며, 익월지수 공표시 확정됨 || 주2) : 2010년 이후 가중치는 매년 변경되며, 2026년 적용되는 가중치를 표기하였음."
301,1976001,DT_402Y014,수출물가지수(기본분류),Export Price Indices (Basic Groups),한국은행 > 수출입물가조사(2020=100) > 수출물가 > 수출물가지수(기본분류),2026-09-13,월|분기|년,,,0,1,242,수출물가지수(기본분류)|총지수|철근및봉강|농림수산품|형강|공산품|음식료품|섬유및가죽제품|목재및종이제품|석탄및석유제품|화학제품|비금속광물제품|중후판(두께3mm이상)|1차금속제품|금속가공제품|컴퓨터전자및광학기기|전기장비|기계및장비|운송장비|기타제조업제품|농산물|수산물|식료품|담배|섬유및의복|가죽제품|펄프및종이제품|기초화학물질|합성수지및합성고무|화학섬유|의약품|비료및농약|기타화학제품|플라스틱제품|고무제품|기타비금속광물제품|열연강판|철강1차제품|비철금속괴및1차제품|반도체|전자표시장치|기타전자부품|컴퓨터및주변기기|통신방송및영상음향기기|정밀기기|일반목적용기계|특수목적용기계|자동차및부품|채소및과실|신선수산물|냉동건조수산물|수산가공품|제당및전분|떡과자및면류|기타식료품|섬유사|섬유직물|직물제품|의복제품|종이류|원유정제처리제품|윤활유및기타석유정제품|기초유기화학물질|기초무기화학물질|도료및잉크|비누및화장품|플라스틱1차제품|기타플라스틱제품|타이어및튜브|기타고무제품|시멘트|선철및조강|강선|열간압연강재|냉간압연강재|기타철강1차제품|비철금속괴|비철금속1차제품|구조용금속제품및탱크|기타금속가공제품|인쇄회로기판|통신및방송장비|영상및음향기기|의료및측정기기|기타정밀기기|발전기및전동기|전기변환.공급제어장치|전지|전선및케이블|가정용전기기기|기타전기장비|내연기관및터빈|펌프및압축기|일반목적용기계부품|산업용운반기계|공기및액체조절장치|기타일반목적용기계|농업및건설용기계|금속가공용기계|반도체및디스플레이제조용기계|기타특수목적용기계|자동차|특장차및트레일러|자동차부품|가구|과일|냉동수산물|수산물가공품|정제당|면류|인삼및건강보조식품|천연및화학섬유사|천연및화학섬유직물|편조원단|부직포및펠트|기타섬유제품|봉제의류|편조의류|의복관련장신품|가죽|가방및핸드백|신발|인쇄용지|나프타|휘발유|제트유|등유|경유|중유|정제혼합용원료유|윤활유및그리스|기타석유정제제품|지방족기초유분|방향족기초유분|석유화학중간제품|기타기초유기화합물|기초무기화합물|합성수지|합성고무|비료및질소화합물|도료|비누세제및치약|화장품|접착제및젤라틴|포장용플라스틱제품|산업용고무제품|연마재|합금철|조강|철강관|표면처리강재|동제련정련및합금제품|연및아연제련정련및합금제품|금은괴|기타비철금속제련정련및합금제품|동1차제품|알루미늄1차제품|금속제탱크및압력용기|부착용금속제품|공구류|나사및철선제품|기타금속제품|개별소자|집적회로|LCD평판디스플레이|기타전자표시장치|인쇄회로기판및실장기판|축전기저항기전자코일및변성기|컴퓨터기억장치|컴퓨터주변기기|이동전화기|기타무선통신장비및방송장비|영상기기|의료용기기|측정및분석기기|기타광학기기|변압기|전기변환장치|전기회로개폐및접속장치|배전반및전기자동제어반|가정용냉장고및냉동고|주방용및난방용전기기기|기타가정용전기기기|전구및램프|밸브|베어링기어및동력전달장치|공기조절장치및냉장냉동장비|사무용기기|농업용기계|건설및광물처리기계|반도체제조용기계|디스플레이제조용기계|승용차|버스|트럭|특장차|자동차용엔진|자동차부분품|금속가구|기타가구|오디오및음향기기|공기및액체여과기|원화기준|계약통화기준|달러기준,항목|계정코드별|통화계약구분코드별,2020=100|2025.12=100|2024.12=100,「수출입물가조사」,한국은행 경제통계1국 물가통계팀 수출입물가지수,02-759-4346,"주1) : 금월지수는 잠정치이며, 익월지수 공표시 확정됨 || 주2) : 2010년 이후 가중치는 매년 변경되며, 2026년 적용되는 가중치를 표기하였음."
301,1976001,DT_402Y015,수출물가지수(특수분류),Export Price Indices(Special groups),한국은행 > 수출입물가조사(2020=100) > 수출물가 > 수출물가지수(특수분류),2026-09-13,월|분기|년,,,0,1,30,수출물가지수(특수분류)|총지수|식료품구분|에너지구분|식품및산동물|음료및담배|비식용원재료(연료제외)|광물성연료윤활유및관련물질|화학물및관련제품|재료별제조제품|기계및운수장비|기타제조제품|달리분류되지않은상품및취급물|생활관련형|기초소재형|가공조립형|식료품|식료품이외|에너지|에너지이외|IT|IT이외|IT구분|식료품에너지|식료품에너지이외|식료품에너지구분|무역분류별|산업형태별|원화기준|계약통화기준|달러기준,항목|계정코드별|통화계약구분코드별,,「수출입물가조사」,한국은행 경제통계1국 물가통계팀 수출입물가지수,02-759-4346,"주1) : 금월지수는 잠정치이며, 익월지수 공표시 확정됨 || 주2) : 2010년 이후 가중치는 매년 변경되며, 2026년 적용되는 가중치를 표기하였음."
301,1976001,DT_402Y016,수출물가지수(품목별),Export Prices Indices(Item Groups),한국은행 > 수출입물가조사(2020=100) > 수출물가 > 수출물가지수(품목별),2026-09-13,월|분기|년,,,0,1,234,수출물가지수(품목별)|총지수|에틸렌|합금철|트랜지스터|선박용엔진|농림수산품|프로필렌|빌렛|LED|내연기관부분품|공산품|음식료품|섬유및가죽제품|목재및종이제품|석탄및석유제품|부타디엔|화학제품|비금속광물제품|봉강|1차금속제품|금속가공제품|실리콘웨이퍼|컴퓨터전자및광학기기|전기장비|산업용액체펌프|기계및장비|운송장비|기타제조업제품|과일|신선수산물|냉동수산물|어육|김|정제당|라면|인삼식품|담배|순면사|면직물|합성섬유직물|편조원단|부직포|타이어코드및타이어직물|비닐도포직물|여성용외의|봉제셔츠|편조셔츠|스웨터|양말|장갑|소가죽|핸드백|신발부분품|신문용지|인쇄용지|정보용지|나프타|휘발유|제트유|등유|경유|벙커C유|정제혼합용원료유|윤활유|아스팔트|벤젠|시멘트|연마지및포|형강|저장용금속탱크|자동차용철물|공구|볼트및너트|와이어로프|용접봉|DRAM|전동기|발전기|송배전변압기|인버터|배선용차단기|전기개폐용스위치|커넥터|배전반|2차전지|절연전선|가정용냉장고|가정용식기세척기|가정용세탁기|가정용전기청소기|의류건조기|전구및램프|자동차엔진용전기장치|기체펌프및압축기|경승용차|소형승용차|중형승용차|대형승용차|RV자동차|하이브리드승용차|전기승용차|소형버스|소형트럭|특장차|자동차용엔진|자동차차체부분품|동력전달장치|현가장치및부분품|제동장치및부분품|조향장치및부분품|차륜및부분품|배기장치및부분품|금속가구|비금속가구|단추및지퍼|톨루엔(메틸벤젠)|중후판|플래시메모리|유압및공기압전송용밸브|자일렌(크실렌)|스테인리스중후판|시스템반도체|베어링|에틸렌글리콜|열연강대및강판|모니터용LCD|베어링부품|폴리프로필렌글리콜|강선|액정표시장치용부품|지게차|페놀|용접강관|OLED|물품취급용크레인|스티렌모노머|강관연결구류|인쇄회로기판|에어컨|테레프탈산|냉연강대|축전기|공기조절장치부품|아크릴로니트릴|스테인리스냉연강판|컴퓨터기억장치|송풍기|이소시아네이트|규소강판|컴퓨터모니터|무인자동사무처리기|가소제|아연도금강판|컴퓨터프린터|열교환기|비스페놀에이|주석도금강판|휴대용전화기|농업용트랙터|가성소다|알루미늄도금강판|무선통신용중계기(릴레이)|굴삭기|카본블랙|컬러강판|위성방송수신기|로더및불도저|과산화수소|동정련품|영상저장장치|건설용기계부품|폴리실리콘|연정련품|차량용오디오|머시닝센터|폴리에틸렌수지|아연정련품|초음파진단기|선반|폴리스티렌수지|금괴|안경및안경렌즈|기계프레스|ABS수지|은괴|주사기및수혈세트|반도체조립장비|PVC수지|니켈괴|검사용기구|평판디스플레이제조장비|폴리프로필렌수지|동봉|광학렌즈|산업용건조기|에폭시수지|나동선|금속표면처리기|아크릴수지|동판|엔지니어링플라스틱수지|동박|실리콘수지|동관|에틸렌비닐아세테이트|알루미늄판|스티렌부타디엔고무|알루미늄박|부타디엔고무|폴리에스터섬유|아크릴섬유|의약품완제|의약품원료|진단용시약|비료|페인트|계면활성제|화장품|합성수지접착제|산화방지제|화학첨가제|포토레지스트|폴리에틸렌필름|폴리프로필렌필름|폴리에스터필름|플라스틱필름|폴리염화비닐필름|플라스틱용기|승용차타이어|고무패킹|원화기준|계약통화기준|달러기준,항목|계정코드별|통화계약구분코드별,2020=100|2022.12=100|2025.12=100|2024.12=100|2020.12=100|2021.12=100,「수출입물가조사」,한국은행 경제통계1국 물가통계팀 수출입물가지수,02-759-4346,"주1) : 금월지수는 잠정치이며, 익월지수 공표시 확정됨 || 주2) : 2010년 이후 가중치는 매년 변경되며, 2026년 적용되는 가중치를 표기하였음."
301,1976001,DT_403Y005,교역조건지수,Terms of Trade Indices,한국은행 > 수출입물가조사(2020=100) > 무역지수 및 교역조건지수 > 교역조건지수,2026-09-13,월|분기|년,,,0,1,2,교역조건지수|순상품교역조건지수|소득교역조건지수,항목|교역조건구분별,,「수출입물가조사」,한국은행 경제통계1국 물가통계팀 수출입물가지수,02-759-4346,"1) 당월 무역지수 및 교역조건지수는 잠정치(preliminary)이며 익월 지수 공표시 수정될 수 있음. 또한, 해당연도 지수는 수출입통관자료 등이 확정되는 익년도 2월 보도자료 공표시 확정(익년 3월중) || 2) 무역지수 및 교역조건지수는 '달러기준' 수출입통관자료 및 물가지수를 이용하여 작성됨."
301,1976001,DT_403Y003,수입금액지수,Import value Indices,한국은행 > 수출입물가조사(2020=100) > 무역지수 및 교역조건지수 > 수입금액지수,2026-09-13,월|분기|년,,,0,1,276,수입금액지수|총지수|육가공품및낙농품|떡빵및과자류|농림수산품|광산품|수산가공품|공산품|제당및전분|음식료품|섬유및가죽제품|목재및종이제품|석탄및석유제품|화학제품|비금속광물제품|1차금속제품|금속가공제품|컴퓨터전자및광학기기|전기장비|기계및장비|운송장비|기타제조업제품|농산물|축산물|임산물|수산물|석탄원유및천연가스|금속및비금속광물|떡과자및면류|식료품|음료품|섬유및의복|가죽제품|목재및목제품|펄프및종이제품|기초화학물질|합성수지및합성고무|화학섬유|의약품|비료및농약|기타화학제품|플라스틱제품|고무제품|유리및유리제품|기타비금속광물제품|철강1차제품|비철금속괴및1차제품|반도체|전자표시장치|기타전자부품|컴퓨터및주변기기|통신방송및영상음향기기|정밀기기|일반목적용기계|특수목적용기계|자동차및부품|기타운송장비|곡물및식량작물|채소및과실|기타작물|낙농및육류|신선수산물|냉동건조수산물|석탄|원유및천연가스|금속광물|비금속광물|조미료및유지|주류|섬유사|섬유직물|직물제품|의복제품|목재|펄프|종이류|석탄제품|원유정제처리제품|기초유기화학물질|기초무기화학물질|도료및잉크|비누및화장품|플라스틱1차제품|타이어및튜브|선철및조강|열간압연강재|냉간압연강재|기타철강1차제품|비철금속괴|비철금속1차제품|기타금속가공제품|인쇄회로기판|통신및방송장비|영상및음향기기|의료및측정기기|기타정밀기기|발전기및전동기|전기변환.공급제어장치|전지|전선및케이블|가정용전기기기|기타전기장비|내연기관및터빈|펌프및압축기|일반목적용기계부품|산업용운반기계|공기및액체조절장치|기타일반목적용기계|금속가공용기계|반도체및디스플레이제조용기계|기타특수목적용기계|자동차|자동차부품|가구|곡류|맥류및잡곡|콩류|과일|잎담배|천연고무|기타식용작물|기타비식용작물|도축육|가금육|원목|냉동수산물|무연탄|유연탄|원유|천연가스(LNG)|철광석|기타비철금속광석|기타비금속광물|낙농품|수산물가공품|원당|유지|과실및채소가공품|인삼및건강보조식품|기타식료품|맥주|기타주류|천연및화학섬유사|천연및화학섬유직물|부직포및펠트|봉제의류|편조의류|가죽|가방및핸드백|신발|제재목|합판|강화및재생목재|인쇄용지|기타원지및판지|석탄코크스및석탄관련제품|나프타|제트유|경유|중유|액화석유가스|정제혼합용원료유|지방족기초유분|방향족기초유분|석유화학중간제품|기타기초유기화합물|기초무기화합물|염료안료및유연제|합성수지|합성고무|비료및질소화합물|도료|화장품|접착제및젤라틴|사진용화학제품및감광재료|판유리및1차유리제품|산업용유리제품(전자기기용제외)|석제품|선철|합금철|조강|철근및봉강|형강|중후판(두께3mm이상)|열연강판|철강관|표면처리강재|동제련정련및합금제품|알루미늄제련정련및합금제품|연및아연제련정련및합금제품|금은괴|기타비철금속제련정련및합금제품|동1차제품|알루미늄1차제품|기타비철금속1차제품|공구류|나사및철선제품|개별소자|집적회로|LCD평판디스플레이|인쇄회로기판및실장기판|축전기저항기전자코일및변성기|컴퓨터|컴퓨터기억장치|컴퓨터주변기기|유선통신기기|이동전화기|기타무선통신장비및방송장비|TV|오디오및음향기기|의료용기기|측정및분석기기|사진기및영사기|기타광학기기|시계|전기변환장치|전기회로개폐및접속장치|배전반및전기자동제어반|주방용및난방용전기기기|기타가정용전기기기|전구및램프|밸브|베어링기어및동력전달장치|공기조절장치및냉장냉동장비|공기및액체여과기|반도체제조용기계|디스플레이제조용기계|산업용로봇|제지및인쇄기계|승용차|트럭|자동차용엔진|자동차부분품|모터사이클|기타가구|장난감및오락용품|운동및경기용품,항목|계정코드별,2020=100|2024.12=100|2020.12=100|2021.12=100,「수출입물가조사」,한국은행 경제통계1국 물가통계팀 수출입물가지수,02-759-4346,"1) 수출입물가지수와 포괄범위를 일치시키기 위해 통관금액 중 선박, 무기류, 항공기, 예술품 등의 수출입액을 제외하여 금액지수를 작성하기 때문에 수출입금액지수는 산업통상자원부가 매월 공표하는 수출입동향의 금액 움직임과 다를 수 있음 || 2) 시차적용 수출입물가지수의 이용으로 인해 수출입금액지수를 수출입물량지수로 나누었을 때 산출되는 값과 매월 공표되는 수출입물가지수는 일치하지 않을 수 있음 || 3) 1988년 1월부터 1999년 12월 수출금액(물량)지수 및 수입금액(물량)지수 시계열은 중분류* 수준으로 수록 || * 농림수산품, 광산품(수입), 공산품, 음식료품, 섬유및가죽제품, 목재및종이제품, 석탄및석유제품, 화학제품, 비금속광물제품, 1차금속제품, 금속가공제품, 컴퓨터·전자및광학기기, 전기장비, 기계및장비, 운송장비, 기타제조업제품 || 4) 당월 무역지수 및 교역조건지수는 잠정치(preliminary)이며 익월 지수 공표시 수정될 수 있음. 또한, 해당연도 지수는 수출입통관자료 등이 확정되는 익년도 2월 보도자료 공표시 확정(익년 3월중) || 5) 무역지수 및 교역조건지수는 '달러기준' 수출입통관자료 및 물가지수를 이용하여 작성됨. || 2020 || 2025 || 2021 || 2022"
301,1976001,DT_403Y004,수입물량지수,Import volume Indices,한국은행 > 수출입물가조사(2020=100) > 무역지수 및 교역조건지수 > 수입물량지수,2026-09-13,월|분기|년,,,0,1,276,수입물량지수|총지수|육가공품및낙농품|떡빵및과자류|농림수산품|광산품|수산가공품|공산품|제당및전분|음식료품|섬유및가죽제품|목재및종이제품|석탄및석유제품|화학제품|비금속광물제품|1차금속제품|금속가공제품|컴퓨터전자및광학기기|전기장비|기계및장비|운송장비|기타제조업제품|농산물|축산물|임산물|수산물|석탄원유및천연가스|금속및비금속광물|떡과자및면류|식료품|음료품|섬유및의복|가죽제품|목재및목제품|펄프및종이제품|기초화학물질|합성수지및합성고무|화학섬유|의약품|비료및농약|기타화학제품|플라스틱제품|고무제품|유리및유리제품|기타비금속광물제품|철강1차제품|비철금속괴및1차제품|반도체|전자표시장치|기타전자부품|컴퓨터및주변기기|통신방송및영상음향기기|정밀기기|일반목적용기계|특수목적용기계|자동차및부품|기타운송장비|곡물및식량작물|채소및과실|기타작물|낙농및육류|신선수산물|냉동건조수산물|석탄|원유및천연가스|금속광물|비금속광물|조미료및유지|주류|섬유사|섬유직물|직물제품|의복제품|목재|펄프|종이류|석탄제품|원유정제처리제품|기초유기화학물질|기초무기화학물질|도료및잉크|비누및화장품|플라스틱1차제품|타이어및튜브|선철및조강|열간압연강재|냉간압연강재|기타철강1차제품|비철금속괴|비철금속1차제품|기타금속가공제품|인쇄회로기판|통신및방송장비|영상및음향기기|의료및측정기기|기타정밀기기|발전기및전동기|전기변환.공급제어장치|전지|전선및케이블|가정용전기기기|기타전기장비|내연기관및터빈|펌프및압축기|일반목적용기계부품|산업용운반기계|공기및액체조절장치|기타일반목적용기계|금속가공용기계|반도체및디스플레이제조용기계|기타특수목적용기계|자동차|자동차부품|가구|곡류|맥류및잡곡|콩류|과일|잎담배|천연고무|기타식용작물|기타비식용작물|도축육|가금육|원목|냉동수산물|무연탄|유연탄|원유|천연가스(LNG)|철광석|기타비철금속광석|기타비금속광물|낙농품|수산물가공품|원당|유지|과실및채소가공품|인삼및건강보조식품|기타식료품|맥주|기타주류|천연및화학섬유사|천연및화학섬유직물|부직포및펠트|봉제의류|편조의류|가죽|가방및핸드백|신발|제재목|합판|강화및재생목재|인쇄용지|기타원지및판지|석탄코크스및석탄관련제품|나프타|제트유|경유|중유|액화석유가스|정제혼합용원료유|지방족기초유분|방향족기초유분|석유화학중간제품|기타기초유기화합물|기초무기화합물|염료안료및유연제|합성수지|합성고무|비료및질소화합물|도료|화장품|접착제및젤라틴|사진용화학제품및감광재료|판유리및1차유리제품|산업용유리제품(전자기기용제외)|석제품|선철|합금철|조강|철근및봉강|형강|중후판(두께3mm이상)|열연강판|철강관|표면처리강재|동제련정련및합금제품|알루미늄제련정련및합금제품|연및아연제련정련및합금제품|금은괴|기타비철금속제련정련및합금제품|동1차제품|알루미늄1차제품|기타비철금속1차제품|공구류|나사및철선제품|개별소자|집적회로|LCD평판디스플레이|인쇄회로기판및실장기판|축전기저항기전자코일및변성기|컴퓨터|컴퓨터기억장치|컴퓨터주변기기|유선통신기기|이동전화기|기타무선통신장비및방송장비|TV|오디오및음향기기|의료용기기|측정및분석기기|사진기및영사기|기타광학기기|시계|전기변환장치|전기회로개폐및접속장치|배전반및전기자동제어반|주방용및난방용전기기기|기타가정용전기기기|전구및램프|밸브|베어링기어및동력전달장치|공기조절장치및냉장냉동장비|공기및액체여과기|반도체제조용기계|디스플레이제조용기계|산업용로봇|제지및인쇄기계|승용차|트럭|자동차용엔진|자동차부분품|모터사이클|기타가구|장난감및오락용품|운동및경기용품,항목|계정코드별,2020=100|2024.12=100|2020.12=100|2021.12=100,「수출입물가조사」,한국은행 경제통계1국 물가통계팀 수출입물가지수,02-759-4346,"1) 수출입물가지수와 포괄범위를 일치시키기 위해 통관금액 중 선박, 무기류, 항공기, 예술품 등의 수출입액을 제외하여 금액지수를 작성하기 때문에 수출입금액지수는 산업통상자원부가 매월 공표하는 수출입동향의 금액 움직임과 다를 수 있음 || 2) 시차적용 수출입물가지수의 이용으로 인해 수출입금액지수를 수출입물량지수로 나누었을 때 산출되는 값과 매월 공표되는 수출입물가지수는 일치하지 않을 수 있음 || 3) 1988년 1월부터 1999년 12월 수출금액(물량)지수 및 수입금액(물량)지수 시계열은 중분류* 수준으로 수록 || * 농림수산품, 광산품(수입), 공산품, 음식료품, 섬유및가죽제품, 목재및종이제품, 석탄및석유제품, 화학제품, 비금속광물제품, 1차금속제품, 금속가공제품, 컴퓨터·전자및광학기기, 전기장비, 기계및장비, 운송장비, 기타제조업제품 || 4) 당월 무역지수 및 교역조건지수는 잠정치(preliminary)이며 익월 지수 공표시 수정될 수 있음. 또한, 해당연도 지수는 수출입통관자료 등이 확정되는 익년도 2월 보도자료 공표시 확정(익년 3월중) || 5) 무역지수 및 교역조건지수는 '달러기준' 수출입통관자료 및 물가지수를 이용하여 작성됨. || 2020 || 2025 || 2021 || 2022"
301,1976001,DT_403Y001,수출금액지수,Export Value Indices,한국은행 > 수출입물가조사(2020=100) > 무역지수 및 교역조건지수 > 수출금액지수,2026-09-13,월|분기|년,,,0,1,239,수출금액지수|총지수|철근및봉강|농림수산품|형강|공산품|음식료품|섬유및가죽제품|목재및종이제품|석탄및석유제품|화학제품|비금속광물제품|중후판(두께3mm이상)|1차금속제품|금속가공제품|컴퓨터전자및광학기기|전기장비|기계및장비|운송장비|기타제조업제품|농산물|수산물|식료품|담배|섬유및의복|가죽제품|펄프및종이제품|기초화학물질|합성수지및합성고무|화학섬유|의약품|비료및농약|기타화학제품|플라스틱제품|고무제품|기타비금속광물제품|열연강판|철강1차제품|비철금속괴및1차제품|반도체|전자표시장치|기타전자부품|컴퓨터및주변기기|통신방송및영상음향기기|정밀기기|일반목적용기계|특수목적용기계|자동차및부품|채소및과실|신선수산물|냉동건조수산물|수산가공품|제당및전분|떡과자및면류|기타식료품|섬유사|섬유직물|직물제품|의복제품|종이류|원유정제처리제품|윤활유및기타석유정제품|기초유기화학물질|기초무기화학물질|도료및잉크|비누및화장품|플라스틱1차제품|기타플라스틱제품|타이어및튜브|기타고무제품|시멘트|선철및조강|강선|열간압연강재|냉간압연강재|기타철강1차제품|비철금속괴|비철금속1차제품|구조용금속제품및탱크|기타금속가공제품|인쇄회로기판|통신및방송장비|영상및음향기기|의료및측정기기|기타정밀기기|발전기및전동기|전기변환.공급제어장치|전지|전선및케이블|가정용전기기기|기타전기장비|내연기관및터빈|펌프및압축기|일반목적용기계부품|산업용운반기계|공기및액체조절장치|기타일반목적용기계|농업및건설용기계|금속가공용기계|반도체및디스플레이제조용기계|기타특수목적용기계|자동차|특장차및트레일러|자동차부품|가구|과일|냉동수산물|수산물가공품|정제당|면류|인삼및건강보조식품|천연및화학섬유사|천연및화학섬유직물|편조원단|부직포및펠트|기타섬유제품|봉제의류|편조의류|의복관련장신품|가죽|가방및핸드백|신발|인쇄용지|나프타|휘발유|제트유|등유|경유|중유|정제혼합용원료유|윤활유및그리스|기타석유정제제품|지방족기초유분|방향족기초유분|석유화학중간제품|기타기초유기화합물|기초무기화합물|합성수지|합성고무|비료및질소화합물|도료|비누세제및치약|화장품|접착제및젤라틴|포장용플라스틱제품|산업용고무제품|연마재|합금철|조강|철강관|표면처리강재|동제련정련및합금제품|연및아연제련정련및합금제품|금은괴|기타비철금속제련정련및합금제품|동1차제품|알루미늄1차제품|금속제탱크및압력용기|부착용금속제품|공구류|나사및철선제품|기타금속제품|개별소자|집적회로|LCD평판디스플레이|기타전자표시장치|인쇄회로기판및실장기판|축전기저항기전자코일및변성기|컴퓨터기억장치|컴퓨터주변기기|이동전화기|기타무선통신장비및방송장비|영상기기|의료용기기|측정및분석기기|기타광학기기|변압기|전기변환장치|전기회로개폐및접속장치|배전반및전기자동제어반|가정용냉장고및냉동고|주방용및난방용전기기기|기타가정용전기기기|전구및램프|밸브|베어링기어및동력전달장치|공기조절장치및냉장냉동장비|사무용기기|농업용기계|건설및광물처리기계|반도체제조용기계|디스플레이제조용기계|승용차|버스|트럭|특장차|자동차용엔진|자동차부분품|금속가구|기타가구|오디오및음향기기|공기및액체여과기,항목|계정코드별,2020=100|2025.12=100|2024.12=100,「수출입물가조사」,한국은행 경제통계1국 물가통계팀 수출입물가지수,02-759-4346,"1) 수출입물가지수와 포괄범위를 일치시키기 위해 통관금액 중 선박, 무기류, 항공기, 예술품 등의 수출입액을 제외하여 금액지수를 작성하기 때문에 수출입금액지수는 산업통상자원부가 매월 공표하는 수출입동향의 금액 움직임과 다를 수 있음 || 2) 시차적용 수출입물가지수의 이용으로 인해 수출입금액지수를 수출입물량지수로 나누었을 때 산출되는 값과 매월 공표되는 수출입물가지수는 일치하지 않을 수 있음 || 3) 1988년 1월부터 1999년 12월 수출금액(물량)지수 및 수입금액(물량)지수 시계열은 중분류* 수준으로 수록 || * 농림수산품, 광산품(수입), 공산품, 음식료품, 섬유및가죽제품, 목재및종이제품, 석탄및석유제품, 화학제품, 비금속광물제품, 1차금속제품, 금속가공제품, 컴퓨터·전자및광학기기, 전기장비, 기계및장비, 운송장비, 기타제조업제품 || 4) 당월 무역지수 및 교역조건지수는 잠정치(preliminary)이며 익월 지수 공표시 수정될 수 있음. 또한, 해당연도 지수는 수출입통관자료 등이 확정되는 익년도 2월 보도자료 공표시 확정(익년 3월중) || 5) 무역지수 및 교역조건지수는 '달러기준' 수출입통관자료 및 물가지수를 이용하여 작성됨. || 2020 || 2026 || 2025"
301,1976001,DT_403Y002,수출물량지수,Export Volume Indices,한국은행 > 수출입물가조사(2020=100) > 무역지수 및 교역조건지수 > 수출물량지수,2026-09-13,월|분기|년,,,0,1,239,수출물량지수|총지수|철근및봉강|농림수산품|형강|공산품|음식료품|섬유및가죽제품|목재및종이제품|석탄및석유제품|화학제품|비금속광물제품|중후판(두께3mm이상)|1차금속제품|금속가공제품|컴퓨터전자및광학기기|전기장비|기계및장비|운송장비|기타제조업제품|농산물|수산물|식료품|담배|섬유및의복|가죽제품|펄프및종이제품|기초화학물질|합성수지및합성고무|화학섬유|의약품|비료및농약|기타화학제품|플라스틱제품|고무제품|기타비금속광물제품|열연강판|철강1차제품|비철금속괴및1차제품|반도체|전자표시장치|기타전자부품|컴퓨터및주변기기|통신방송및영상음향기기|정밀기기|일반목적용기계|특수목적용기계|자동차및부품|채소및과실|신선수산물|냉동건조수산물|수산가공품|제당및전분|떡과자및면류|기타식료품|섬유사|섬유직물|직물제품|의복제품|종이류|원유정제처리제품|윤활유및기타석유정제품|기초유기화학물질|기초무기화학물질|도료및잉크|비누및화장품|플라스틱1차제품|기타플라스틱제품|타이어및튜브|기타고무제품|시멘트|선철및조강|강선|열간압연강재|냉간압연강재|기타철강1차제품|비철금속괴|비철금속1차제품|구조용금속제품및탱크|기타금속가공제품|인쇄회로기판|통신및방송장비|영상및음향기기|의료및측정기기|기타정밀기기|발전기및전동기|전기변환.공급제어장치|전지|전선및케이블|가정용전기기기|기타전기장비|내연기관및터빈|펌프및압축기|일반목적용기계부품|산업용운반기계|공기및액체조절장치|기타일반목적용기계|농업및건설용기계|금속가공용기계|반도체및디스플레이제조용기계|기타특수목적용기계|자동차|특장차및트레일러|자동차부품|가구|과일|냉동수산물|수산물가공품|정제당|면류|인삼및건강보조식품|천연및화학섬유사|천연및화학섬유직물|편조원단|부직포및펠트|기타섬유제품|봉제의류|편조의류|의복관련장신품|가죽|가방및핸드백|신발|인쇄용지|나프타|휘발유|제트유|등유|경유|중유|정제혼합용원료유|윤활유및그리스|기타석유정제제품|지방족기초유분|방향족기초유분|석유화학중간제품|기타기초유기화합물|기초무기화합물|합성수지|합성고무|비료및질소화합물|도료|비누세제및치약|화장품|접착제및젤라틴|포장용플라스틱제품|산업용고무제품|연마재|합금철|조강|철강관|표면처리강재|동제련정련및합금제품|연및아연제련정련및합금제품|금은괴|기타비철금속제련정련및합금제품|동1차제품|알루미늄1차제품|금속제탱크및압력용기|부착용금속제품|공구류|나사및철선제품|기타금속제품|개별소자|집적회로|LCD평판디스플레이|기타전자표시장치|인쇄회로기판및실장기판|축전기저항기전자코일및변성기|컴퓨터기억장치|컴퓨터주변기기|이동전화기|기타무선통신장비및방송장비|영상기기|의료용기기|측정및분석기기|기타광학기기|변압기|전기변환장치|전기회로개폐및접속장치|배전반및전기자동제어반|가정용냉장고및냉동고|주방용및난방용전기기기|기타가정용전기기기|전구및램프|밸브|베어링기어및동력전달장치|공기조절장치및냉장냉동장비|사무용기기|농업용기계|건설및광물처리기계|반도체제조용기계|디스플레이제조용기계|승용차|버스|트럭|특장차|자동차용엔진|자동차부분품|금속가구|기타가구|오디오및음향기기|공기및액체여과기,항목|계정코드별,2020=100|2025.12=100|2024.12=100,「수출입물가조사」,한국은행 경제통계1국 물가통계팀 수출입물가지수,02-759-4346,"1) 수출입물가지수와 포괄범위를 일치시키기 위해 통관금액 중 선박, 무기류, 항공기, 예술품 등의 수출입액을 제외하여 금액지수를 작성하기 때문에 수출입금액지수는 산업통상자원부가 매월 공표하는 수출입동향의 금액 움직임과 다를 수 있음 || 2) 시차적용 수출입물가지수의 이용으로 인해 수출입금액지수를 수출입물량지수로 나누었을 때 산출되는 값과 매월 공표되는 수출입물가지수는 일치하지 않을 수 있음 || 3) 1988년 1월부터 1999년 12월 수출금액(물량)지수 및 수입금액(물량)지수 시계열은 중분류* 수준으로 수록 || * 농림수산품, 광산품(수입), 공산품, 음식료품, 섬유및가죽제품, 목재및종이제품, 석탄및석유제품, 화학제품, 비금속광물제품, 1차금속제품, 금속가공제품, 컴퓨터·전자및광학기기, 전기장비, 기계및장비, 운송장비, 기타제조업제품 || 4) 당월 무역지수 및 교역조건지수는 잠정치(preliminary)이며 익월 지수 공표시 수정될 수 있음. 또한, 해당연도 지수는 수출입통관자료 등이 확정되는 익년도 2월 보도자료 공표시 확정(익년 3월중) || 5) 무역지수 및 교역조건지수는 '달러기준' 수출입통관자료 및 물가지수를 이용하여 작성됨. || 2020 || 2026 || 2025"
301,1976023,DT_281Y001,금융거래표(2009~),Financial Transaction(2009~),한국은행 > 자금순환표 > 2008 SNA 기준 > 금융거래표(2009~),2026-09-13,분기|년,,,0,1,92,금융거래표(2009~)|합계|국내|공기업|금융법인|한국은행|은행|국내일반은행|신탁|MMF|생명보험|증권기관|민간기업|예금취급기관|특수은행|비은행|서민금융기관|Non-MMF|손해보험|여신전문기관|일반정부|국외|비금융법인|투자펀드|재보험|공적금융기관|보험기관|가계 및 비영리단체|연금기금|기타금융중개기관|금융보조기관|전속금융기관 및 대부업체|합 계|1. 금과 SDRs|1) 현금|(1) 예금취급기관 결제성예금|(1) 예금취급기관 단기저축성예금|(1) 국채|1) 단기채권|(1) 한은대출금|(1) 예금취급기관 대출금|1) 단기대출금|1) 거주자 발행주식 및 출자지분|(2) 한은예수금|2) 결제성 예금|(2) 예금취급기관 장기저축성예금|2. 현금 및 예금|(2) 금융채|2) 장기채권|(2) 예금취급기관대출금|(2) 보험 및 연금기금 대출금|2) 장기대출금|2) 비거주자 발행주식|차 액|(3) 정부예금|(3) 표지어음|3) 비결제성 예금|3. 보험 및 연금 준비금|(3) 기업어음|3) 파생결합증권|(3) 보험 및 연금기금 대출금|(3) 기타금융중개기관 대출금|3) 투자펀드 지분|(4) 양도성예금증서|(4) 지방채|4. 채권|(4) 기타금융중개기관대출금|(4) 기타대출금|(5) 환매조건부채권|(5) 회사채|(5) 콜론콜머니|5. 대출금|(6) 금전신탁|(6) 유동화증권|(6) 기타대출금|6. 정부융자|(7) 기타예금|(7) 해외채권|7. 지분증권 및 투자펀드|8. 파생금융상품|9. 상거래신용|10. 직접투자|11. 기타대외채권채무|12. 기타금융자산부채|운용|원천,항목|제도부문코드별|계정코드별|운용원천구분코드별,,「자금순환표」,한국은행  경제통계1국 자금순환팀,02-759-4423,
301,1976023,DT_281Y002,금융자산부채잔액표(2008~),Financial Assets and Liabilities Outstanding(2008~),한국은행 > 자금순환표 > 2008 SNA 기준 > 금융자산부채잔액표(2008~),2026-09-13,분기|년,,,0,1,92,금융자산부채잔액표(2008~)|합계|국내|공기업|금융법인|한국은행|은행|국내일반은행|신탁|MMF|생명보험|증권기관|민간기업|예금취급기관|특수은행|비은행|서민금융기관|Non-MMF|손해보험|여신전문기관|일반정부|국외|비금융법인|투자펀드|재보험|공적금융기관|보험기관|가계 및 비영리단체|연금기금|기타금융중개기관|금융보조기관|전속금융기관 및 대부업체|합 계|1. 금과 SDRs|1) 현금|(1) 예금취급기관 결제성예금|(1) 예금취급기관 단기저축성예금|(1) 국채|1) 단기채권|(1) 한은대출금|(1) 예금취급기관 대출금|1) 단기대출금|1) 거주자 발행주식 및 출자지분|(2) 한은예수금|2) 결제성 예금|(2) 예금취급기관 장기저축성예금|2. 현금 및 예금|(2) 금융채|2) 장기채권|(2) 예금취급기관대출금|(2) 보험 및 연금기금 대출금|2) 장기대출금|2) 비거주자 발행주식|차 액|(3) 정부예금|(3) 표지어음|3) 비결제성 예금|3. 보험 및 연금 준비금|(3) 기업어음|3) 파생결합증권|(3) 보험 및 연금기금 대출금|(3) 기타금융중개기관 대출금|3) 투자펀드 지분|(4) 양도성예금증서|(4) 지방채|4. 채권|(4) 기타금융중개기관대출금|(4) 기타대출금|(5) 환매조건부채권|(5) 회사채|(5) 콜론콜머니|5. 대출금|(6) 금전신탁|(6) 유동화증권|(6) 기타대출금|6. 정부융자|(7) 기타예금|(7) 해외채권|7. 지분증권 및 투자펀드|8. 파생금융상품|9. 상거래신용|10. 직접투자|11. 기타대외채권채무|12. 기타금융자산부채|자산|부채,항목|제도부문코드별|계정코드별|자산/부채별,,「자금순환표」,한국은행  경제통계1국 자금순환팀,02-759-4423,
301,1976023,DT_281Y006,금융거래표(2003~2013),Financial Transaction(2003~2013),한국은행 > 자금순환표 > 1993 SNA 기준(2002~2013) > 금융거래표(2003~2013),2022-06-09,분기|년,,,0,1,160,금융거래표(2003~2013)|합 계|1. 금과 SDRs|(1) 한은예수금|(1) 국채|(1) 한은대출금|(1) 주식|1) 현금|(1) 예금취급기관 결제성예금|(1) 예금취급기관 단기저축성예금|1) 단기채권|1) 단기대출금|(1) 예금취급기관 대출금|1) 거주자 발행주식 및 출자지분|2. 현금통화와 예금|(2) 현금통화|(2) 금융채|(2) 예금취급기관대출금|(2) 출자지분|차 액|2. 현금 및 예금|2) 결제성 예금|(2) 한은예수금|(2) 예금취급기관 장기저축성예금|2) 장기채권|2) 장기대출금|(2) 보험 및 연금기금 대출금|2) 비거주자 발행주식|(3) 결제및단기저축성예금|3. 보험및연금|(3) 기업어음|(3) 보험대출금|(3) 정부예금|3) 비결제성 예금|(3) 표지어음|3. 보험 및 연금 준비금|3) 파생결합증권|(3) 보험 및 연금기금 대출금|(3) 기타금융중개기관 대출금|3) 투자펀드 지분|(4) 정부예금|4. 채권|(4) 공공채권|(4) 여신전문기관대출금|(4) 양도성예금증서|(4) 지방채|(4) 기타금융중개기관대출금|(4) 기타대출금|(5) 장기저축성예금|(5) 회사채|5. 대출금|(5) 공적금융대출금|(5) 환매조건부채권|(5) 콜론콜머니|(6) 표지어음|(6) 특수채권|(6) 기타대출금|6. 정부융자|(6) 금전신탁|(6) 유동화증권|(7) 양도성예금증서|(7) 해외증권|7. 주식 및 출자지분|(7) 기타예금|(7) 해외채권|7. 지분증권 및 투자펀드|(8) 환매조건부채권|(8) 수익증권|8. 파생금융상품|(9) 금전신탁|9. 상거래신용|(10) 기타예금|10. 외환보유액|10. 직접투자|11. 직접투자|11. 기타대외채권채무|12. 콜론・콜머니|12. 기타금융자산부채|13. 기타대외채권채무|14. 기타금융자산부채|운용|원천|합계|금융법인|한국은행|은행|국내일반은행|신탁|보험|생명보험|증권기관|공기업|MMF|예금취급기관|특수은행|비은행|서민금융기관|손해보험|연금기금|여신전문기관|일반정부|민간기업|Non-MMF|국외|투자기관|보험 및 연금기금|공적금융기관|비금융법인|투자펀드|재보험|기타금융중개기관|가계및비영리단체|보험기관|가계 및 비영리단체|금융보조기관|전속금융기관 및 대부업체,항목|계정항목별|운용원천구분코드별|제도부문코드별,,「자금순환표」,한국은행  경제통계1국 자금순환팀,02-759-4423,
301,1976023,DT_281Y007,금융자산부채잔액표(2002~),Financial Assets and Liabilities Outstanding(2002~2013),한국은행 > 자금순환표 > 1993 SNA 기준(2002~2013) > 금융자산부채잔액표(2002~),2022-06-09,분기|년,,,0,1,160,금융자산부채잔액표(2002~)|합 계|1. 금과 SDRs|(1) 한은예수금|(1) 국채|(1) 한은대출금|(1) 주식|1) 현금|(1) 예금취급기관 결제성예금|(1) 예금취급기관 단기저축성예금|1) 단기채권|1) 단기대출금|(1) 예금취급기관 대출금|1) 거주자 발행주식 및 출자지분|2. 현금통화와 예금|(2) 현금통화|(2) 금융채|(2) 예금취급기관대출금|(2) 출자지분|차 액|2. 현금 및 예금|2) 결제성 예금|(2) 한은예수금|(2) 예금취급기관 장기저축성예금|2) 장기채권|2) 장기대출금|(2) 보험 및 연금기금 대출금|2) 비거주자 발행주식|(3) 결제및단기저축성예금|3. 보험및연금|(3) 기업어음|(3) 보험대출금|(3) 정부예금|3) 비결제성 예금|(3) 표지어음|3. 보험 및 연금 준비금|3) 파생결합증권|(3) 보험 및 연금기금 대출금|(3) 기타금융중개기관 대출금|3) 투자펀드 지분|(4) 정부예금|4. 채권|(4) 공공채권|(4) 여신전문기관대출금|(4) 양도성예금증서|(4) 지방채|(4) 기타금융중개기관대출금|(4) 기타대출금|(5) 장기저축성예금|(5) 회사채|5. 대출금|(5) 공적금융대출금|(5) 환매조건부채권|(5) 콜론콜머니|(6) 표지어음|(6) 특수채권|(6) 기타대출금|6. 정부융자|(6) 금전신탁|(6) 유동화증권|(7) 양도성예금증서|(7) 해외증권|7. 주식 및 출자지분|(7) 기타예금|(7) 해외채권|7. 지분증권 및 투자펀드|(8) 환매조건부채권|(8) 수익증권|8. 파생금융상품|(9) 금전신탁|9. 상거래신용|(10) 기타예금|10. 외환보유액|10. 직접투자|11. 직접투자|11. 기타대외채권채무|12. 콜론・콜머니|12. 기타금융자산부채|13. 기타대외채권채무|14. 기타금융자산부채|자산|부채|합계|금융법인|한국은행|은행|국내일반은행|신탁|보험|생명보험|증권기관|공기업|MMF|예금취급기관|특수은행|비은행|서민금융기관|손해보험|연금기금|여신전문기관|일반정부|민간기업|Non-MMF|국외|투자기관|보험 및 연금기금|공적금융기관|비금융법인|투자펀드|재보험|기타금융중개기관|가계및비영리단체|보험기관|가계 및 비영리단체|금융보조기관|전속금융기관 및 대부업체,항목|계정항목별|자산/부채별|제도부문코드별,,「자금순환표」,한국은행  경제통계1국 자금순환팀,02-759-4423,
301,1976023,DT_281Y004,금융거래표(1975~2005),Financial Transactions (1975~2005),한국은행 > 자금순환표 > 1968 SNA 기준(1975~2005) > 금융거래표(1975~2005),2022-06-09,분기|년,,,0,1,58,금융거래표(1975~2005)|합계|1.  금|(1) 한은예수금|(1) 저축성예금|(1) 국공채|(1) 한은대출금|2.  현금통화 및 예금|(2) 현금통화|(2) 양도성예금증서|(2) 금융채|(2) 예금은행대출금|차액|(3) 요구불예금|3. 기타예금|(3) 예금은행표지어음|(3) 기업어음|(3) 회사채|(3) 보험대출금|(4) 정부당좌예금|(4) 비거주자예금|4. 생명보험및연금|(4) 수익증권|(4) 종금사대출금|(5) 환매조건부채권|5. 단기채권|(5) 외화채권|(5) 여신전문기관대출금|(6) 신탁|6. 장기채권|(6) 기타대출금|(7) 종금사예치금|7. 주식|(8)  기타|8. 대출금|9. 정부융자|10.  출자지분|11.  상거래신용|12.  외환보유액|13. 무역신용|14. 직접투자|15. 기타대외채권채무|16. 기타금융자산부채|운용|원천|금융부문|한국은행|공기업|예금은행|정부부문|민간기업|보험 및 연금기금|기업부문|기타금융기관|가계및 비영리단체|국외부문,항목|계정항목별|운용원천구분코드별|제도부문코드별,,「자금순환표」,한국은행  경제통계1국 자금순환팀,02-759-4423,"비금융거래계정은 국민소득통계의 제도부문별 자본계정에서 확인 가능 || 2004년 연간은 확정통계이며 분기는 잠정통계임 || 2005년 연간 및 분기는 잠정통계임 || 한국은행 경제통계국 자금순환팀(02-759-4432, 4349)"
301,1976023,DT_281Y005,금융자산부채잔액표(1975~2005),Financial Assets and Liabilities Outstanding (1975~2005),한국은행 > 자금순환표 > 1968 SNA 기준(1975~2005) > 금융자산부채잔액표(1975~2005),2022-06-09,분기|년,,,0,1,57,금융자산부채잔액표(1975~2005)|합 계|1. 금|(1) 한은예수금|(1) 저축성예금|(1) 국공채|(1) 한은대출금|2. 현금통화 와 예금|(2) 현금통화|(2) 양도성예금증서|(2) 금융채|(2) 예금은행대출금|차 액|(3) 요구불예금|3. 기타예금|(3) 예금은행표지어음|(3) 기업어음|(3) 회사채|(3) 보험대출금|(4) 정부당좌예금|(4) 비거주자예금|4. 생명보험및연금|(4) 수익증권|(4) 종금사대출금|(5) 환매조건부채권|5. 단기채권|(5) 외화채권|(5) 여신전문기관대출금|(6) 신탁|6. 장기채권|(6) 기타대출금|(7) 종금사예치금|7. 주식|(8) 기타|8. 대출금|9. 정부융자|10. 출자지분|11. 상거래신용|12. 외환보유액|13. 직접투자|14. 기타대외채권채무|15. 기타금융자산부채|자산|부채|합계|금융부문|한국은행|공기업|예금은행|정부부문|민간기업|보험 및 연금기금|기업부문|기타금융기관|가계및 비영리단체|국외부문,항목|계정항목별|자산/부채별|제도부문코드별,,「자금순환표」,한국은행  경제통계1국 자금순환팀,02-759-4423,
301,2006012,DT_633Y003,결제대금예치,Escrow,한국은행 > 지급결제통계 > 전자지급서비스 > 결제대금예치,2026-09-13,분기,,,0,1,2,결제대금예치|이용건수|이용금액,항목|계정항목별,천건|억원,「지급결제통계」,한국은행 금융결제국 한국은행 결제인프라안정팀,02-750-6548,"1) 결제대금예치서비스 : 전자상거래에서 구매자로부터 대금을 예치받고 구매자의 물품수령 확인 등을 통해 거래가 적절하게 이루어졌는지를 확인한 후, 구매대금을 판매자에게 지급하는 서비스 || 2) 일부 작성기관의 기초자료 수정 요청 등을 반영"
301,2006012,DT_633Y004,선불전자지급수단,Electronic Pre-paid Payment Instruments,한국은행 > 지급결제통계 > 전자지급서비스 > 선불전자지급수단,2026-09-13,분기,,,0,1,2,선불전자지급수단|이용건수|이용금액,항목|계정항목별,천건|억원,「지급결제통계」,한국은행 금융결제국 한국은행 결제인프라안정팀,02-750-6548,1) 선불전자지급서비스 : 미리 충전한 자금(선불금)을 이용해 교통요금 및 물품대금 등을 지급하거나 송금할 수 있도록 하는 선불금 발행·관리서비스 || 2) 일부 작성기관의 기초자료 수정 요청 등을 반영
301,2006012,DT_633Y005,전자고지결제,Electronic Bill Presentment and Payment(EBPP),한국은행 > 지급결제통계 > 전자지급서비스 > 전자고지결제,2026-09-13,분기,,,0,1,2,전자고지결제|이용건수|이용금액,항목|계정항목별,천건|억원,「지급결제통계」,한국은행 금융결제국 한국은행 결제인프라안정팀,02-750-6548,1) 전자고지결제서비스 : 아파트 관리비 등과 같은 고지서를 이메일 등 전자적 방식으로 발행하고 대금을 직접 수수하여 정산을 대행하는 서비스 || 2) 일부 작성기관의 기초자료 수정 요청 등을 반영
301,2006012,DT_633Y002,전자지급결제대행,Payment Gateway(PG),한국은행 > 지급결제통계 > 전자지급서비스 > 전자지급결제대행,2026-09-13,분기,,,0,1,7,전자지급결제대행|이용건수|이용금액|신용카드|계좌이체|가상계좌|기      타|합      계,항목|구분코드별|계정항목별,천건|억원,「지급결제통계」,한국은행 금융결제국 한국은행 결제인프라안정팀,02-750-6548,"1) 전자지급결제대행서비스 : 전자상거래에서 구매자로부터 대금을 수취하여 판매자에게 최종적으로 지급될 수 있도록 지급결제정보를 송·수신하거나 그 대가의 정산을 대행하는 서비스 || 2) 신용카드 : 체크카드 포함 || 3) 가상계좌 : 구매자별로 가상계좌번호를 부여하여 구매대금을 수취하는 결제대행방식 || 4) 기타: 상품권, OK캐시백 등으로 구매대금을 지급하는 결제대행방식 || 5) 일부 작성기관의 기초자료 수정 요청 등을 반영"
301,2006012,DT_633Y006,직불전자지급수단,Electronic Debit Payment Instruments,한국은행 > 지급결제통계 > 전자지급서비스 > 직불전자지급수단,2026-09-13,분기,,,0,1,2,직불전자지급수단|이용건수|이용금액,항목|계정항목별,건|백만원,「지급결제통계」,한국은행 금융결제국 한국은행 결제인프라안정팀,02-750-6548,1) 직불전자지급서비스 : 스마트폰 기반 인증절차를 거쳐 편의점 등 가맹점 이용시 기등록된 구매자계좌에서 판매자계좌로 자금이체를 중개하는 서비스(금융회사에서 발행하는 직불형 카드는 제외) || 2) 일부 작성기관의 기초자료 수정 요청 등을 반영
301,2006012,DT_602Y001,결제시스템별 통계,Statistics by Payment System,한국은행 > 지급결제통계 > BIS기준통계 > 결제시스템별 통계,2026-09-13,월|분기|년,,,0,1,22,결제시스템별 통계|총액결제시스템|일반자금이체|콜거래자금|어음교환시스템|전자금융공동망|증권거래자금|콜거래시스템|소액결제시스템|지로시스템|타행환공동망|외환거래자금|DVP시스템|금융공동망|현금자동인출기(CD)공동망|PVP시스템(CLS)|자금관리서비스(CMS)공동망|지방은행공동망|전자상거래공동망|직불카드공동망|오픈뱅킹공동망|건수|금액,항목|계정항목별|금액구분코드별,천건|십억원,「지급결제통계」,한국은행 금융결제국 한국은행 결제인프라안정팀,02-750-6548,
301,2006012,DT_602Y002,지급수단별 통계,Statistics by Payment Instrument,한국은행 > 지급결제통계 > BIS기준통계 > 지급수단별 통계,2026-09-13,월|분기|년,,,0,1,29,지급수단별 통계|어음수표|어음.수표 (교환제시)|입금이체|한은금융망|지로자동계좌이체|신용카드|신용카드(물품및용역구매)|어음.수표 (창구제시)|계좌이체|지로입금이체|출금이체|CMS출금이체|신용카드(현금서비스)|직불카드|전자어음|전자금융공동망|오픈뱅킹출금이체|카드|체크카드|타행환공동망|선불카드|CD/ATM계좌이체|현금IC카드|CMS입금이체|지방은행공동망|전자상거래공동망|오픈뱅킹입금이체|건수|금액,항목|계정항목별|금액구분코드별,천건|십억원,「지급결제통계」,한국은행 금융결제국 한국은행 결제인프라안정팀,02-750-6548,
301,2006012,DT_603Y010,지급결제동향,Daily Trends of Payments and Settlement,한국은행 > 지급결제통계 > 회계시스템통계 > 지급결제동향,2026-09-13,월|분기|년,,,0,1,46,지급결제동향|총액결제|일반자금이체|증권거래자금|채권기관결제|오전차액|지로|어음교환|국고금수급|외환거래자금|콜거래시스템|기관간RP매매|차액결제|CD공동망|오후차액|당행대출|콜거래자금|증권대금동시결제|양도성예금증서매매|타행환공동망|기타|국공채거래|어음매매|외환동시결제|직불카드공동망|대기거래|간접투자증권|CMS공동망|주식기관결제|지방은행공동망|담보콜|전자화폐공동망|은행채발행|전자금융공동망|양도성예금증서발행|B2C|장내국채거래|B2B|전자단기사채|전자어음|전자정보교환자기앞수표|전자정보교환어음|실시간자기앞수표정보교환|어음교환(오전)|국가간ATM 국가간QR|건수|금액,항목|계정항목별|구분코드별,건|백만원,「지급결제통계」,한국은행 금융결제국 한국은행 결제인프라안정팀,02-750-6548,"1) 2026년 4월 국가간QR지급서비스가 개시됨에 따라, 26년 4월 통계부터 국가간ATM과 국가간QR의 차액결제가 함께 처리됨. 이에 '국가간ATM공동망'의 계정항목명이 '국가간ATM, 국가간QR'로 변경."
301,2006012,DT_603Y001,한은금융망결제통계표,Payments through BOK-Wire,한국은행 > 지급결제통계 > 회계시스템통계 > 한은금융망결제통계표,2026-09-13,월|분기|년,,,0,1,32,한은금융망결제통계표|원화자금이체|자금이체|총액결제|금융기관간|오전반일물콜|오전차액|국고금 (회수)|당행대출 (회수)|국공채 (상환)|오후반일물콜|본지점간|차액결제|오후차액|국고금수급|국고금 (공급)|당행대출 (공급)|국공채 (발행)|외화자금이체(백만달러)|지정시점없는 반일물콜|수취인지정|당행대출|국공채 (RP매각)|기일물콜|연계결제|국공채거래|국공채 (RP매입)|예약자금이체|당행계정간|증권대금이체|외환동시결제|건수|금액,항목|계정항목별|구분코드별,건|백만원,「지급결제통계」,한국은행 금융결제국 한국은행 결제인프라안정팀,02-750-6548,
301,1976015,DT_641Y001,한국은행 원화대출금,Loans and Discounts in Won of the BOK(End of),한국은행 > 통화금융통계 > 한국은행 주요계정 및 기준금리 > 한국은행 원화대출금,2026-09-13,월|분기|년,,,0,1,12,한국은행 원화대출금|원화대출금(계)|금융중개지원대출|지방중소기업지원 프로그램|유동성조절대출|일시부족자금(일시한도(B2))|일반자금|상업어음할인|무역금융|농업자금|수산자금|비료인수자금|기타,항목|계정항목별,,「통화금융통계」,한국은행 경제통계1 금융통계,02-759-4376,지방중소기업지원 프로그램의 경우 2022년 6월까지는 한도유보분(재해복구특별지원) 포함
301,1976015,DT_103Y002,한국은행 주요계정(말잔),Main Accounts of the Bank of Korea(End of),한국은행 > 통화금융통계 > 한국은행 주요계정 및 기준금리 > 한국은행 주요계정(말잔),2026-09-13,월|분기|년,,,0,1,37,한국은행 주요계정(말잔)|자산합계|국내자산|현금|국채|정부대행기관|지금은|국내부채|화폐발행잔액|은행금융기관지준예금|비거주자예금|대출금|외국증권|부채합계|예금계|비은행금융기관예금|국외부채|IMF특별인출권배분|유가증권|국외자산|외화예치금|중앙정부예금|출자증권발행|자본|대정부대출금|IMF특별인출권보유|특수자금융자기금|기타국외부채|고정자산|국제금융기구출자금|통화안정증권발행|환매조건부채권매입|기타국외자산|환매조건부채권매각|기타국내자산|통화안정계정|충당금|기타국내부채,항목|계정항목별,,「통화금융통계」,한국은행 경제통계1 금융통계,02-759-4376,"1) 현금 = 국고수표, 국고영수증, 타점권을 포함 || 2) 유가증권 = 정부보증채 포함 || 3) 고정자산내 한국외환은행 및 한국수출입은행에 대한 출자금 등을 포함 || 4) 국내자산의 기타 = 국내본지점대, 가지급금, 외환평가조정금(차변잔액), 외화예탁금 등 || 5) 국제금융기구 출자금 내 출자증권 포함 || 6) 중앙정부예금내 국민투자기금예금 및 재형저축장려금기금예금을 포함 || 7) 통화안정계정은 경쟁입찰방식의 통화안정계정(2010년 10월부터 시행) || 8) 국내부채의 기타 = 국내본지점차, 가수금, 수입보증금 및 외환평가조정금(대변잔액) 등 || 9) 비거주자예금 = IMF 등 외국기관의 원화예금 || 10) 자본금 = 법정적립금과 임의적립금의 합계 || 11) 기타유동자산(부채) 등의 회계처리기준 변경을 반영하여 과거 시계열이 일부 수정되었음(2013.2월 수치 발표시) || 12) 국내자산>대출금에 외화대출 포함 || 13) 국내부채>통화안정증권발행은 순장부가 기준. 2009.6월 통합발행 실시로 할인·할증발행차금이 발생하여 이후 액면가와 차이 발생 || 14) 기초자료 보완으로 인한 과거 시계열 일부 수정(2023.9월 수치 발표시)"
301,1976017,DT_200Y101,주요지표(연간지표),Main Annual Indicators (reference year 2020),한국은행 > 국민계정 > 국민계정(2020년기준) > 주요지표 > 주요지표(연간지표),2026-09-13,년,,,0,1,113,주요지표(연간지표)|경제규모 및 국민소득(명목)|국내총생산(명목 원화표시)|국내총생산(실질성장률)|농림어업|최종소비지출(실질증감률)|민간|총고정자본형성(민간)|(재화)|농림어업(생산구조-명목)|국내총생산(명목성장률)|피용자보수|최종소비지출(지출구조-명목)|가계|요소소득별|총본원소득(GNI)의분배|제도부문별|가계총처분가능소득|총저축률|총수출|(등락률)|국내총생산(명목 달러표시)|경제활동별 성장률(실질)|광공업|국내총소득|정부|총고정자본형성|총고정자본형성(정부)|총영업잉여|총처분가능소득(GNDI)의분배|기업 및 재산소득|기업|실질가계총처분가능소득|(가계 및 비영리단체)|국내총투자율|국민총소득(명목 원화표시)|(제조업)|국민총소득|지출항목별 증감률(실질)|건설투자|재화와 서비스의 수출|순생산 및 수입세|고정자본소모|총조정처분가능소득의분배|가계총저축|(기업)|(국내총고정투자율)|(서비스)|국민총소득(명목 달러표시)|전기 가스 및 수도사업|(건물건설)|재화와 서비스의 수입|부가가치 항목별 증감률(명목)|(공제)재화와 서비스의 수입|생산 및 수입세 (공제)보조금|피용자보수비율|(가계순저축률)|총수입|요소비용국민소득(명목)|건설업|(토목건설)|생산구조(명목 총기초가격 부가가치 기준)|국외순수취경상이전|가계총처분가능소득 및 가계총저축|국민처분가능소득(명목)|서비스업|설비투자|지출구조(명목 국내총생산에 대한 지출)|국민총처분가능소득(명목)|순생산물세|(기계류)|분배구조|가계총처분가능소득(명목)|(운송장비)|총저축과 총투자(명목)|1인당 국내총생산(명목 원화표시)|지식재산생산물투자|수출입의 대 GNI 비율(명목)|1인당 국내총생산(명목 달러표시)|GDP 디플레이터|1인당 국민총소득(명목 원화표시)|1인당 국민총소득(명목 달러표시)|1인당 가계총처분가능소득(명목 원화표시)|1인당 가계총처분가능소득(명목 달러표시),항목|계정항목별,십억원|%|억달러|만원|달러|2020=100,「국민계정」,한국은행  경제통계국 국외투자통계팀,02-759-4383,"(1) 연간 잠정치 : 해당 연도 종료 후 3개월 내에 국민소득(잠정), 6개월 내에 국민계정(잠정)이 공표, 연간확정 : 해당 연도 종료 후 18개월 이내. 연간잠정 시에는 일부 기초자료를 이용하지 못함에 따라 추후 공표될 연간확정과 차이가 있을 수 있으며 시계열 분석 시 유의바람 || (2) 전기, 가스 및 수도사업은 하수 및 폐기물 처리, 원료재생업 포함 || (3) 서비스업은 도소매 및 숙박음식업, 운수업, 금융 및 보험업, 부동산업, 정보통신업, 사업서비스업, 공공행정, 국방 및 사회보장, 교육서비스업, 의료, 보건업 및 사회복지서비스업, 문화 및 기타 서비스업을 포함 || (4) 순생산물세 : 생산물세에서 생산물보조금을 차감하여 계산 || (5) 재화 : f.o.b.(본선인도가격) 기준 || (6) 총저축률 : (제도부문별 총저축 / 국민총처분가능소득) × 100 || (7) 가계 및 비영리단체는 가계(민간 비법인기업 포함) 및 가계에 봉사하는 비영리단체를 포괄 || (8) 가계순저축률 : [가계 순저축 / (가계 순조정처분가능소득 + 연금기금의 가계순지분 증감)] × 100 || (9) 총수출 : 국외수취요소소득 포함, 총수입 : 국외지급요소소득 포함 || (10) 종전 ""노동소득분배율"" 명칭을 2022.6.30일부터 ""피용자보수비율""로 변경 || (11) 실질 가계총처분가능소득 : (가계 총처분가능소득 / 민간소비 디플레이터) × 100 || (12) 총영업잉여는 영업잉여와 고정자본소모를 합하여 계산 || (13) 순생산 및 수입세는 생산 및 수입세에서 보조금을 차감하여 계산"
301,1976017,DT_200Y102,주요지표(분기지표),Main Quarterly Indicators  (reference year 2020),한국은행 > 국민계정 > 국민계정(2020년기준) > 주요지표 > 주요지표(분기지표),2026-09-13,분기,,,0,1,68,주요지표(분기지표)|실질 국내총생산과 지출(계절조정 전기비)|경제활동별 성장률(실질 계절조정 전기비)|국내총생산(GDP)(실질 계절조정 전기비)|국내총생산에 대한 지출(실질 계절조정 전기비)|경제활동별 성장률(실질 원계열 전년동기비)|국내총생산(GDP)(실질 원계열 전년동기비)|국내총생산에 대한 지출(실질 원계열 전년동기비)|계절조정(전기비)|명목 GNI(전기비)|명목 GNI(전년동기비)|총저축률|부가가치 항목별 증감률(명목 계절조정 전기비)|국내총생산(GDP)(명목 계절조정 전기비)|부가가치 항목별 증감률(명목 원계열 전년동기비)|국내총생산(GDP)(명목 원계열 전년동기비)|가계총처분가능소득(계절조정계열)|비농림어업GDP|지출항목별 증감률(실질 계절조정 전기비)|민간소비|실질 국내총생산과 지출(원계열 전년동기비)|농림어업|지출항목별 증감률(실질 원계열 전년동기비)|실질 GNI(전기비)|원계열(전년동기비)|실질 GNI(전년동기비)|국내총투자율|피용자보수|가계총처분가능소득(원계열)|정부소비|제조업|(가계순저축률)|부가가치 항목별 명목 국내총생산(계절조정 전기비)|총영업잉여|실질가계총처분가능소득(계절조정계열)|설비투자|전기 가스 및 수도사업|순생산 및 수입세|부가가치 항목별 명목 국내총생산(원계열 전년동기비)|실질가계총처분가능소득(원계열)|건설업|건설투자|국민총소득 증감률|가계총저축(계절조정계열)|서비스업|재화수출|가계총처분가능소득 및 가계총저축|가계총저축(원계열)|ICT산업|재화수입|GDP 디플레이터 등락률(원계열 전년동기비)|비ICT산업|내수(재고제외)|총저축 및 총투자(명목 계절조정)|수출입의 대 GNI 비율(명목 계절조정),항목|계정항목별,%|십억원,「국민계정」,한국은행  경제통계국 국외투자통계팀,02-759-4383,"(1) 분기속보 : 해당 분기 종료 후 28일 이내, 분기잠정 : 해당 분기 종료 후 70일 이내(일부 항목은 분기 잠정에만 공표) || (2) 연간 잠정치 : 해당 연도 종료 후 3개월 내에 국민소득(잠정), 6개월 내에 국민계정(잠정)이 공표, 연간확정 : 해당 연도 종료 후 18개월 이내. 연간잠정 시에는 일부 기초자료를 이용하지 못함에 따라 추후 공표될 연간확정과 차이가 있을 수 있으며 시계열 분석 시 유의바람 || (3) 전기, 가스 및 수도사업은 하수 및 폐기물처리, 원료재생업 포함 || (4) 서비스업은 도소매 및 숙박음식업, 운수업, 금융 및 보험업, 부동산업, 정보통신업, 사업서비스업, 공공행정, 국방 및 사회보장, 교육서비스업, 의료, 보건업 및 사회복지서비스업, 문화 및 기타 서비스업을 포함 || (5) 총저축률 : (제도부문별 총저축 / 국민총처분가능소득) × 100"
301,1976017,DT_200Y103,"경제활동별 GDP 및 GNI(계절조정, 명목, 분기)","GDP and GNI by Economic Activities (seasonally adjusted, current prices, quarterly)","한국은행 > 국민계정 > 국민계정(2020년기준) > 경제활동별, 지출항목별, 부가가치항목별 규모 > 경제활동별 GDP 및 GNI(계절조정, 명목, 분기)",2026-09-13,분기,,,0,1,51,경제활동별 GDP 및 GNI(계절조정 명목 분기)|농림어업|광업|음식료품 제조업|전기업|주거용 건물 건설업|건물건설 및 건축보수업|도소매 및 숙박음식업|도소매업|예술 스포츠 및 여가관련 서비스업|통신업|전문 과학 및 기술관련 서비스업|제조업|섬유 및 가죽제품 제조업|가스 증기 및 공기조절 공급업|비주거용 건물 건설업|토목건설업|숙박 및 음식점업|운수업|기타 서비스업|출판 방송 영상 정보서비스|사업지원 서비스업|광공업|목재 종이 인쇄 및 복제업|전기 가스 및 수도사업|수도 하수 및 폐기물 처리 원료 재생업|건축보수업|금융 및 보험업|코크스 및 석유정제품 제조업|건설업|부동산업|화학물질 및 화학제품 제조업|정보통신업|서비스업|비금속광물제품 제조업|사업서비스업|총부가가치(기초가격)|1차금속 제조업|공공행정 국방 및 사회보장|순생산물세|금속가공제품 제조업|교육서비스업|국내총생산(시장가격 GDP)|컴퓨터 전자 및 광학기기 제조업|의료 보건업 및 사회복지서비스업|국외순수취요소소득|전기장비 제조업|문화 및 기타 서비스업|국민총소득(GNI)|기계 및 장비 제조업|운송장비 제조업|기타 제조업 및 산업용 장비 수리업,항목|계정항목별,,「국민계정」,한국은행  경제통계국 국외투자통계팀,02-759-4383,"(1) 분기속보 : 해당 분기 종료 후 28일 이내, 분기잠정 : 해당 분기 종료 후 70일 이내 || (2) 연간 잠정치 : 해당 연도 종료 후 3개월 내에 국민소득(잠정), 6개월 내에 국민계정(잠정)이 공표, 연간확정 : 해당 연도 종료 후 18개월 이내. 연간잠정 시에는 일부 기초자료를 이용하지 못함에 따라 추후 공표될 연간확정과 차이가 있을 수 있으며 시계열 분석 시 유의바람 || (3) 순생산물세 : 생산물세에서 생산물보조금을 차감하여 계산 || (4) 산업별 금액은 총부가가치(기초가격) 기준"
301,1976017,DT_200Y104,"경제활동별 GDP 및 GNI(계절조정, 실질, 분기)","GDP and GNI by Economic Activities (seasonally adjusted, chained 2020 year prices, quarterly)","한국은행 > 국민계정 > 국민계정(2020년기준) > 경제활동별, 지출항목별, 부가가치항목별 규모 > 경제활동별 GDP 및 GNI(계절조정, 실질, 분기)",2026-09-13,분기,,,0,1,53,경제활동별 GDP 및 GNI(계절조정 실질 분기)|농림어업|광업|음식료품 제조업|전기업|주거용 건물 건설업|건물건설 및 건축보수업|도소매 및 숙박음식업|도소매업|예술 스포츠 및 여가관련 서비스업|통신업|전문 과학 및 기술관련 서비스업|제조업|섬유 및 가죽제품 제조업|가스 증기 및 공기조절 공급업|비주거용 건물 건설업|토목건설업|숙박 및 음식점업|운수업|기타 서비스업|출판 방송 영상 정보서비스|사업지원 서비스업|광공업|목재 종이 인쇄 및 복제업|전기 가스 및 수도사업|수도 하수 및 폐기물 처리 원료 재생업|건축보수업|금융 및 보험업|코크스 및 석유정제품 제조업|건설업|부동산업|화학물질 및 화학제품 제조업|정보통신업|서비스업|비금속광물제품 제조업|사업서비스업|총부가가치(기초가격)|1차금속 제조업|공공행정 국방 및 사회보장|순생산물세|금속가공제품 제조업|교육서비스업|국내총생산(시장가격 GDP)|컴퓨터 전자 및 광학기기 제조업|의료 보건업 및 사회복지서비스업|교역조건 변화를 반영한 실질무역손익|전기장비 제조업|문화 및 기타 서비스업|국내총소득(GDI)|기계 및 장비 제조업|국외순수취요소소득|운송장비 제조업|국민총소득(GNI)|기타 제조업 및 산업용 장비 수리업,항목|계정항목별,,「국민계정」,한국은행  경제통계국 국외투자통계팀,02-759-4383,"(1) 분기속보 : 해당 분기 종료 후 28일 이내, 분기잠정 : 해당 분기 종료 후 70일 이내 || (2) 연간 잠정치 : 해당 연도 종료 후 3개월 내에 국민소득(잠정), 6개월 내에 국민계정(잠정)이 공표, 연간확정 : 해당 연도 종료 후 18개월 이내. 연간잠정 시에는 일부 기초자료를 이용하지 못함에 따라 추후 공표될 연간확정과 차이가 있을 수 있으며 시계열 분석 시 유의바람 || (3) 연쇄가중법에 의해 추계된 실질 GDP통계는 비가법적 특성에 의해 총량(또는 상위부문) 금액과 그 구성항목 금액의 합이 일치하지 않음 || (4) 개별 구성항목의 연쇄금액은 구성항목 내에서의 상대적 중요도를 정확하게 반영하지 못할 수 있으므로 상대비교 시에는 주의를 요함. 각 구성항목의 기여도는 2.1.5. GDP에 대한 성장기여도를 참조 || (5) 순생산물세 : 생산물세에서 생산물보조금을 차감하여 계산 || (6) 산업별 금액은 총부가가치(기초가격) 기준"
301,1976017,DT_200Y105,"경제활동별 GDP 및 GNI(원계열, 명목, 분기 및 연간)","GDP and GNI by Economic Activities (not seasonally adjusted, current prices, quarterly & annual)","한국은행 > 국민계정 > 국민계정(2020년기준) > 경제활동별, 지출항목별, 부가가치항목별 규모 > 경제활동별 GDP 및 GNI(원계열, 명목, 분기 및 연간)",2026-09-13,분기|년,,,0,1,55,경제활동별 GDP 및 GNI(원계열 명목 분기 및 연간)|농림어업|재배업|광업|음식료품 제조업|전기업|주거용 건물 건설업|건물건설 및 건축보수업|도소매 및 숙박음식업|도소매업|예술 스포츠 및 여가관련 서비스업|통신업|전문 과학 및 기술관련 서비스업|축산업|제조업|섬유 및 가죽제품 제조업|가스 증기 및 공기조절 공급업|비주거용 건물 건설업|토목건설업|숙박 및 음식점업|운수업|기타 서비스업|출판 방송 영상 정보서비스|사업지원 서비스업|광공업|임업|목재 종이 인쇄 및 복제업|전기 가스 및 수도사업|수도 하수 및 폐기물 처리 원료 재생업|건축보수업|금융 및 보험업|어업|코크스 및 석유정제품 제조업|건설업|부동산업|화학물질 및 화학제품 제조업|정보통신업|서비스업|비금속광물제품 제조업|사업서비스업|총부가가치(기초가격)|1차금속 제조업|공공행정 국방 및 사회보장|순생산물세|금속가공제품 제조업|교육서비스업|국내총생산(시장가격 GDP)|컴퓨터 전자 및 광학기기 제조업|의료 보건업 및 사회복지서비스업|국외순수취요소소득|전기장비 제조업|문화 및 기타 서비스업|국민총소득(GNI)|기계 및 장비 제조업|운송장비 제조업|기타 제조업 및 산업용 장비 수리업,항목|계정항목별,,「국민계정」,한국은행  경제통계국 국외투자통계팀,02-759-4383,"(1) 분기속보 : 해당 분기 종료 후 28일 이내, 분기잠정 : 해당 분기 종료 후 70일 이내 || (2) 연간 잠정치 : 해당 연도 종료 후 3개월 내에 국민소득(잠정), 6개월 내에 국민계정(잠정)이 공표, 연간확정 : 해당 연도 종료 후 18개월 이내. 연간잠정 시에는 일부 기초자료를 이용하지 못함에 따라 추후 공표될 연간확정과 차이가 있을 수 있으며 시계열 분석 시 유의바람 || (3) 순생산물세 : 생산물세에서 생산물보조금을 차감하여 계산 || (4) 산업별 금액은 총부가가치(기초가격) 기준"
301,1976017,DT_200Y106,"경제활동별 GDP 및 GNI(원계열, 실질, 분기 및 연간)","GDP and GNI by Economic Activities (not seasonally adjusted, chained 2020 year prices, quarterly & annual)","한국은행 > 국민계정 > 국민계정(2020년기준) > 경제활동별, 지출항목별, 부가가치항목별 규모 > 경제활동별 GDP 및 GNI(원계열, 실질, 분기 및 연간)",2026-09-13,분기|년,,,0,1,57,경제활동별 GDP 및 GNI(원계열 실질 분기 및 연간)|농림어업|재배업|광업|음식료품 제조업|전기업|주거용 건물 건설업|건물건설 및 건축보수업|도소매 및 숙박음식업|도소매업|예술 스포츠 및 여가관련 서비스업|통신업|전문 과학 및 기술관련 서비스업|축산업|제조업|섬유 및 가죽제품 제조업|가스 증기 및 공기조절 공급업|비주거용 건물 건설업|토목건설업|숙박 및 음식점업|운수업|기타 서비스업|출판 방송 영상 정보서비스|광공업|사업지원 서비스업|임업|목재 종이 인쇄 및 복제업|전기 가스 및 수도사업|수도 하수 및 폐기물 처리 원료 재생업|건축보수업|금융 및 보험업|어업|코크스 및 석유정제품 제조업|건설업|부동산업|화학물질 및 화학제품 제조업|정보통신업|서비스업|비금속광물제품 제조업|사업서비스업|총부가가치(기초가격)|1차금속 제조업|공공행정 국방 및 사회보장|순생산물세|금속가공제품 제조업|교육서비스업|국내총생산(시장가격 GDP)|컴퓨터 전자 및 광학기기 제조업|의료 보건업 및 사회복지서비스업|교역조건 변화를 반영한 실질무역손익|전기장비 제조업|문화 및 기타 서비스업|국내총소득(GDI)|기계 및 장비 제조업|국외순수취요소소득|운송장비 제조업|국민총소득(GNI)|기타 제조업 및 산업용 장비 수리업,항목|계정항목별,,「국민계정」,한국은행  경제통계국 국외투자통계팀,02-759-4383,"(1) 분기속보 : 해당 분기 종료 후 28일 이내, 분기잠정 : 해당 분기 종료 후 70일 이내 || (2) 연간 잠정치 : 해당 연도 종료 후 3개월 내에 국민소득(잠정), 6개월 내에 국민계정(잠정)이 공표, 연간확정 : 해당 연도 종료 후 18개월 이내. 연간잠정 시에는 일부 기초자료를 이용하지 못함에 따라 추후 공표될 연간확정과 차이가 있을 수 있으며 시계열 분석 시 유의바람 || (3) 연쇄가중법에 의해 추계된 실질 GDP통계는 비가법적 특성에 의해 총량(또는 상위부문) 금액과 그 구성항목 금액의 합이 일치하지 않음 || (4) 개별 구성항목의 연쇄금액은 구성항목 내에서의 상대적 중요도를 정확하게 반영하지 못할 수 있으므로 상대비교 시에는 주의를 요함. 각 구성항목의 기여도는 2.1.5. GDP에 대한 성장기여도를 참조 || (5) 순생산물세 : 생산물세에서 생산물보조금을 차감하여 계산 || (6) 산업별 금액은 총부가가치(기초가격) 기준"
301,1976017,DT_200Y107,"국내총생산에 대한 지출(계절조정, 명목, 분기)","Expenditures on GDP (seasonally adjusted, current prices, quarterly)","한국은행 > 국민계정 > 국민계정(2020년기준) > 경제활동별, 지출항목별, 부가가치항목별 규모 > 국내총생산에 대한 지출(계절조정, 명목, 분기)",2026-09-13,분기,,,0,1,21,국내총생산에 대한 지출(계절조정 명목 분기)|최종소비지출|민간|가계|총고정자본형성|총고정자본형성(민간)|(재화)F.O.B. 기준|가계에 봉사하는 비영리단체|정부|총자본형성|총고정자본형성(정부)|재고증감 및 귀중품 순취득|(서비스)|건설투자|재화와 서비스의 수출|설비투자|(공제)재화와 서비스의 수입|지식재산생산물투자|통계상 불일치|국내총생산에 대한 지출,항목|계정항목별,,「국민계정」,한국은행  경제통계국 국외투자통계팀,02-759-4383,"(1) 분기속보 : 해당 분기 종료 후 28일 이내, 분기잠정 : 해당 분기 종료 후 70일 이내 || (2) 연간 잠정치 : 해당 연도 종료 후 3개월 내에 국민소득(잠정), 6개월 내에 국민계정(잠정)이 공표 || , 연간확정 : 해당 연도 종료 후 18개월 이내. 연간잠정 시에는 일부 기초자료를 이용하지 못함에 따라 추후 공표될 연간확정과 차이가 있을 수 있으며 시계열 분석 시 유의바람"
301,1976017,DT_200Y108,"국내총생산에 대한 지출(계절조정, 실질, 분기)","Expenditures on GDP (seasonally adjusted, chained 2020 year prices, quarterly)","한국은행 > 국민계정 > 국민계정(2020년기준) > 경제활동별, 지출항목별, 부가가치항목별 규모 > 국내총생산에 대한 지출(계절조정, 실질, 분기)",2026-09-13,분기,,,0,1,21,국내총생산에 대한 지출(계절조정 실질 분기)|최종소비지출|민간|가계|총고정자본형성|총고정자본형성(민간)|(재화)F.O.B. 기준|가계에 봉사하는 비영리단체|정부|총자본형성|총고정자본형성(정부)|재고증감 및 귀중품 순취득|(서비스)|건설투자|재화와 서비스의 수출|설비투자|(공제)재화와 서비스의 수입|지식재산생산물투자|통계상 불일치|국내총생산에 대한 지출,항목|계정항목별,,「국민계정」,한국은행  경제통계국 국외투자통계팀,02-759-4383,"(1) 분기속보 : 해당 분기 종료 후 28일 이내, 분기잠정 : 해당 분기 종료 후 70일 이내 || (2) 연간 잠정치 : 해당 연도 종료 후 3개월 내에 국민소득(잠정), 6개월 내에 국민계정(잠정)이 공표 || , 연간확정 : 해당 연도 종료 후 18개월 이내. 연간잠정 시에는 일부 기초자료를 이용하지 못함에 따라 추후 공표될 연간확정과 차이가 있을 수 있으며 시계열 분석 시 유의바람 || (3) 연쇄가중법에 의해 추계된 실질 GDP통계는 비가법적 특성에 의해 총량(또는 상위부문) 금액과 그 구성항목 금액의 합이 일치하지 않음 || (4) 개별 구성항목의 연쇄금액은 구성항목 내에서의 상대적 중요도를 정확하게 반영하지 못할 수 있으므로 상대비교 시에는 주의를 요함. 각 구성항목의 기여도는 2.1.5. GDP에 대한 성장기여도를 참조"
301,1976017,DT_200Y109,"국내총생산에 대한 지출(원계열, 명목, 분기 및 연간)","Expenditures on GDP (not seasonally adjusted, current prices, quarterly & annual)","한국은행 > 국민계정 > 국민계정(2020년기준) > 경제활동별, 지출항목별, 부가가치항목별 규모 > 국내총생산에 대한 지출(원계열, 명목, 분기 및 연간)",2026-09-13,분기|년,,,0,1,21,국내총생산에 대한 지출(원계열 명목 분기 및 연간)|최종소비지출|민간|가계|총고정자본형성|총고정자본형성(민간)|(재화)F.O.B. 기준|가계에 봉사하는 비영리단체|정부|총자본형성|총고정자본형성(정부)|재고증감 및 귀중품 순취득|(서비스)|건설투자|재화와 서비스의 수출|설비투자|(공제)재화와 서비스의 수입|지식재산생산물투자|통계상 불일치|국내총생산에 대한 지출,항목|계정항목별,,「국민계정」,한국은행  경제통계국 국외투자통계팀,02-759-4383,"(1) 분기속보 : 해당 분기 종료 후 28일 이내, 분기잠정 : 해당 분기 종료 후 70일 이내 || (2) 연간 잠정치 : 해당 연도 종료 후 3개월 내에 국민소득(잠정), 6개월 내에 국민계정(잠정)이 공표 || , 연간확정 : 해당 연도 종료 후 18개월 이내. 연간잠정 시에는 일부 기초자료를 이용하지 못함에 따라 추후 공표될 연간확정과 차이가 있을 수 있으며 시계열 분석 시 유의바람"
301,1976017,DT_200Y110,"국내총생산에 대한 지출(원계열, 실질, 분기 및 연간)","Expenditures on GDP (not seasonally adjusted, chained 2020 year prices, quarterly & annual)","한국은행 > 국민계정 > 국민계정(2020년기준) > 경제활동별, 지출항목별, 부가가치항목별 규모 > 국내총생산에 대한 지출(원계열, 실질, 분기 및 연간)",2026-09-13,분기|년,,,0,1,21,국내총생산에 대한 지출(원계열 실질 분기 및 연간)|최종소비지출|민간|가계|총고정자본형성|총고정자본형성(민간)|(재화)F.O.B. 기준|가계에 봉사하는 비영리단체|정부|총자본형성|총고정자본형성(정부)|재고증감 및 귀중품 순취득|(서비스)|건설투자|재화와 서비스의 수출|설비투자|(공제)재화와 서비스의 수입|지식재산생산물투자|통계상 불일치|국내총생산에 대한 지출,항목|계정항목별,,「국민계정」,한국은행  경제통계국 국외투자통계팀,02-759-4383,"(1) 분기속보 : 해당 분기 종료 후 28일 이내, 분기잠정 : 해당 분기 종료 후 70일 이내 || (2) 연간 잠정치 : 해당 연도 종료 후 3개월 내에 국민소득(잠정), 6개월 내에 국민계정(잠정)이 공표 || , 연간확정 : 해당 연도 종료 후 18개월 이내. 연간잠정 시에는 일부 기초자료를 이용하지 못함에 따라 추후 공표될 연간확정과 차이가 있을 수 있으며 시계열 분석 시 유의바람 || (3) 연쇄가중법에 의해 추계된 실질 GDP통계는 비가법적 특성에 의해 총량(또는 상위부문) 금액과 그 구성항목 금액의 합이 일치하지 않음 || (4) 개별 구성항목의 연쇄금액은 구성항목 내에서의 상대적 중요도를 정확하게 반영하지 못할 수 있으므로 상대비교 시에는 주의를 요함. 각 구성항목의 기여도는 2.1.5. GDP에 대한 성장기여도를 참조"
301,1976017,DT_200Y160,"부가가치 항목별 명목 GDP(계절조정, 명목, 분기)","Nominal GDP by components of value added(seasonally adjusted, current prices, quarterly)","한국은행 > 국민계정 > 국민계정(2020년기준) > 경제활동별, 지출항목별, 부가가치항목별 규모 > 부가가치 항목별 명목 GDP(계절조정, 명목, 분기)",2026-09-13,분기,,,0,1,4,부가가치 항목별 명목 GDP(계절조정 명목 분기)|피용자보수|총영업잉여|순생산 및 수입세|명목 국내총생산,항목|계정항목별,,「국민계정」,한국은행  경제통계국 국외투자통계팀,02-759-4383,"(1) 분기잠정 : 해당 분기 종료 후 70일 이내 || (2) 연간 잠정치 : 해당 연도 종료 후 3개월 내에 국민소득(잠정), 6개월 내에 국민계정(잠정)이 공표, 연간확정 : 해당 연도 종료 후 18개월 이내. 연간잠정 시에는 일부 기초자료를 이용하지 못함에 따라 추후 공표될 연간확정과 차이가 있을 수 있으며 시계열 분석 시 유의바람"
301,1976017,DT_200Y161,"부가가치 항목별 명목 GDP(원계열, 명목, 분기 및 연간)","Nominal GDP by components of value added(not seasonally adjusted, current prices, quarterly and annual)","한국은행 > 국민계정 > 국민계정(2020년기준) > 경제활동별, 지출항목별, 부가가치항목별 규모 > 부가가치 항목별 명목 GDP(원계열, 명목, 분기 및 연간)",2026-09-13,분기|년,,,0,1,4,부가가치 항목별 명목 GDP(원계열 명목 분기 및 연간)|피용자보수|총영업잉여|순생산 및 수입세|명목 국내총생산,항목|계정항목별,,「국민계정」,한국은행  경제통계국 국외투자통계팀,02-759-4383,"(1) 분기잠정 : 해당 분기 종료 후 70일 이내 || (2) 연간 잠정치 : 해당 연도 종료 후 3개월 내에 국민소득(잠정), 6개월 내에 국민계정(잠정)이 공표, 연간확정 : 해당 연도 종료 후 18개월 이내. 연간잠정 시에는 일부 기초자료를 이용하지 못함에 따라 추후 공표될 연간확정과 차이가 있을 수 있으며 시계열 분석 시 유의바람"
301,1976017,DT_200Y111,경제활동별 국내총생산 디플레이터(분기 및 연간),"GDP Deflator by Economic Activities (not seasonally adjusted, quarterly & annual)","한국은행 > 국민계정 > 국민계정(2020년기준) > 경제활동별, 지출항목별, 부가가치항목별 규모 > 경제활동별 국내총생산 디플레이터(분기 및 연간)",2026-09-13,분기|년,,,0,1,18,경제활동별 국내총생산 디플레이터(분기 및 연간)|농림어업|광업|제조업|전기 가스 및 수도사업|건설업|도소매 및 숙박음식업|운수업|금융 및 보험업|부동산업|정보통신업|사업서비스업|공공행정 국방 및 사회보장|교육서비스업|의료 보건업 및 사회복지서비스업|문화 및 기타 서비스업|총부가가치(기초가격)|순생산물세|국내총생산(시장가격),항목|계정항목별,,「국민계정」,한국은행  경제통계국 국외투자통계팀,02-759-4383,"(1) 분기속보 : 해당 분기 종료 후 28일 이내, 분기잠정 : 해당 분기 종료 후 70일 이내 || (2) 연간 잠정치 : 해당 연도 종료 후 3개월 내에 국민소득(잠정), 6개월 내에 국민계정(잠정)이 공표 || , 연간확정 : 해당 연도 종료 후 18개월 이내. 연간잠정 시에는 일부 기초자료를 이용하지 못함에 따라 추후 공표될 연간확정과 차이가 있을 수 있으며 시계열 분석 시 유의바람 || (3) 전기, 가스 및 수도사업은 하수 및 폐기물 처리, 원료재생업 포함 || (4) 순생산물세 : 생산물세에서 생산물보조금을 차감하여 계산"
301,1976017,DT_200Y112,국내총생산에 대한 지출 디플레이터(분기 및 연간),"GDP Deflator by Expenditures on GDP (not seasonally adjusted, quarterly & annual)","한국은행 > 국민계정 > 국민계정(2020년기준) > 경제활동별, 지출항목별, 부가가치항목별 규모 > 국내총생산에 대한 지출 디플레이터(분기 및 연간)",2026-09-13,분기|년,,,0,1,19,국내총생산에 대한 지출 디플레이터(분기 및 연간)|최종소비지출|민간|가계|총고정자본형성|총고정자본형성(민간)|(재화)F.O.B. 기준|가계에 봉사하는 비영리단체|정부|총자본형성|총고정자본형성(정부)|(서비스)|건설투자|재화와 서비스의 수출|설비투자|(공제)재화와 서비스의 수입|지식재산생산물투자|국내총생산에 대한 지출,항목|계정항목별,,「국민계정」,한국은행  경제통계국 국외투자통계팀,02-759-4383,"(1) 분기속보 : 해당 분기 종료 후 28일 이내, 분기잠정 : 해당 분기 종료 후 70일 이내 || (2) 연간 잠정치 : 해당 연도 종료 후 3개월 내에 국민소득(잠정), 6개월 내에 국민계정(잠정)이 공표 || , 연간확정 : 해당 연도 종료 후 18개월 이내. 연간잠정 시에는 일부 기초자료를 이용하지 못함에 따라 추후 공표될 연간확정과 차이가 있을 수 있으며 시계열 분석 시 유의바람"
301,1976017,DT_200Y113,"국내총생산과 지출(명목, 연간)","Gross Domestic Product and Expenditure (current prices, annual)","한국은행 > 국민계정 > 국민계정(2020년기준) > 생산 및 지출, 소득 및 처분, 자본거래, 국외거래(종합계정) > 국내총생산과 지출(명목, 연간)",2026-09-13,년,,,0,1,16,국내총생산과 지출(명목 연간)|피용자보수|국내총생산|민간최종소비지출|영업잉여|정부최종소비지출|국내총생산에대한지출|고정자본소모|총고정자본형성|국외순수취요소소득|생산 및 수입세|재고증감 및 귀중품순취득|국민총소득|(공제)보조금|재화와 서비스의 수출|(공제)재화와 서비스의 수입|통계상 불일치,항목|계정항목별,,「국민계정」,한국은행  경제통계국 국외투자통계팀,02-759-4383,"(1) 연간잠정 : 해당 연도 종료 후 6개월 이내, 연간확정 : 해당 연도 종료 후 18개월 이내. 연간잠정 시에는 일부 기초자료를 이용하지 못함에 따라 추후 공표될 연간확정과 차이가 있을 수 있으며 시계열 분석 시 유의바람"
301,1976017,DT_200Y114,"경제활동별 국내총부가가치와 요소소득(명목, 연간)","Gross Value Added and Factor Income by Economic Activities (current prices, annual)","한국은행 > 국민계정 > 국민계정(2020년기준) > 생산 및 지출, 소득 및 처분, 자본거래, 국외거래(종합계정) > 경제활동별 국내총부가가치와 요소소득(명목, 연간)",2026-09-13,년,,,0,1,37,경제활동별 국내총부가가치와 요소소득(명목 연간)|총산출|기타생산세 (공제)기타생산보조금|피용자보수|중간소비|고정자본소모|영업잉여|국내총부가가치|국내요소소득|농림어업|음식료품 제조업|광업|섬유 및 가죽제품 제조업|제조업|목재 종이 인쇄 및 복제업|코크스 및 석유정제품 제조업|전기 가스 및 수도사업|화학물질 및 화학제품 제조업|건설업|비금속광물제품 제조업|도소매 및 숙박음식업|1차금속 제조업|운수업|금속가공제품 제조업|금융 및 보험업|컴퓨터 전자 및 광학기기 제조업|부동산업|전기장비 제조업|정보통신업|기계 및 장비 제조업|사업서비스업|운송장비 제조업|공공행정 국방 및 사회보장|기타 제조업  및 산업용 장비 수리업|교육서비스업|의료 보건업 및 사회복지서비스업|문화 및 기타서비스업|합계,항목|금액구분코드별|계정항목별,,「국민계정」,한국은행  경제통계국 국외투자통계팀,02-759-4383,"(1) 연간확정 : 해당 연도 종료 후 18개월 이내 || (2) 전기, 가스 및 수도사업은 하수 및 폐기물 처리, 원료재생업 포함"
301,1976017,DT_200Y115,"국민처분가능소득과 처분(명목, 연간)","National Disposable Income and Its Appropriation (current prices, annual)","한국은행 > 국민계정 > 국민계정(2020년기준) > 생산 및 지출, 소득 및 처분, 자본거래, 국외거래(종합계정) > 국민처분가능소득과 처분(명목, 연간)",2026-09-13,년,,,0,1,16,국민처분가능소득과 처분(명목 연간)|민간최종소비지출|국민처분가능소득의 처분|피용자보수|정부최종소비지출|국외순수취피용자보수|국민처분가능소득|순저축|영업잉여|고정자본소모|국외순수취기업 및 재산소득|국민총처분가능소득|생산 및 수입세|요소비용 국민소득|(공제)보조금|시장가격 국민소득|국외순수취경상이전,항목|계정항목별,,「국민계정」,한국은행  경제통계국 국외투자통계팀,02-759-4383,"(1) 연간잠정 : 해당 연도 종료 후 6개월 이내, 연간확정 : 해당 연도 종료 후 18개월 이내. 연간잠정 시에는 일부 기초자료를 이용하지 못함에 따라 추후 공표될 연간확정과 차이가 있을 수 있으며 시계열 분석 시 유의바람"
301,1976017,DT_200Y116,"국민소득과 부문별 국민처분가능소득(명목, 연간)","National Income and National Disposable Income (current prices, annual)","한국은행 > 국민계정 > 국민계정(2020년기준) > 생산 및 지출, 소득 및 처분, 자본거래, 국외거래(종합계정) > 국민소득과 부문별 국민처분가능소득(명목, 연간)",2026-09-13,년,,,0,1,16,국민소득과 부문별 국민처분가능소득(명목 연간)|피용자보수|a.법인(금융기관포함)|요소비용국민소득|b.법인(금융기관포함)|c.법인(금융기관포함)|기업 및 재산소득|a.일반정부|(＋) 생산 및 수입세 (공제)보조금|b.일반정부|c.일반정부|a.가계 및 비영리단체|시장가격국민소득|b.가계 및 비영리단체|c.가계 및 비영리단체|(+)순수취경상이전|국민처분가능소득,항목|계정항목별,,「국민계정」,한국은행  경제통계국 국외투자통계팀,02-759-4383,"(1) 연간잠정 : 해당 연도 종료 후 6개월 이내, 연간확정 : 해당 연도 종료 후 18개월 이내. 연간잠정 시에는 일부 기초자료를 이용하지 못함에 따라 추후 공표될 연간확정과 차이가 있을 수 있으며 시계열 분석 시 유의바람 || (2) 가계 및 비영리단체는 가계(민간 비법인기업 포함) 및 가계에 봉사하는 비영리단체를 포괄"
301,1976017,DT_200Y117,"자본거래(명목, 연간)","Capital Transactions (current prices, annual)","한국은행 > 국민계정 > 국민계정(2020년기준) > 생산 및 지출, 소득 및 처분, 자본거래, 국외거래(종합계정) > 자본거래(명목, 연간)",2026-09-13,년,,,0,1,11,자본거래(명목 연간)|총고정자본형성|총자본축적|순저축|재고증감|고정자본소모|총자본조달|순자본이전|귀중품순취득|비생산비금융자산의 순취득|순대출(저축투자차액)|통계상 불일치,항목|계정항목별,,「국민계정」,한국은행  경제통계국 국외투자통계팀,02-759-4383,"(1) 연간잠정 : 해당 연도 종료 후 6개월 이내, 연간확정 : 해당 연도 종료 후 18개월 이내. 연간잠정 시에는 일부 기초자료를 이용하지 못함에 따라 추후 공표될 연간확정과 차이가 있을 수 있으며 시계열 분석 시 유의바람"
301,1976017,DT_200Y118,"경상거래(명목, 연간)","Current Transactions (current prices, annual)","한국은행 > 국민계정 > 국민계정(2020년기준) > 생산 및 지출, 소득 및 처분, 자본거래, 국외거래(종합계정) > 경상거래(명목, 연간)",2026-09-13,년,,,0,1,17,경상거래(명목 연간)|재화와 서비스의 수출|재화(F.O.B.)|국외로부터의 피용자보수|국외에 대한 피용자보수|서비스|국외수취요소소득|국외로부터의 기업 및 재산소득|국외에 대한 기업 및 재산소득|국외로부터의 경상이전|수취(A)|재화와 서비스의 수입|국외지급요소소득|국외에 대한 경상이전|지급(B)|경상계정잉여(C＝A-B),항목|계정항목별,,「국민계정」,한국은행  경제통계국 국외투자통계팀,02-759-4383,"(1) 연간잠정 : 해당 연도 종료 후 6개월 이내, 연간확정 : 해당 연도 종료 후 18개월 이내. 연간잠정 시에는 일부 기초자료를 이용하지 못함에 따라 추후 공표될 연간확정과 차이가 있을 수 있으며 시계열 분석 시 유의바람"
301,1976017,DT_200Y119,"자본거래(명목, 연간)","Capital Transactions (current prices, annual)","한국은행 > 국민계정 > 국민계정(2020년기준) > 생산 및 지출, 소득 및 처분, 자본거래, 국외거래(종합계정) > 자본거래(명목, 연간)",2026-09-13,년,,,0,1,7,자본거래(명목 연간)|경상계정잉여(A)|순자본이전(B)|(-)비생산 비금융자산의 순취득(C)|오차 및 누락(D＝E-(A+B-C))|자금과부족(E＝F-G)|국외금융자산순증(F)|국외부채순증(G),항목|계정항목별,,「국민계정」,한국은행  경제통계국 국외투자통계팀,02-759-4383,"(1) 연간잠정 : 해당 연도 종료 후 6개월 이내, 연간확정 : 해당 연도 종료 후 18개월 이내. 연간잠정 시에는 일부 기초자료를 이용하지 못함에 따라 추후 공표될 연간확정과 차이가 있을 수 있으며 시계열 분석 시 유의바람"
301,1976017,DT_200Y120,"제도부문별 생산계정(명목, 연간)","Production Accounts by Institutional Sectors (current prices, annual)","한국은행 > 국민계정 > 국민계정(2020년기준) > 제도부문별 생산, 소득, 자본계정 > 제도부문별 생산계정(명목, 연간)",2026-09-13,년,,,0,1,21,제도부문별 생산계정(명목 연간)|비금융법인(사용)|비금융법인(원천)|금융법인(사용)|금융법인(원천)|일반정부(사용)|일반정부(원천)|가계 및 비영리단체(사용)|가계 및 비영리단체(원천)|국내(사용)|국내(원천)|국외(사용)|국외(원천)|산출액|시장산출|중간소비|자가최종사용목적산출|순생산물세|기타 비시장산출|총부가가치(기초가격)|고정자본소모|순부가가치,항목|금액구분코드별|계정항목별,,「국민계정」,한국은행  경제통계국 국외투자통계팀,02-759-4383,(1) 연간확정 : 해당 연도 종료 후 18개월 이내 || (2) 가계 및 비영리단체는 가계(민간 비법인기업 포함) 및 가계에 봉사하는 비영리단체를 포괄
301,1976017,DT_200Y121,"제도부문별 소득계정(명목, 연간)","Income Accounts by Institutional Sectors (current prices, annual)","한국은행 > 국민계정 > 국민계정(2020년기준) > 제도부문별 생산, 소득, 자본계정 > 제도부문별 소득계정(명목, 연간)",2026-09-13,년,,,0,1,77,제도부문별 소득계정(명목 연간)|비금융법인(사용)|비금융법인(원천)|금융법인(사용)|금융법인(원천)|일반정부(사용)|일반정부(원천)|가계 및 비영리단체(사용)|가계 및 비영리단체(원천)|국내(사용)|국내(원천)|국외(사용)|국외(원천)|피용자보수(b)|임금및급여|고용주의 실제사회부담금(a)|(혼합소득)|생산물세|생산물보조금|이자|배당금|소득 부 등에 대한 경상세|소득세|고용주의 실제사회부담금(b)|사회보장수혜금|비생명보험의 순보험료|거주자|사회적현물이전|최종소비지출|소득발생계정|피용자보수(a)|본원소득분배계정|고용주의사회부담금|고용주의 의제사회부담금(a)|영업잉여(b)|(총혼합소득)|기타생산세(b)|기타생산보조금(b)|법인기업분배소득|준법인기업소득인출|기타경상세|사회부담금|고용주의 의제사회부담금(b)|기타사회보험수혜금|비생명보험의 보험금|국외|순조정처분가능소득|실제최종소비|영업잉여(a)|생산 및 수입세|국외직접투자에대한재투자수익|2차소득분배계정|가계의 사회부담금|사회수혜금|사회부조수혜금|그외기타경상이전(b)|총조정처분가능소득|연금기금의가계순지분증감조정|기타생산세(a)|보조금|투자소득지급|기타경상이전(a)|현물소득재분배계정|순저축|기타생산보조금(a)|재산소득|임료|순처분가능소득(NDI)|소득사용계정|총저축|고정자본소모|순본원소득잔액(NNI)|총처분가능소득(GNDI)|총부가가치(기초가격)|총본원소득잔액(GNI)|순생산물세|국내총생산(GDP)|국내순생산(NDP),항목|금액구분코드별|계정항목별,,「국민계정」,한국은행  경제통계국 국외투자통계팀,02-759-4383,"(1) 연간잠정 : 해당 연도 종료 후 6개월 이내, 연간확정 : 해당 연도 종료 후 18개월 이내. 연간잠정 시에는 일부 기초자료를 이용하지 못함에 따라 추후 공표될 연간확정과 차이가 있을 수 있으며 시계열 분석 시 유의바람 || (2) 가계 및 비영리단체는 가계(민간 비법인기업 포함) 및 가계에 봉사하는 비영리단체를 포괄 || (3) 순생산물세 : 생산물세에서 생산물보조금을 차감하여 계산"
301,1976017,DT_200Y162,"제도부문별 소득계정(명목, 분기)","Income Accounts by Institutional Sectors(current prices, quarterly)","한국은행 > 국민계정 > 국민계정(2020년기준) > 제도부문별 생산, 소득, 자본계정 > 제도부문별 소득계정(명목, 분기)",2026-09-13,분기,,,0,1,27,제도부문별 소득계정(명목 분기)|비금융법인(사용)|비금융법인(원천)|금융법인(사용)|금융법인(원천)|일반정부(사용)|일반정부(원천)|가계 및 비영리단체(사용)|가계 및 비영리단체(원천)|국내(사용)|국내(원천)|국외(사용)|국외(원천)|본원소득분배계정|피용자보수|소득 부 등에 대한 경상세|최종소비지출|총영업잉여|2차소득분배계정|사회부담금|총저축|순생산 및 수입세|사회수혜금|소득사용계정|재산소득|기타경상이전|총본원소득잔액(GNI)|총처분가능소득(GNDI),항목|금액구분코드별|계정항목별,,「국민계정」,한국은행  경제통계국 국외투자통계팀,02-759-4383,"(1) 연간잠정 : 해당 연도 종료 후 9개월 이내, 연간확정 : 해당 연도 종료 후 21개월 이내. 연간잠정 시에는 일부 기초자료를 이용하지 못함에 따라 추후 공표될 연간확정과 차이가 있을 수 있으며 시계열 분석 시 유의바람 || (2) 가계 및 비영리단체는 가계(민간 비법인기업 포함) 및 가계에 봉사하는 비영리단체를 포괄"
301,1976017,DT_200Y122,"제도부문별 자본계정(명목, 연간)","Capital Accounts by Institutional Sectors (current prices, annual)","한국은행 > 국민계정 > 국민계정(2020년기준) > 제도부문별 생산, 소득, 자본계정 > 제도부문별 자본계정(명목, 연간)",2026-09-13,년,,,0,1,22,제도부문별 자본계정(명목 연간)|비금융법인(자산증감)|비금융법인(부채및순자산증감)|금융법인(자산증감)|금융법인(부채및순자산증감)|일반정부(자산증감)|일반정부(부채및순자산증감)|가계 및 비영리단체(자산증감)|가계 및 비영리단체(부채및순자산증감)|국내(자산증감)|국내(부채및순자산증감)|국외(자산증감)|국외(부채및순자산증감)|순저축|국외경상수지|순자본이전|총고정자본형성|고정자본소모(-)|재고증감|귀중품순취득|비생산 비금융자산의 순취득|저축투자차액|저축 및 자본이전에 의한 순자산 증감,항목|금액구분코드별|계정항목별,,「국민계정」,한국은행  경제통계국 국외투자통계팀,02-759-4383,"(1) 연간확정 : 해당 연도 종료 후 18개월 이내, 연간잠정 : 해당연도 종료 후 9개월 이내 || (2) 가계 및 비영리단체는 가계(민간 비법인기업 포함) 및 가계에 봉사하는 비영리단체를 포괄"
301,1976017,DT_200Y123,"경제활동별 성장기여도(계절조정, 실질, 분기)","Contributions to Real GDP Growth by Economic Activities (seasonally adjusted, quarterly)","한국은행 > 국민계정 > 국민계정(2020년기준) > GDP에 대한 성장기여도 > 경제활동별 성장기여도(계절조정, 실질, 분기)",2026-09-13,분기,,,0,1,48,경제활동별 성장기여도(계절조정 실질 분기)|농림어업|음식료품 제조업|전기업|주거용 건물 건설업|건물건설 및 건축보수업|도소매 및 숙박음식업|도소매업|예술 스포츠 및 여가관련 서비스업|통신업|전문 과학 및 기술관련 서비스업|광업|섬유 및 가죽제품 제조업|가스 증기 및 공기조절 공급업|비주거용 건물 건설업|토목건설업|숙박 및 음식점업|운수업|기타 서비스업|출판 방송 영상 정보서비스|사업지원 서비스업|제조업|목재 종이 인쇄 및 복제업|수도 하수 및 폐기물 처리 원료 재생업|건축보수업|금융 및 보험업|코크스 및 석유정제품 제조업|전기 가스 및 수도사업|부동산업|화학물질 및 화학제품 제조업|건설업|정보통신업|비금속광물제품 제조업|사업서비스업|서비스업|1차금속 제조업|공공행정 국방 및 사회보장|총부가가치(기초가격)|금속가공제품 제조업|교육서비스업|순생산물세|컴퓨터 전자 및 광학기기 제조업|의료 보건업 및 사회복지서비스업|국내총생산(시장가격)|전기장비 제조업|문화 및 기타서비스업|기계 및 장비 제조업|운송장비 제조업|기타 제조업 및 산업용 장비 수리업,항목|계정항목별,,「국민계정」,한국은행  경제통계국 국외투자통계팀,02-759-4383,"(1) 분기속보 : 해당 분기 종료 후 28일 이내, 분기잠정 : 해당 분기 종료 후 70일 이내 || (2) 연간 잠정치 : 해당 연도 종료 후 3개월 내에 국민소득(잠정), 6개월 내에 국민계정(잠정)이 공표, 연간확정 : 해당 연도 종료 후 18개월 이내. 연간잠정 시에는 일부 기초자료를 이용하지 못함에 따라 추후 공표될 연간확정과 차이가 있을 수 있으며 시계열 분석 시 유의바람 || (3) 연쇄가중법에 의해 추계된 실질 GDP통계는 비가법적 특성에 의해 총량(또는 상위부문) 금액과 그 구성항목 금액의 합이 일치하지 않음 || (4) 개별 구성항목의 연쇄금액은 구성항목 내에서의 상대적 중요도를 정확하게 반영하지 못할 수 있으므로 상대비교 시에는 주의를 요함. 각 구성항목의 기여도는 2.1.5. GDP에 대한 성장기여도를 참조 || (5) 순생산물세 : 생산물세에서 생산물보조금을 차감하여 계산"
301,1976017,DT_200Y124,"경제활동별 성장기여도(원계열, 실질, 분기 및 연간)","Contributions to Real GDP Growth by Economic Activities (not seasonally adjusted, quarterly & annual)","한국은행 > 국민계정 > 국민계정(2020년기준) > GDP에 대한 성장기여도 > 경제활동별 성장기여도(원계열, 실질, 분기 및 연간)",2026-09-13,분기|년,,,0,1,52,경제활동별 성장기여도(원계열 실질 분기 및 연간)|농림어업|재배업|음식료품 제조업|전기업|주거용 건물 건설업|건물건설 및 건축보수업|도소매 및 숙박음식업|도소매업|예술 스포츠 및 여가관련 서비스업|통신업|전문 과학 및 기술관련 서비스업|축산업|광업|섬유 및 가죽제품 제조업|가스 증기 및 공기조절 공급업|비주거용 건물 건설업|토목건설업|숙박 및 음식점업|운수업|기타 서비스업|출판 방송 영상 정보서비스|사업지원 서비스업|임업|제조업|목재 종이 인쇄 및 복제업|수도 하수 및 폐기물 처리 원료 재생업|건축보수업|금융 및 보험업|어업|코크스 및 석유정제품 제조업|전기 가스 및 수도사업|부동산업|화학물질 및 화학제품 제조업|건설업|정보통신업|비금속광물제품 제조업|사업서비스업|서비스업|1차금속 제조업|공공행정 국방 및 사회보장|총부가가치(기초가격)|금속가공제품 제조업|교육서비스업|순생산물세|컴퓨터 전자 및 광학기기 제조업|의료 보건업 및 사회복지서비스업|국내총생산(시장가격)|전기장비 제조업|문화 및 기타서비스업|기계 및 장비 제조업|운송장비 제조업|기타 제조업 및 산업용 장비 수리업,항목|계정항목별,,「국민계정」,한국은행  경제통계국 국외투자통계팀,02-759-4383,"(1) 분기속보 : 해당 분기 종료 후 28일 이내, 분기잠정 : 해당 분기 종료 후 70일 이내 || (2) 연간 잠정치 : 해당 연도 종료 후 3개월 내에 국민소득(잠정), 6개월 내에 국민계정(잠정)이 공표, 연간확정 : 해당 연도 종료 후 18개월 이내. 연간잠정 시에는 일부 기초자료를 이용하지 못함에 따라 추후 공표될 연간확정과 차이가 있을 수 있으며 시계열 분석 시 유의바람 || (3) 연쇄가중법에 의해 추계된 실질 GDP통계는 비가법적 특성에 의해 총량(또는 상위부문) 금액과 그 구성항목 금액의 합이 일치하지 않음 || (4) 개별 구성항목의 연쇄금액은 구성항목 내에서의 상대적 중요도를 정확하게 반영하지 못할 수 있으므로 상대비교 시에는 주의를 요함. 각 구성항목의 기여도는 2.1.5. GDP에 대한 성장기여도를 참조 || (5) 순생산물세 : 생산물세에서 생산물보조금을 차감하여 계산"
301,1976017,DT_200Y125,"지출항목별 성장기여도(계절조정, 실질, 분기)","Contributions to Real GDP Growth by Expenditures (seasonally adjusted, quarterly)","한국은행 > 국민계정 > 국민계정(2020년기준) > GDP에 대한 성장기여도 > 지출항목별 성장기여도(계절조정, 실질, 분기)",2026-09-13,분기,,,0,1,26,지출항목별 성장기여도(계절조정 실질 분기)|최종소비지출|민간|가계|총고정자본형성|총고정자본형성(민간)|(재화)F.O.B. 기준|가계에 봉사하는 비영리단체|정부|총자본형성|총고정자본형성(정부)|재고증감 및 귀중품 순취득|(서비스)|건설투자|재화와 서비스의 수출|내수|설비투자|(공제)재화와 서비스의 수입|순수출|지식재산생산물투자|통계상 불일치|국내총생산에 대한 지출,항목|계정항목별,,「국민계정」,한국은행  경제통계국 국외투자통계팀,02-759-4383,"(1) 분기속보 : 해당 분기 종료 후 28일 이내, 분기잠정 : 해당 분기 종료 후 70일 이내 || (2) 연간 잠정치 : 해당 연도 종료 후 3개월 내에 국민소득(잠정), 6개월 내에 국민계정(잠정)이 공표, 연간확정 : 해당 연도 종료 후 18개월 이내. 연간잠정 시에는 일부 기초자료를 이용하지 못함에 따라 추후 공표될 연간확정과 차이가 있을 수 있으며 시계열 분석 시 유의바람 || (3) 연쇄가중법에 의해 추계된 실질 GDP통계는 비가법적 특성에 의해 총량(또는 상위부문) 금액과 그 구성항목 금액의 합이 일치하지 않음 || (4) 개별 구성항목의 연쇄금액은 구성항목 내에서의 상대적 중요도를 정확하게 반영하지 못할 수 있으므로 상대비교 시에는 주의를 요함. 각 구성항목의 기여도는 2.1.5. GDP에 대한 성장기여도를 참조"
301,1976017,DT_200Y126,"지출항목별 성장기여도(원계열, 실질, 분기 및 연간)","Contributions to Real GDP Growth by Expenditures (not seasonally adjusted, quarterly & annual)","한국은행 > 국민계정 > 국민계정(2020년기준) > GDP에 대한 성장기여도 > 지출항목별 성장기여도(원계열, 실질, 분기 및 연간)",2026-09-13,분기|년,,,0,1,26,지출항목별 성장기여도(원계열 실질 분기 및 연간)|최종소비지출|민간|가계|총고정자본형성|총고정자본형성(민간)|(재화)F.O.B. 기준|가계에 봉사하는 비영리단체|정부|총자본형성|총고정자본형성(정부)|재고증감 및 귀중품 순취득|(서비스)|건설투자|재화와 서비스의 수출|내수|설비투자|(공제)재화와 서비스의 수입|순수출|지식재산생산물투자|통계상 불일치|국내총생산에 대한 지출,항목|계정항목별,,「국민계정」,한국은행  경제통계국 국외투자통계팀,02-759-4383,"(1) 분기속보 : 해당 분기 종료 후 28일 이내, 분기잠정 : 해당 분기 종료 후 70일 이내 || (2) 연간 잠정치 : 해당 연도 종료 후 3개월 내에 국민소득(잠정), 6개월 내에 국민계정(잠정)이 공표, 연간확정 : 해당 연도 종료 후 18개월 이내. 연간잠정 시에는 일부 기초자료를 이용하지 못함에 따라 추후 공표될 연간확정과 차이가 있을 수 있으며 시계열 분석 시 유의바람 || (3) 연쇄가중법에 의해 추계된 실질 GDP통계는 비가법적 특성에 의해 총량(또는 상위부문) 금액과 그 구성항목 금액의 합이 일치하지 않음 || (4) 개별 구성항목의 연쇄금액은 구성항목 내에서의 상대적 중요도를 정확하게 반영하지 못할 수 있으므로 상대비교 시에는 주의를 요함. 각 구성항목의 기여도는 2.1.5. GDP에 대한 성장기여도를 참조"
301,1976017,DT_200Y127,"자본재형태별 총자본형성(계절조정, 명목, 분기)","Gross Capital Formation by Type of Capital Goods (seasonally adjusted, current prices, quarterly)","한국은행 > 국민계정 > 국민계정(2020년기준) > 총자본형성 > 자본재형태별 총자본형성(계절조정, 명목, 분기)",2026-09-13,분기,,,0,1,14,자본재형태별 총자본형성(계절조정 명목 분기)|총고정자본형성|건설투자|건물건설|주거용 건물|운송장비|연구개발|비주거용 건물|토목건설|설비투자|기계류|기타지식재산생산물|재고증감 및 귀중품 순취득|지식재산생산물투자|총자본형성,항목|계정항목별,,「국민계정」,한국은행  경제통계국 국외투자통계팀,02-759-4383,"(1) 분기속보 : 해당 분기 종료 후 28일 이내, 분기잠정 : 해당 분기 종료 후 70일 이내 || (2) 연간 잠정치 : 해당 연도 종료 후 3개월 내에 국민소득(잠정), 6개월 내에 국민계정(잠정)이 공표, 연간확정 : 해당 연도 종료 후 18개월 이내. 연간잠정 시에는 일부 기초자료를 이용하지 못함에 따라 추후 공표될 연간확정과 차이가 있을 수 있으며 시계열 분석 시 유의바람"
301,1976017,DT_200Y128,"자본재형태별 총자본형성(계절조정, 실질, 분기)","Gross Capital Formation by Type of Capital Goods (seasonally adjusted, chained 2020 year prices, quarterly)","한국은행 > 국민계정 > 국민계정(2020년기준) > 총자본형성 > 자본재형태별 총자본형성(계절조정, 실질, 분기)",2026-09-13,분기,,,0,1,14,자본재형태별 총자본형성(계절조정 실질 분기)|총고정자본형성|건설투자|건물건설|주거용 건물|운송장비|연구개발|비주거용 건물|토목건설|설비투자|기계류|기타지식재산생산물|재고증감 및 귀중품 순취득|지식재산생산물투자|총자본형성,항목|계정항목별,,「국민계정」,한국은행  경제통계국 국외투자통계팀,02-759-4383,"(1) 분기속보 : 해당 분기 종료 후 28일 이내, 분기잠정 : 해당 분기 종료 후 70일 이내 || (2) 연간 잠정치 : 해당 연도 종료 후 3개월 내에 국민소득(잠정), 6개월 내에 국민계정(잠정)이 공표, 연간확정 : 해당 연도 종료 후 18개월 이내. 연간잠정 시에는 일부 기초자료를 이용하지 못함에 따라 추후 공표될 연간확정과 차이가 있을 수 있으며 시계열 분석 시 유의바람 || (3) 연쇄가중법에 의해 추계된 실질 GDP통계는 비가법적 특성에 의해 총량(또는 상위부문) 금액과 그 구성항목 금액의 합이 일치하지 않음"
301,1976017,DT_200Y129,"자본재형태별 총자본형성(원계열, 명목, 분기 및 연간)","Gross Capital Formation by Type of Capital Goods (not seasonally adjusted, current prices, quarterly & annual)","한국은행 > 국민계정 > 국민계정(2020년기준) > 총자본형성 > 자본재형태별 총자본형성(원계열, 명목, 분기 및 연간)",2026-09-13,분기|년,,,0,1,14,자본재형태별 총자본형성(원계열 명목 분기 및 연간)|총고정자본형성|건설투자|건물건설|주거용 건물|운송장비|연구개발|비주거용 건물|토목건설|설비투자|기계류|기타지식재산생산물|재고증감 및 귀중품 순취득|지식재산생산물투자|총자본형성,항목|계정항목별,,「국민계정」,한국은행  경제통계국 국외투자통계팀,02-759-4383,"(1) 분기속보 : 해당 분기 종료 후 28일 이내, 분기잠정 : 해당 분기 종료 후 70일 이내 || (2) 연간 잠정치 : 해당 연도 종료 후 3개월 내에 국민소득(잠정), 6개월 내에 국민계정(잠정)이 공표, 연간확정 : 해당 연도 종료 후 18개월 이내. 연간잠정 시에는 일부 기초자료를 이용하지 못함에 따라 추후 공표될 연간확정과 차이가 있을 수 있으며 시계열 분석 시 유의바람"
301,1976017,DT_200Y130,"자본재형태별 총자본형성(원계열, 실질, 분기 및 연간)","Gross Capital Formation by Type of Capital Goods (not seasonally adjusted, chained 2020 year prices, quarterly & annual)","한국은행 > 국민계정 > 국민계정(2020년기준) > 총자본형성 > 자본재형태별 총자본형성(원계열, 실질, 분기 및 연간)",2026-09-13,분기|년,,,0,1,14,자본재형태별 총자본형성(원계열 실질 분기 및 연간)|총고정자본형성|건설투자|건물건설|주거용 건물|운송장비|연구개발|비주거용 건물|토목건설|설비투자|기계류|기타지식재산생산물|재고증감 및 귀중품 순취득|지식재산생산물투자|총자본형성,항목|계정항목별,,「국민계정」,한국은행  경제통계국 국외투자통계팀,02-759-4383,"(1) 분기속보 : 해당 분기 종료 후 28일 이내, 분기잠정 : 해당 분기 종료 후 70일 이내 || (2) 연간 잠정치 : 해당 연도 종료 후 3개월 내에 국민소득(잠정), 6개월 내에 국민계정(잠정)이 공표, 연간확정 : 해당 연도 종료 후 18개월 이내. 연간잠정 시에는 일부 기초자료를 이용하지 못함에 따라 추후 공표될 연간확정과 차이가 있을 수 있으며 시계열 분석 시 유의바람 || (3) 연쇄가중법에 의해 추계된 실질 GDP통계는 비가법적 특성에 의해 총량(또는 상위부문) 금액과 그 구성항목 금액의 합이 일치하지 않음"
301,1976017,DT_200Y131,"주체별 총자본형성(원계열, 명목, 분기 및 연간)","Gross Capital Formation by Sectors (not seasonally adjusted, current prices, quarterly & annual)","한국은행 > 국민계정 > 국민계정(2020년기준) > 총자본형성 > 주체별 총자본형성(원계열, 명목, 분기 및 연간)",2026-09-13,분기|년,,,0,1,18,주체별 총자본형성(원계열 명목 분기 및 연간)|총고정자본형성|민간(총고정자본형성)|민간(건설투자)|민간(설비투자)|민간(지식재산생산물투자)|민간(재고증감 및 귀중품 순취득)|민간(총자본형성)|정부(총고정자본형성)|정부(건설투자)|정부(설비투자)|정부(지식재산생산물투자)|재고증감 및 귀중품 순취득|정부(재고증감 및 귀중품 순취득)|정부(총자본형성)|건설투자|총자본형성|설비투자|지식재산생산물투자,항목|계정항목별,,「국민계정」,한국은행  경제통계국 국외투자통계팀,02-759-4383,"(1) 분기속보 : 해당 분기 종료 후 28일 이내, 분기잠정 : 해당 분기 종료 후 70일 이내 || (2) 연간 잠정치 : 해당 연도 종료 후 3개월 내에 국민소득(잠정), 6개월 내에 국민계정(잠정)이 공표, 연간확정 : 해당 연도 종료 후 18개월 이내. 연간잠정 시에는 일부 기초자료를 이용하지 못함에 따라 추후 공표될 연간확정과 차이가 있을 수 있으며 시계열 분석 시 유의바람"
301,1976017,DT_200Y132,"주체별 총자본형성(원계열, 실질, 분기 및 연간)","Gross Capital Formation by Sectors (not seasonally adjusted, chained 2020 year prices, quarterly & annual)","한국은행 > 국민계정 > 국민계정(2020년기준) > 총자본형성 > 주체별 총자본형성(원계열, 실질, 분기 및 연간)",2026-09-13,분기|년,,,0,1,18,주체별 총자본형성(원계열 실질 분기 및 연간)|총고정자본형성|민간(총고정자본형성)|민간(건설투자)|민간(설비투자)|민간(지식재산생산물투자)|민간(재고증감 및 귀중품 순취득)|민간(총자본형성)|정부(총고정자본형성)|정부(건설투자)|정부(설비투자)|정부(지식재산생산물투자)|재고증감 및 귀중품 순취득|정부(재고증감 및 귀중품 순취득)|정부(총자본형성)|건설투자|총자본형성|설비투자|지식재산생산물투자,항목|계정항목별,,「국민계정」,한국은행  경제통계국 국외투자통계팀,02-759-4383,"(1) 분기속보 : 해당 분기 종료 후 28일 이내, 분기잠정 : 해당 분기 종료 후 70일 이내 || (2) 연간 잠정치 : 해당 연도 종료 후 3개월 내에 국민소득(잠정), 6개월 내에 국민계정(잠정)이 공표, 연간확정 : 해당 연도 종료 후 18개월 이내. 연간잠정 시에는 일부 기초자료를 이용하지 못함에 따라 추후 공표될 연간확정과 차이가 있을 수 있으며 시계열 분석 시 유의바람 || (3) 연쇄가중법에 의해 추계된 실질 GDP통계는 비가법적 특성에 의해 총량(또는 상위부문) 금액과 그 구성항목 금액의 합이 일치하지 않음"
301,1976017,DT_200Y133,"주체별 총고정자본형성(계절조정, 명목, 분기)","Gross Fixed Capital Formation by Sectors (seasonally adjusted, current prices, quarterly)","한국은행 > 국민계정 > 국민계정(2020년기준) > 총자본형성 > 주체별 총고정자본형성(계절조정, 명목, 분기)",2026-09-13,분기,,,0,1,12,주체별 총고정자본형성(계절조정 명목 분기)|총고정자본형성|민간(총고정자본형성)|민간(건설투자)|민간(설비투자)|민간(지식재산생산물투자)|정부(총고정자본형성)|정부(건설투자)|정부(설비투자)|정부(지식재산생산물투자)|건설투자|설비투자|지식재산생산물투자,항목|계정항목별,,「국민계정」,한국은행  경제통계국 국외투자통계팀,02-759-4383,"(1) 분기속보 : 해당 분기 종료 후 28일 이내, 분기잠정 : 해당 분기 종료 후 70일 이내 || (2) 연간 잠정치 : 해당 연도 종료 후 3개월 내에 국민소득(잠정), 6개월 내에 국민계정(잠정)이 공표, 연간확정 : 해당 연도 종료 후 18개월 이내. 연간잠정 시에는 일부 기초자료를 이용하지 못함에 따라 추후 공표될 연간확정과 차이가 있을 수 있으며 시계열 분석 시 유의바람"
301,1976017,DT_200Y134,"주체별 총고정자본형성(계절조정, 실질, 분기)","Gross Fixed Capital Formation by Sectors (seasonally adjusted, chained 2020 year prices, quarterly)","한국은행 > 국민계정 > 국민계정(2020년기준) > 총자본형성 > 주체별 총고정자본형성(계절조정, 실질, 분기)",2026-09-13,분기,,,0,1,12,주체별 총고정자본형성(계절조정 실질 분기)|총고정자본형성|민간(총고정자본형성)|민간(건설투자)|민간(설비투자)|민간(지식재산생산물투자)|정부(총고정자본형성)|정부(건설투자)|정부(설비투자)|정부(지식재산생산물투자)|건설투자|설비투자|지식재산생산물투자,항목|계정항목별,,「국민계정」,한국은행  경제통계국 국외투자통계팀,02-759-4383,"(1) 분기속보 : 해당 분기 종료 후 28일 이내, 분기잠정 : 해당 분기 종료 후 70일 이내 || (2) 연간 잠정치 : 해당 연도 종료 후 3개월 내에 국민소득(잠정), 6개월 내에 국민계정(잠정)이 공표, 연간확정 : 해당 연도 종료 후 18개월 이내. 연간잠정 시에는 일부 기초자료를 이용하지 못함에 따라 추후 공표될 연간확정과 차이가 있을 수 있으며 시계열 분석 시 유의바람 || (3) 연쇄가중법에 의해 추계된 실질 GDP통계는 비가법적 특성에 의해 총량(또는 상위부문) 금액과 그 구성항목 금액의 합이 일치하지 않음"
301,1976017,DT_200Y135,"경제활동별 총고정자본형성(명목, 연간)","Gross Fixed Capital Formation by Economic Activities (current prices, annual)","한국은행 > 국민계정 > 국민계정(2020년기준) > 총자본형성 > 경제활동별 총고정자본형성(명목, 연간)",2026-09-13,년,,,0,1,17,경제활동별 총고정자본형성(명목 연간)|총고정자본형성|농림어업|도소매 및 숙박음식업|광업|운수업|제조업|금융 및 보험업|전기 가스 및 수도사업|부동산업|건설업|정보통신업|사업서비스업|서비스업|공공행정 국방 및 사회보장|교육서비스업|의료보건 및 사회복지서비스업|문화 및 기타서비스업,항목|계정항목별,,「국민계정」,한국은행  경제통계국 국외투자통계팀,02-759-4383,"(1) 연간확정 : 해당 연도 종료 후 18개월 이내 || (2) 전기, 가스 및 수도사업은 하수 및 폐기물 처리, 원료재생업 포함"
301,1976017,DT_200Y136,"경제활동별 총고정자본형성(실질, 연간)","Gross Fixed Capital Formation by Economic Activities (chained 2020 year prices, annual)","한국은행 > 국민계정 > 국민계정(2020년기준) > 총자본형성 > 경제활동별 총고정자본형성(실질, 연간)",2026-09-13,년,,,0,1,17,경제활동별 총고정자본형성(실질 연간)|총고정자본형성|농림어업|도소매 및 숙박음식업|광업|운수업|제조업|금융 및 보험업|전기 가스 및 수도사업|부동산업|건설업|정보통신업|사업서비스업|서비스업|공공행정 국방 및 사회보장|교육서비스업|의료보건 및 사회복지서비스업|문화 및 기타서비스업,항목|계정항목별,,「국민계정」,한국은행  경제통계국 국외투자통계팀,02-759-4383,"(1) 연간확정 : 해당 연도 종료 후 18개월 이내 || (2) 연쇄가중법에 의해 추계된 실질 GDP통계는 비가법적 특성에 의해 총량(또는 상위부문) 금액과 그 구성항목 금액의 합이 일치하지 않음 || (3) 전기, 가스 및 수도사업은 하수 및 폐기물 처리, 원료재생업 포함"
301,1976017,DT_200Y137,"경제활동별 자본재형태별 총고정자본형성(명목, 연간)","Gross Fixed Capital Formation by Type and Economic Activities (current prices, annual)","한국은행 > 국민계정 > 국민계정(2020년기준) > 총자본형성 > 경제활동별 자본재형태별 총고정자본형성(명목, 연간)",2026-09-13,년,,,0,1,24,경제활동별 자본재형태별 총고정자본형성(명목 연간)|총고정자본형성|건설투자|운송장비|연구개발|설비투자|기계류|지식재산생산물투자|농림어업|광업|제조업|전기 가스 및 수도사업|건설업|서비스업|도소매 및 숙박음식업|운수업|금융 및 보험업|부동산업|정보통신업|사업서비스업|공공행정 국방 및 사회보장|교육서비스업|의료보건 및 사회복지서비스업|문화 및 기타서비스업|전산업,항목|금액구분코드별|계정항목별,,「국민계정」,한국은행  경제통계국 국외투자통계팀,02-759-4383,"(1) 연간확정 : 해당 연도 종료 후 18개월 이내 || (2) 전기, 가스 및 수도사업은 하수 및 폐기물 처리, 원료재생업 포함"
301,1976017,DT_200Y138,"경제활동별 설비투자(명목, 연간)","Facilities Investments by Economic Activities (current prices, annual)","한국은행 > 국민계정 > 국민계정(2020년기준) > 총자본형성 > 경제활동별 설비투자(명목, 연간)",2026-09-13,년,,,0,1,28,경제활동별 설비투자(명목 연간)|음식료품 제조업|도소매 및 숙박음식업|총설비투자|농림어업|섬유 및 가죽제품 제조업|운수업|광업|목재 종이 인쇄 및 복제업|금융 및 보험업|제조업|코크스 석유 및 화학제품 제조업|부동산업|비금속광물제품 제조업|전기 가스 및 수도사업|정보통신업|금속제품 제조업|건설업|사업서비스업|컴퓨터 전자 및 광학기기 제조업|서비스업|공공행정 국방 및 사회보장|전기장비 제조업|교육서비스업|기계 및 장비 제조업|의료보건 및 사회복지서비스업|운송장비 제조업|문화 및 기타서비스업|기타 제조업 및 산업용 장비 수리업,항목|계정항목별,,「국민계정」,한국은행  경제통계국 국외투자통계팀,02-759-4383,"(1) 연간잠정 : 해당 연도 종료 후 9개월 이내, 연간확정 : 해당 연도 종료 후 18개월 이내. 연간잠정 시에는 일부 기초자료를 이용하지 못함에 따라 추후 공표될 연간확정과 차이가 있을 수 있으며 시계열 분석 시 유의바람 || (2) 전기, 가스 및 수도사업은 하수 및 폐기물 처리, 원료재생업 포함"
301,1976017,DT_200Y139,"경제활동별 설비투자(실질, 연간)","Facilities Investments by Economic Activities (chained 2020 year prices, annual)","한국은행 > 국민계정 > 국민계정(2020년기준) > 총자본형성 > 경제활동별 설비투자(실질, 연간)",2026-09-13,년,,,0,1,28,경제활동별 설비투자(실질 연간)|음식료품 제조업|도소매 및 숙박음식업|총설비투자|농림어업|섬유 및 가죽제품 제조업|운수업|광업|목재 종이 인쇄 및 복제업|금융 및 보험업|제조업|코크스 석유 및 화학제품 제조업|부동산업|비금속광물제품 제조업|전기 가스 및 수도사업|정보통신업|금속제품 제조업|건설업|사업서비스업|컴퓨터 전자 및 광학기기 제조업|서비스업|공공행정 국방 및 사회보장|전기장비 제조업|교육서비스업|기계 및 장비 제조업|의료보건 및 사회복지서비스업|운송장비 제조업|문화 및 기타서비스업|기타 제조업 및 산업용 장비 수리업,항목|계정항목별,,「국민계정」,한국은행  경제통계국 국외투자통계팀,02-759-4383,"(1) 연간잠정 : 해당 연도 종료 후 9개월 이내, 연간확정 : 해당 연도 종료 후 18개월 이내. 연간잠정 시에는 일부 기초자료를 이용하지 못함에 따라 추후 공표될 연간확정과 차이가 있을 수 있으며 시계열 분석 시 유의바람 || (2) 연쇄가중법에 의해 추계된 실질 GDP통계는 비가법적 특성에 의해 총량(또는 상위부문) 금액과 그 구성항목 금액의 합이 일치하지 않음 || (3) 전기, 가스 및 수도사업은 하수 및 폐기물 처리, 원료재생업 포함"
301,1976017,DT_200Y140,"가계의 목적별 최종소비지출(계절조정, 명목, 분기)","Final Consumption Expenditure of Resident Households by Purpose (seasonally adjusted, current prices, quarterly)","한국은행 > 국민계정 > 국민계정(2020년기준) > 최종소비지출 > 가계의 목적별 최종소비지출(계절조정, 명목, 분기)",2026-09-13,분기,,,0,1,17,가계의 목적별 최종소비지출(계절조정 명목 분기)|식료품 및 비주류 음료|국내 소비지출|주류 및 담배|거주자 국외소비지출|의류 및 신발|(공제)비거주자 국내소비지출|주거 수도 전기 가스 및 기타 연료|가계 최종소비지출|가구 가사 비품 및 기타 생활용품|보건|운송|정보통신|오락 스포츠 및 문화|교육 서비스|음식점 및 숙박 서비스|보험 및 금융 서비스|개인미용 사회보장 및 기타 상품,항목|계정항목별,,「국민계정」,한국은행  경제통계국 국외투자통계팀,02-759-4383,"(1) 분기속보 : 해당 분기 종료 후 28일 이내, 분기잠정 : 해당 분기 종료 후 70일 이내 || (2) 연간잠정 : 해당 연도 종료 후 3개월 이내, 연간확정 : 해당 연도 종료 후 18개월 이내. 연간잠정 시에는 일부 기초자료를 이용하지 못함에 따라 추후 공표될 연간확정과 차이가 있을 수 있으며 시계열 분석 시 유의바람"
301,1976017,DT_200Y141,"가계의 목적별 최종소비지출(계절조정, 실질, 분기)","Final Consumption Expenditure of Resident Households by Purpose (seasonally adjusted, chained 2020 year prices, quarterly)","한국은행 > 국민계정 > 국민계정(2020년기준) > 최종소비지출 > 가계의 목적별 최종소비지출(계절조정, 실질, 분기)",2026-09-13,분기,,,0,1,17,가계의 목적별 최종소비지출(계절조정 실질 분기)|식료품 및 비주류 음료|국내 소비지출|주류 및 담배|거주자 국외소비지출|의류 및 신발|(공제)비거주자 국내소비지출|주거 수도 전기 가스 및 기타 연료|가계 최종소비지출|가구 가사 비품 및 기타 생활용품|보건|운송|정보통신|오락 스포츠 및 문화|교육 서비스|음식점 및 숙박 서비스|보험 및 금융 서비스|개인미용 사회보장 및 기타 상품,항목|계정항목별,,「국민계정」,한국은행  경제통계국 국외투자통계팀,02-759-4383,"(1) 분기속보 : 해당 분기 종료 후 28일 이내, 분기잠정 : 해당 분기 종료 후 70일 이내 || (2) 연간 잠정치 : 해당 연도 종료 후 3개월 내에 국민소득(잠정), 6개월 내에 국민계정(잠정)이 공표, 연간확정 : 해당 연도 종료 후 18개월 이내. 연간잠정 시에는 일부 기초자료를 이용하지 못함에 따라 추후 공표될 연간확정과 차이가 있을 수 있으며 시계열 분석 시 유의바람 || (3) 연쇄가중법에 의해 추계된 실질 GDP통계는 비가법적 특성에 의해 총량(또는 상위부문) 금액과 그 구성항목 금액의 합이 일치하지 않음"
301,1976017,DT_200Y142,"가계의 목적별 최종소비지출(원계열, 명목, 분기 및 연간)","Final Consumption Expenditure of Resident Households by Purpose (not seasonally adjusted, current prices, quarterly & annual)","한국은행 > 국민계정 > 국민계정(2020년기준) > 최종소비지출 > 가계의 목적별 최종소비지출(원계열, 명목, 분기 및 연간)",2026-09-13,분기|년,,,0,1,17,가계의 목적별 최종소비지출(원계열 명목 분기 및 연간)|식료품 및 비주류 음료|국내 소비지출|주류 및 담배|거주자 국외소비지출|의류 및 신발|(공제)비거주자 국내소비지출|주거 수도 전기 가스 및 기타 연료|가계 최종소비지출|가구 가사 비품 및 기타 생활용품|보건|운송|정보통신|오락 스포츠 및 문화|교육 서비스|음식점 및 숙박 서비스|보험 및 금융 서비스|개인미용 사회보장 및 기타 상품,항목|계정항목별,,「국민계정」,한국은행  경제통계국 국외투자통계팀,02-759-4383,"(1) 분기속보 : 해당 분기 종료 후 28일 이내, 분기잠정 : 해당 분기 종료 후 70일 이내 || (2) 연간 잠정치 : 해당 연도 종료 후 3개월 내에 국민소득(잠정), 6개월 내에 국민계정(잠정)이 공표, 연간확정 : 해당 연도 종료 후 18개월 이내. 연간잠정 시에는 일부 기초자료를 이용하지 못함에 따라 추후 공표될 연간확정과 차이가 있을 수 있으며 시계열 분석 시 유의바람"
301,1976017,DT_200Y143,"가계의 목적별 최종소비지출(원계열, 실질, 분기 및 연간)","Final Consumption Expenditure of Resident Households by Purpose (not seasonally adjusted, chained 2020 year prices, quarterly & annual)","한국은행 > 국민계정 > 국민계정(2020년기준) > 최종소비지출 > 가계의 목적별 최종소비지출(원계열, 실질, 분기 및 연간)",2026-09-13,분기|년,,,0,1,17,가계의 목적별 최종소비지출(원계열 실질 분기 및 연간)|식료품 및 비주류 음료|국내 소비지출|주류 및 담배|거주자 국외소비지출|의류 및 신발|(공제)비거주자 국내소비지출|주거 수도 전기 가스 및 기타 연료|가계 최종소비지출|가구 가사 비품 및 기타 생활용품|보건|운송|정보통신|오락 스포츠 및 문화|교육 서비스|음식점 및 숙박 서비스|보험 및 금융 서비스|개인미용 사회보장 및 기타 상품,항목|계정항목별,,「국민계정」,한국은행  경제통계국 국외투자통계팀,02-759-4383,"(1) 분기속보 : 해당 분기 종료 후 28일 이내, 분기잠정 : 해당 분기 종료 후 70일 이내 || (2) 연간 잠정치 : 해당 연도 종료 후 3개월 내에 국민소득(잠정), 6개월 내에 국민계정(잠정)이 공표, 연간확정 : 해당 연도 종료 후 18개월 이내. 연간잠정 시에는 일부 기초자료를 이용하지 못함에 따라 추후 공표될 연간확정과 차이가 있을 수 있으며 시계열 분석 시 유의바람 || (3) 연쇄가중법에 의해 추계된 실질 GDP통계는 비가법적 특성에 의해 총량(또는 상위부문) 금액과 그 구성항목 금액의 합이 일치하지 않음"
301,1976017,DT_200Y144,"가계의 형태별 최종소비지출(계절조정, 명목, 분기)","Final Consumption Expenditure of Resident Households by Type (seasonally adjusted, current prices, quarterly)","한국은행 > 국민계정 > 국민계정(2020년기준) > 최종소비지출 > 가계의 형태별 최종소비지출(계절조정, 명목, 분기)",2026-09-13,분기,,,0,1,8,가계의 형태별 최종소비지출(계절조정 명목 분기)|내구재|국내 소비지출|준내구재|거주자 국외소비지출|비내구재|(공제)비거주자 국내소비지출|서비스|가계 최종소비지출,항목|계정항목별,,「국민계정」,한국은행  경제통계국 국외투자통계팀,02-759-4383,"(1) 분기속보 : 해당 분기 종료 후 28일 이내, 분기잠정 : 해당 분기 종료 후 70일 이내 || (2) 연간 잠정치 : 해당 연도 종료 후 3개월 내에 국민소득(잠정), 6개월 내에 국민계정(잠정)이 공표, 연간확정 : 해당 연도 종료 후 18개월 이내. 연간잠정 시에는 일부 기초자료를 이용하지 못함에 따라 추후 공표될 연간확정과 차이가 있을 수 있으며 시계열 분석 시 유의바람"
301,1976017,DT_200Y145,"가계의 형태별 최종소비지출(계절조정, 실질, 분기)","Final Consumption Expenditure of Resident Households by Type (seasonally adjusted, chained 2020 year prices, quarterly)","한국은행 > 국민계정 > 국민계정(2020년기준) > 최종소비지출 > 가계의 형태별 최종소비지출(계절조정, 실질, 분기)",2026-09-13,분기,,,0,1,8,가계의 형태별 최종소비지출(계절조정 실질 분기)|내구재|국내 소비지출|준내구재|거주자 국외소비지출|비내구재|(공제)비거주자 국내소비지출|서비스|가계 최종소비지출,항목|계정항목별,,「국민계정」,한국은행  경제통계국 국외투자통계팀,02-759-4383,"(1) 분기속보 : 해당 분기 종료 후 28일 이내, 분기잠정 : 해당 분기 종료 후 70일 이내 || (2) 연간 잠정치 : 해당 연도 종료 후 3개월 내에 국민소득(잠정), 6개월 내에 국민계정(잠정)이 공표, 연간확정 : 해당 연도 종료 후 18개월 이내. 연간잠정 시에는 일부 기초자료를 이용하지 못함에 따라 추후 공표될 연간확정과 차이가 있을 수 있으며 시계열 분석 시 유의바람 || (3) 연쇄가중법에 의해 추계된 실질 GDP통계는 비가법적 특성에 의해 총량(또는 상위부문) 금액과 그 구성항목 금액의 합이 일치하지 않음"
301,1976017,DT_200Y146,"가계의 형태별 최종소비지출(원계열, 명목, 분기 및 연간)","Final Consumption Expenditure of Resident Households by Type (not seasonally adjusted, current prices, quarterly & annual)","한국은행 > 국민계정 > 국민계정(2020년기준) > 최종소비지출 > 가계의 형태별 최종소비지출(원계열, 명목, 분기 및 연간)",2026-09-13,분기|년,,,0,1,8,가계의 형태별 최종소비지출(원계열 명목 분기 및 연간)|내구재|국내 소비지출|준내구재|거주자 국외소비지출|비내구재|(공제)비거주자 국내소비지출|서비스|가계 최종소비지출,항목|계정항목별,,「국민계정」,한국은행  경제통계국 국외투자통계팀,02-759-4383,"(1) 분기속보 : 해당 분기 종료 후 28일 이내, 분기잠정 : 해당 분기 종료 후 70일 이내 || (2) 연간 잠정치 : 해당 연도 종료 후 3개월 내에 국민소득(잠정), 6개월 내에 국민계정(잠정)이 공표, 연간확정 : 해당 연도 종료 후 18개월 이내. 연간잠정 시에는 일부 기초자료를 이용하지 못함에 따라 추후 공표될 연간확정과 차이가 있을 수 있으며 시계열 분석 시 유의바람"
301,1976017,DT_200Y147,"가계의 형태별 최종소비지출(원계열, 실질, 분기 및 연간)","Final Consumption Expenditure of Resident Households by Type (not seasonally adjusted, chained 2020 year prices, quarterly & annual)","한국은행 > 국민계정 > 국민계정(2020년기준) > 최종소비지출 > 가계의 형태별 최종소비지출(원계열, 실질, 분기 및 연간)",2026-09-13,분기|년,,,0,1,8,가계의 형태별 최종소비지출(원계열 실질 분기 및 연간)|내구재|국내 소비지출|준내구재|거주자 국외소비지출|비내구재|(공제)비거주자 국내소비지출|서비스|가계 최종소비지출,항목|계정항목별,,「국민계정」,한국은행  경제통계국 국외투자통계팀,02-759-4383,"(1) 분기속보 : 해당 분기 종료 후 28일 이내, 분기잠정 : 해당 분기 종료 후 70일 이내 || (2) 연간 잠정치 : 해당 연도 종료 후 3개월 내에 국민소득(잠정), 6개월 내에 국민계정(잠정)이 공표, 연간확정 : 해당 연도 종료 후 18개월 이내. 연간잠정 시에는 일부 기초자료를 이용하지 못함에 따라 추후 공표될 연간확정과 차이가 있을 수 있으며 시계열 분석 시 유의바람 || (3) 연쇄가중법에 의해 추계된 실질 GDP통계는 비가법적 특성에 의해 총량(또는 상위부문) 금액과 그 구성항목 금액의 합이 일치하지 않음"
301,1976017,DT_200Y148,"가계에 봉사하는 비영리단체의 목적별 최종소비지출(원계열, 명목, 분기 및 연간)","Final Consumption Expenditure of NPISH by Purpose (not seasonally adjusted, current prices, quarterly & annual)","한국은행 > 국민계정 > 국민계정(2020년기준) > 최종소비지출 > 가계에 봉사하는 비영리단체의 목적별 최종소비지출(원계열, 명목, 분기 및 연간)",2026-09-13,분기|년,,,0,1,6,가계에 봉사하는 비영리단체의 목적별 최종소비지출(원계열 명목 분기 및 연간)|의료 보건|오락 문화|교육|사회복지|기타|합계,항목|계정항목별,,「국민계정」,한국은행  경제통계국 국외투자통계팀,02-759-4383,"(1) 분기속보 : 해당 분기 종료 후 28일 이내, 분기잠정 : 해당 분기 종료 후 70일 이내 || (2) 연간 잠정치 : 해당 연도 종료 후 3개월 내에 국민소득(잠정), 6개월 내에 국민계정(잠정)이 공표, 연간확정 : 해당 연도 종료 후 18개월 이내. 연간잠정 시에는 일부 기초자료를 이용하지 못함에 따라 추후 공표될 연간확정과 차이가 있을 수 있으며 시계열 분석 시 유의바람"
301,1976017,DT_200Y149,"가계에 봉사하는 비영리단체의 목적별 최종소비지출(원계열, 실질, 분기 및 연간)","Final Consumption Expenditure of NPISH by Purpose (not seasonally adjusted, chained 2020 year prices, quarterly & annual)","한국은행 > 국민계정 > 국민계정(2020년기준) > 최종소비지출 > 가계에 봉사하는 비영리단체의 목적별 최종소비지출(원계열, 실질, 분기 및 연간)",2026-09-13,분기|년,,,0,1,6,가계에 봉사하는 비영리단체의 목적별 최종소비지출(원계열 실질 분기 및 연간)|의료 보건|오락 문화|교육|사회복지|기타|합계,항목|계정항목별,,「국민계정」,한국은행  경제통계국 국외투자통계팀,02-759-4383,"(1) 분기속보 : 해당 분기 종료 후 28일 이내, 분기잠정 : 해당 분기 종료 후 70일 이내 || (2) 연간 잠정치 : 해당 연도 종료 후 3개월 내에 국민소득(잠정), 6개월 내에 국민계정(잠정)이 공표, 연간확정 : 해당 연도 종료 후 18개월 이내. 연간잠정 시에는 일부 기초자료를 이용하지 못함에 따라 추후 공표될 연간확정과 차이가 있을 수 있으며 시계열 분석 시 유의바람 || (3) 연쇄가중법에 의해 추계된 실질 GDP통계는 비가법적 특성에 의해 총량(또는 상위부문) 금액과 그 구성항목 금액의 합이 일치하지 않음"
301,1976017,DT_200Y151,"일반정부의 부문별 기능별 최종소비지출(명목, 연간)","General Government Final Consumption Expenditure by Function (current prices, annual)","한국은행 > 국민계정 > 국민계정(2020년기준) > 일반정부 및 공공부문계정 > 일반정부의 부문별 기능별 최종소비지출(명목, 연간)",2026-09-13,년,,,0,1,55,일반정부의 부문별 기능별 최종소비지출(명목 연간)|일반정부-피용자보수(1)|일반정부-순영업잉여(2)|일반정부-고정자본소모(3)|일반정부-기타생산세(4)|일반정부-중간소비(5)|일반정부-총산출(6)＝(1)+(2)+(3)+(4)+(5)|일반정부-(공제)상품 및 비상품판매(7)|일반정부-사회보장현물수혜(8)|일반정부-최종소비지출(9)＝(6)-(7)+(8)|일반정부-개별소비지출|일반정부-집합소비지출|중앙정부-피용자보수(1)|중앙정부-순영업잉여(2)|중앙정부-고정자본소모(3)|중앙정부-기타생산세(4)|중앙정부-중간소비(5)|중앙정부-총산출(6)＝(1)+(2)+(3)+(4)+(5)|중앙정부-(공제)상품 및 비상품판매(7)|중앙정부-사회보장현물수혜(8)|중앙정부-최종소비지출(9)＝(6)-(7)+(8)|중앙정부-개별소비지출|중앙정부-집합소비지출|지방정부-피용자보수(1)|지방정부-순영업잉여(2)|지방정부-고정자본소모(3)|지방정부-기타생산세(4)|지방정부-중간소비(5)|지방정부-총산출(6)＝(1)+(2)+(3)+(4)+(5)|지방정부-(공제)상품 및 비상품판매(7)|지방정부-사회보장현물수혜(8)|지방정부-최종소비지출(9)＝(6)-(7)+(8)|지방정부-개별소비지출|지방정부-집합소비지출|사회보장기금-피용자보수(1)|사회보장기금-순영업잉여(2)|사회보장기금-고정자본소모(3)|사회보장기금-기타생산세(4)|사회보장기금-중간소비(5)|사회보장기금-총산출(6)＝(1)+(2)+(3)+(4)+(5)|사회보장기금-(공제)상품 및 비상품판매(7)|사회보장기금-사회보장현물수혜(8)|사회보장기금-최종소비지출(9)＝(6)-(7)+(8)|사회보장기금-개별소비지출|사회보장기금-집합소비지출|일반공공행정|국방|공공질서 및 안전|경제업무|환경보호|주택 및 지역개발|보건|오락 문화 및 종교|교육|사회보호|합계,항목|금액구분코드별|계정항목별,,「국민계정」,한국은행  경제통계국 국외투자통계팀,02-759-4383,(1) 연간확정 : 해당 연도 종료 후 18개월 이내 || (2) 산출액의 경우 정부의 자가자본형성을 위한 산출액 차감 || (3) 사회보장현물수혜의 경우 사회부조현물수혜 포함
301,1976017,DT_200Y152,"일반정부의 부문별 기능별 총지출 (명목, 연간)","General Government Total Expenditure by Function (current prices, annual)","한국은행 > 국민계정 > 국민계정(2020년기준) > 일반정부 및 공공부문계정 > 일반정부의 부문별 기능별 총지출 (명목, 연간)",2026-09-13,년,,,0,1,63,일반정부의 부문별 기능별 총지출 (명목 연간)|일반정부-피용자보수|일반정부-기타생산세|일반정부-중간소비|일반정부-보조금|일반정부-재산소득|일반정부-사회보장현물수혜|일반정부-사회수혜금|일반정부-기타경상이전|일반정부-자본이전|일반정부-총고정자본형성|일반정부-재고증감 및 귀중품 순취득|일반정부-비생산비금융자산의 순취득|일반정부-총지출|중앙정부-피용자보수|중앙정부-기타생산세|중앙정부-중간소비|중앙정부-보조금|중앙정부-재산소득|중앙정부-사회보장현물수혜|중앙정부-사회수혜금|중앙정부-기타경상이전|중앙정부-자본이전|중앙정부-총고정자본형성|중앙정부-재고증감 및 귀중품 순취득|중앙정부-비생산비금융자산의 순취득|중앙정부-총지출|지방정부-피용자보수|지방정부-기타생산세|지방정부-중간소비|지방정부-보조금|지방정부-재산소득|지방정부-사회보장현물수혜|지방정부-사회수혜금|지방정부-기타경상이전|지방정부-자본이전|지방정부-총고정자본형성|지방정부-재고증감 및 귀중품 순취득|지방정부-비생산비금융자산의 순취득|지방정부-총지출|사회보장기금-피용자보수|사회보장기금-기타생산세|사회보장기금-중간소비|사회보장기금-보조금|사회보장기금-재산소득|사회보장기금-사회보장현물수혜|사회보장기금-사회수혜금|사회보장기금-기타경상이전|사회보장기금-자본이전|사회보장기금-총고정자본형성|사회보장기금-재고증감 및 귀중품 순취득|사회보장기금-비생산비금융자산의 순취득|사회보장기금-총지출|일반공공행정|국방|공공질서 및 안전|경제업무|환경보호|주택 및 지역개발|보건|오락 문화 및 종교|교육|사회보호|합계,항목|금액구분코드별|계정항목별,,「국민계정」,한국은행  경제통계국 국외투자통계팀,02-759-4383,"(1) 연간확정 : 해당 연도 종료 후 18개월 이내 || (2) 재산소득, 기타경상이전, 자본이전, 총지출의 경우 정부 간 내부거래 포함에 따라 부문의 합과 총합이 불일치 || (3) 사회보장현물수혜의 경우 사회부조현물수혜 포함 || (4) 총고정자본형성의 경우 정부의 자가자본형성을 위한 고정자본소모 차감"
301,1976017,DT_200Y153,"일반정부의 부문별 총수입, 총지출, 저축투자차액(명목, 연간)","General Government Total Revenue and Total Expenditure (current prices, annual)","한국은행 > 국민계정 > 국민계정(2020년기준) > 일반정부 및 공공부문계정 > 일반정부의 부문별 총수입, 총지출, 저축투자차액(명목, 연간)",2026-09-13,년,,,0,1,54,일반정부의 부문별 총수입 총지출 저축투자차액(명목 연간)|일반정부|중앙정부|지방정부|사회보장기금|생산계정_산출액|생산계정_시장산출 및 자가최종사용목적산출|소득계정_이자|소득계정_실제사회부담금|소득계정_개별소비지출|자본계정_자본세|자본계정_총고정자본형성|생산계정_기타비시장산출|생산계정_상품비상품판매|소득계정_기타 재산소득|소득계정_의제사회부담금|소득계정_집합소비지출|자본계정_기타자본이전 수취|자본계정_재고증감 및 귀중품 순취득|생산계정_기타비시장산출에 대한 지출|생산계정_중간소비|생산계정_기타비시장산출 기타|생산계정_총부가가치|생산계정_고정자본소모|생산계정_순부가가치|소득계정_피용자보수|소득계정_기타생산세 지급|소득계정_보조금 수취|소득계정_순영업잉여|소득계정_생산및수입세 수취|소득계정_재산소득 수취|소득계정_보조금 지급|소득계정_재산소득 지급|소득계정_순본원소득|소득계정_경상세 수취|소득계정_사회부담금 수취|소득계정_기타경상이전수취|소득계정_경상세 지급|소득계정_사회수혜금|소득계정_사회보장현물수혜|소득계정_사회수혜금+사회보장현물수혜|소득계정_기타경상이전 지급|소득계정_순처분가능소득|소득계정_최종소비지출|소득계정_가계순지분 증감|소득계정_총저축|소득계정_순저축|자본계정_자본이전 수취|자본계정_자본이전 지급|자본계정_총자본형성|자본계정_비생산비금융자산순취득|자본계정_총자본형성+비생산비금융자산순취득|자본계정_저축투자차액|총지출|총수입,항목|금액구분코드별|계정항목별,,「국민계정」,한국은행  경제통계국 국외투자통계팀,02-759-4383,"(1) 연간잠정 : 해당 연도 종료 후 6개월 이내, 연간확정 : 해당 연도 종료 후 18개월 이내. 연간잠정 시에는 일부 기초자료를 이용하지 못함에 따라 추후 공표될 연간확정과 차이가 있을 수 있으며 시계열 분석 시 유의바람 || (2) 재산소득, 기타경상이전, 자본이전, 총지출의 경우 정부 간 내부거래 포함에 따라 부문의 합과 총합이 불일치 || (3) 총지출의 경우 정부의 자가자본형성을 위한 산출액 차감"
301,1976017,DT_200Y154,"공공부문의 부문별 총수입, 총지출, 저축투자차액(명목, 연간)","Public Sector Total Revenue and Total Expenditure (current prices, annual)","한국은행 > 국민계정 > 국민계정(2020년기준) > 일반정부 및 공공부문계정 > 공공부문의 부문별 총수입, 총지출, 저축투자차액(명목, 연간)",2026-09-13,년,,,0,1,56,공공부문의 부문별 총수입 총지출 저축투자차액(명목 연간)|일반정부|비금융공기업|금융공기업|공공부문(비연결)|내부거래|공공부문(연결)|생산계정_산출액|생산계정_시장산출 및 자가최종사용목적산출|소득계정_이자|소득계정_실제사회부담금|소득계정_개별소비지출|자본계정_자본세|자본계정_총고정자본형성|생산계정_기타비시장산출|생산계정_상품비상품판매|소득계정_기타 재산소득|소득계정_의제사회부담금|소득계정_집합소비지출|자본계정_기타자본이전 수취|자본계정_재고증감 및 귀중품 순취득|생산계정_기타비시장산출에 대한 지출|생산계정_중간소비|생산계정_기타비시장산출 기타|생산계정_총부가가치|생산계정_고정자본소모|생산계정_순부가가치|소득계정_피용자보수|소득계정_기타생산세 지급|소득계정_보조금 수취|소득계정_순영업잉여|소득계정_생산및수입세 수취|소득계정_재산소득 수취|소득계정_보조금 지급|소득계정_재산소득 지급|소득계정_순본원소득|소득계정_경상세 수취|소득계정_사회부담금 수취|소득계정_기타경상이전수취|소득계정_경상세 지급|소득계정_사회수혜금|소득계정_사회보장현물수혜|소득계정_사회수혜금+사회보장현물수혜|소득계정_기타경상이전 지급|소득계정_순처분가능소득|소득계정_최종소비지출|소득계정_가계순지분 증감|소득계정_총저축|소득계정_순저축|자본계정_자본이전 수취|자본계정_자본이전 지급|자본계정_총자본형성|자본계정_비생산비금융자산순취득|자본계정_총자본형성+비생산비금융자산순취득|자본계정_저축투자차액|총지출|총수입,항목|금액구분코드별|계정항목별,,「국민계정」,한국은행  경제통계국 국외투자통계팀,02-759-4383,"(1) 연간잠정 : 해당 연도 종료 후 6개월 이내, 연간확정 : 해당 연도 종료 후 18개월 이내. 연간잠정 시에는 일부 기초자료를 이용하지 못함에 따라 추후 공표될 연간확정과 차이가 있을 수 있으며 시계열 분석 시 유의바람 || (2) 산출액의 경우 정부의 자가자본형성을 위한 산출액 차감 || (3) 기타경상이전, 자본이전의 수취 및 지급의 경우 정부 간 내부거래 포함에 따라 부문의 합과 총합이 불일치 || (4) 사회보장현물수혜의 경우 사회부조현물수혜를 포함 || (5) 총고정자본형성의 경우 정부의 자가자본형성을 위한 고정자본소모 차감"
301,1976017,DT_200Y155,"총저축과 총투자(계절조정, 명목, 분기)","Gross Savings and Gross Investments (seasonally adjusted, current prices, quarterly)","한국은행 > 국민계정 > 국민계정(2020년기준) > 총저축과 총투자 > 총저축과 총투자(계절조정, 명목, 분기)",2026-09-13,분기,,,0,1,3,총저축과 총투자(계절조정 명목 분기)|총저축|총자본형성|국민총처분가능소득,항목|계정항목별,,「국민계정」,한국은행  경제통계국 국외투자통계팀,02-759-4383,"(1) 분기속보 : 해당 분기 종료 후 28일 이내, 분기잠정 : 해당 분기 종료 후 70일 이내 || (2) 연간 잠정치 : 해당 연도 종료 후 3개월 내에 국민소득(잠정), 6개월 내에 국민계정(잠정)이 공표, 연간확정 : 해당 연도 종료 후 18개월 이내. 연간잠정 시에는 일부 기초자료를 이용하지 못함에 따라 추후 공표될 연간확정과 차이가 있을 수 있으며 시계열 분석 시 유의바람"
301,1976017,DT_200Y156,"총저축과 총투자(원계열, 명목, 분기 및 연간)","Gross Savings and Gross Investments (not seasonally adjusted, current prices, quarterly & annual)","한국은행 > 국민계정 > 국민계정(2020년기준) > 총저축과 총투자 > 총저축과 총투자(원계열, 명목, 분기 및 연간)",2026-09-13,분기|년,,,0,1,16,총저축과 총투자(원계열 명목 분기 및 연간)|총저축|a.민간|a.비금융 법인기업|총자본형성|b.민간|b.비금융 법인기업|a.금융기관|a.일반정부|총투자|b.금융기관|b.일반정부|국외투자|a.가계 및 비영리단체|b.가계 및 비영리단체|통계상 불일치|국민총처분가능소득,항목|계정항목별,,「국민계정」,한국은행  경제통계국 국외투자통계팀,02-759-4383,"(1) 분기속보 : 해당 분기 종료 후 28일 이내, 분기잠정 : 해당 분기 종료 후 70일 이내 || (2) 연간 잠정치 : 해당 연도 종료 후 3개월 내에 국민소득(잠정), 6개월 내에 국민계정(잠정)이 공표, 연간확정 : 해당 연도 종료 후 18개월 이내. 연간잠정 시에는 일부 기초자료를 이용하지 못함에 따라 추후 공표될 연간확정과 차이가 있을 수 있으며 시계열 분석 시 유의바람 || (3) 가계 및 비영리단체는 가계(민간 비법인기업 포함) 및 가계에 봉사하는 비영리단체를 포괄"
301,1976017,DT_200Y157,"정보통신산업(계절조정, 실질, 분기)","Information and Communication Technologies (seasonally adjusted, chained 2020 year prices, quarterly)","한국은행 > 국민계정 > 국민계정(2020년기준) > 정보통신산업(실질) > 정보통신산업(계절조정, 실질, 분기)",2026-09-13,분기,,,0,1,10,정보통신산업(계절조정 실질 분기)|GDP|정보통신산업|정보통신부문 설비투자|정보통신부문 민간소비|정보통신부문 재화수출|정보통신부문 재화수입|설비투자(지식재산생산물투자 포함)|민간소비|재화수출|재화수입,항목|계정항목별,,「국민계정」,한국은행  경제통계국 국외투자통계팀,02-759-4383,"(1) 분기속보 : 해당 분기 종료 후 28일 이내, 분기잠정 : 해당 분기 종료 후 70일 이내 || (2) 연간 잠정치 : 해당 연도 종료 후 3개월 내에 국민소득(잠정), 6개월 내에 국민계정(잠정)이 공표, 연간확정 : 해당 연도 종료 후 18개월 이내. 연간잠정 시에는 일부 기초자료를 이용하지 못함에 따라 추후 공표될 연간확정과 차이가 있을 수 있으며 시계열 분석 시 유의바람 || (3) 연쇄가중법에 의해 추계된 실질 GDP통계는 비가법적 특성에 의해 총량(또는 상위부문) 금액과 그 구성항목 금액의 합이 일치하지 않음"
301,1976017,DT_200Y158,"정보통신산업(원계열, 실질, 분기 및 연간)","Information and Communication Technologies (not seasonally adjusted, chained 2020 year prices, quarterly & annual)","한국은행 > 국민계정 > 국민계정(2020년기준) > 정보통신산업(실질) > 정보통신산업(원계열, 실질, 분기 및 연간)",2026-09-13,분기|년,,,0,1,10,정보통신산업(원계열 실질 분기 및 연간)|GDP|정보통신산업|정보통신부문 설비투자|정보통신부문 민간소비|정보통신부문 재화수출|정보통신부문 재화수입|설비투자(지식재산생산물투자 포함)|민간소비|재화수출|재화수입,항목|계정항목별,,「국민계정」,한국은행  경제통계국 국외투자통계팀,02-759-4383,"(1) 분기속보 : 해당 분기 종료 후 28일 이내, 분기잠정 : 해당 분기 종료 후 70일 이내 || (2) 연간 잠정치 : 해당 연도 종료 후 3개월 내에 국민소득(잠정), 6개월 내에 국민계정(잠정)이 공표, 연간확정 : 해당 연도 종료 후 18개월 이내. 연간잠정 시에는 일부 기초자료를 이용하지 못함에 따라 추후 공표될 연간확정과 차이가 있을 수 있으며 시계열 분석 시 유의바람 || (3) 연쇄가중법에 의해 추계된 실질 GDP통계는 비가법적 특성에 의해 총량(또는 상위부문) 금액과 그 구성항목 금액의 합이 일치하지 않음"
301,1976018,DT_303Y001,지역별 결제통화(수출),Settlement currency by region(Export),한국은행 > 국제수지통계 > 국제수지 > 수출 결제통화 > 지역별 결제통화(수출),2026-09-13,월|분기|반기|년,,,0,1,96,지역별 결제통화(수출)|수출|아세안|싱가폴달러 (아세안)|달러 (아세안)|위안화 (중국)|달러 (중국)|루블화 (기타)|달러 (기타)|루블화 (EU(영국제외))|달러 (EU(영국제외))|루블화 (EU)|달러 (EU)|달러 (일본)|달러 (중동)|루블화 (동남아)|헤알화 (중남미)|달러 (중남미)|전체|루블화 (전체)|달러 (전체)|달러 (미국)|호주달러 (아세안)|엔화 (아세안)|홍콩달러 (중국)|엔화 (중국)|싱가폴달러 (기타)|엔화 (기타)|파운드화 (EU(영국제외))|엔화 (EU(영국제외))|파운드화 (EU)|엔화 (EU)|엔화 (일본)|엔화 (중동)|싱가폴달러 (동남아)|달러 (동남아)|엔화 (중남미)|싱가폴달러 (전체)|엔화 (전체)|미국|엔화 (미국)|유로화 (아세안)|유로화 (중국)|위안화 (기타)|유로화 (기타)|유로화 (EU(영국제외))|유로화 (EU)|일본|유로화 (일본)|유로화 (중동)|위안화 (동남아)|엔화 (동남아)|유로화 (중남미)|위안화 (전체)|유로화 (전체)|유로화 (미국)|원화 (아세안)|중국|원화 (중국)|파운드화 (기타)|원화 (기타)|원화 (EU(영국제외))|원화 (EU)|원화 (일본)|원화 (중동)|호주달러 (동남아)|유로화 (동남아)|원화 (중남미)|파운드화 (전체)|원화 (전체)|원화 (미국)|기타 (아세안)|기타 (중국)|기타 (기타)|호주달러 (기타)|EU|기타 (EU(영국제외))|기타 (EU)|기타 (일본)|기타 (중동)|홍콩달러 (동남아)|원화 (동남아)|기타 (중남미)|기타 (전체)|헤알화 (전체)|기타 (미국)|홍콩달러 (기타)|EU(영국제외)|기타 (동남아)|호주달러 (전체)|동남아|홍콩달러 (전체)|중남미|중동|기타|금액|비중(%),항목|계정코드별|금액/비중 구분별,백만달러|%,「국제수지통계」,한국은행  한국은행 국제수지팀,02-759-4417,"1) 상반기 잠정통계(월 단위)는 10월 이후, 연간 확정통계(월 단위)는 익년도 4월 이후 공표 || 2) EU : 영국이 유럽연합(EU)을 탈퇴(2020.1.31일)한 2020.2월부터 EU회원국 범위를 기존 28개국에서 영국을 제외한 27개국으로 변경 || 3) EU(영국제외) : 영국을 제외한 현 EU 27개국 기준"
301,1976018,DT_303Y002,국가별 결제통화(수출),Settlement currency by country(Export),한국은행 > 국제수지통계 > 국제수지 > 수출 결제통화 > 국가별 결제통화(수출),2026-09-13,월|분기|반기|년,,,0,1,75,국가별 결제통화(수출)|수출|호주달러 (호주)|달러 (호주)|헤알화 (브라질)|달러 (브라질)|파운드화 (영국)|달러 (영국)|홍콩달러 (홍콩)|달러 (홍콩)|달러 (인도네시아)|달러 (인도)|루블화 (러시아)|달러 (러시아)|달러 (사우디아라비아)|싱가폴달러 (싱가포르)|달러 (싱가포르)|대만|달러 (대만)|달러 (베트남)|엔화 (호주)|엔화 (브라질)|엔화 (영국)|엔화 (홍콩)|엔화 (인도네시아)|엔화 (인도)|러시아|엔화 (러시아)|엔화 (사우디아라비아)|엔화 (싱가포르)|엔화 (대만)|엔화 (베트남)|유로화 (호주)|유로화 (브라질)|유로화 (영국)|유로화 (홍콩)|유로화 (인도네시아)|유로화 (인도)|유로화 (러시아)|유로화 (사우디아라비아)|유로화 (싱가포르)|유로화 (대만)|베트남|유로화 (베트남)|원화 (호주)|브라질|원화 (브라질)|원화 (영국)|원화 (홍콩)|원화 (인도네시아)|원화 (인도)|원화 (러시아)|원화 (사우디아라비아)|원화 (싱가포르)|원화 (대만)|원화 (베트남)|기타 (호주)|기타 (브라질)|기타 (영국)|기타 (홍콩)|기타 (인도네시아)|기타 (인도)|기타 (러시아)|사우디아라비아|기타 (사우디아라비아)|기타 (싱가포르)|기타 (대만)|기타 (베트남)|싱가포르|인도|인도네시아|호주|홍콩|영국|금액|비중(%),항목|계정코드별|금액/비중 구분별,백만달러|%,「국제수지통계」,한국은행  한국은행 국제수지팀,02-759-4417,"상반기 잠정통계(월 단위)는 10월 이후, 연간 확정통계(월 단위)는 익년도 4월 이후 공표"
301,1976018,DT_303Y003,"지역별,국가별 원화결제(수출)",Korean Won settlement by region/country(Export),"한국은행 > 국제수지통계 > 국제수지 > 수출 결제통화 > 지역별,국가별 원화결제(수출)",2026-09-13,월|분기|반기|년,,,0,1,31,지역별국가별 원화결제(수출)|수출|러시아|독일|사우디아라비아|아세안|필리핀|브라질|전체|인도|프랑스|아랍에미리트연합|베트남|홍콩|미국|중국|호주|영국(~2020.1)|이란|태국|영국(2020.2~)|일본|요르단|리비아|동남아|EU|EU(영국제외)|중동|중남미|기타|금액|비중(%),항목|계정코드별|금액/비중 구분별,백만달러|%,「국제수지통계」,한국은행  한국은행 국제수지팀,02-759-4417,"1) 상반기 잠정통계(월 단위)는 10월 이후, 연간 확정통계(월 단위)는 익년도 4월 이후 공표 || 2) EU : 영국이 유럽연합(EU)을 탈퇴(2020.1.31일)한 2020.2월부터 EU회원국 범위를 기존 28개국에서 영국을 제외한 27개국으로 변경 || 3) EU(영국제외) : 영국을 제외한 현 EU 27개국 기준"
301,1976018,DT_303Y004,지역별 결제통화(수입),Settlement currency by region(Import),한국은행 > 국제수지통계 > 국제수지 > 수입 결제통화 > 지역별 결제통화(수입),2026-09-13,월|분기|반기|년,,,0,1,96,지역별 결제통화(수입)|수입|아세안|싱가폴달러 (아세안)|달러 (아세안)|위안화 (중국)|달러 (중국)|루블화 (기타)|달러 (기타)|루블화 (EU(영국제외))|달러 (EU(영국제외))|루블화 (EU)|달러 (EU)|달러 (일본)|달러 (중동)|루블화 (동남아)|헤알화 (중남미)|달러 (중남미)|전체|루블화 (전체)|달러 (전체)|달러 (미국)|호주달러 (아세안)|엔화 (아세안)|홍콩달러 (중국)|엔화 (중국)|싱가폴달러 (기타)|엔화 (기타)|파운드화 (EU(영국제외))|엔화 (EU(영국제외))|파운드화 (EU)|엔화 (EU)|엔화 (일본)|엔화 (중동)|싱가폴달러 (동남아)|달러 (동남아)|엔화 (중남미)|싱가폴달러 (전체)|엔화 (전체)|미국|엔화 (미국)|유로화 (아세안)|유로화 (중국)|위안화 (기타)|유로화 (기타)|유로화 (EU(영국제외))|유로화 (EU)|일본|유로화 (일본)|유로화 (중동)|위안화 (동남아)|엔화 (동남아)|유로화 (중남미)|위안화 (전체)|유로화 (전체)|유로화 (미국)|원화 (아세안)|중국|원화 (중국)|파운드화 (기타)|원화 (기타)|원화 (EU(영국제외))|원화 (EU)|원화 (일본)|원화 (중동)|호주달러 (동남아)|유로화 (동남아)|원화 (중남미)|파운드화 (전체)|원화 (전체)|원화 (미국)|기타 (아세안)|기타 (중국)|기타 (기타)|호주달러 (기타)|EU|기타 (EU(영국제외))|기타 (EU)|기타 (일본)|기타 (중동)|홍콩달러 (동남아)|원화 (동남아)|기타 (중남미)|기타 (전체)|헤알화 (전체)|기타 (미국)|홍콩달러 (기타)|EU(영국제외)|기타 (동남아)|호주달러 (전체)|동남아|홍콩달러 (전체)|중남미|중동|기타|금액|비중(%),항목|계정코드별|금액/비중 구분별,백만달러|%,「국제수지통계」,한국은행  한국은행 국제수지팀,02-759-4417,"1) 상반기 잠정통계(월 단위)는 10월 이후, 연간 확정통계(월 단위)는 익년도 4월 이후 공표 || 2) EU : 영국이 유럽연합(EU)을 탈퇴(2020.1.31일)한 2020.2월부터 EU회원국 범위를 기존 28개국에서 영국을 제외한 27개국으로 변경 || 3) EU(영국제외) : 영국을 제외한 현 EU 27개국 기준"
301,1976018,DT_303Y005,국가별 결제통화(수입),Settlement currency by country(Import),한국은행 > 국제수지통계 > 국제수지 > 수입 결제통화 > 국가별 결제통화(수입),2026-09-13,월|분기|반기|년,,,0,1,75,국가별 결제통화(수입)|수입|호주달러 (호주)|달러 (호주)|헤알화 (브라질)|달러 (브라질)|파운드화 (영국)|달러 (영국)|홍콩달러 (홍콩)|달러 (홍콩)|달러 (인도네시아)|달러 (인도)|루블화 (러시아)|달러 (러시아)|달러 (사우디아라비아)|싱가폴달러 (싱가포르)|달러 (싱가포르)|대만|달러 (대만)|달러 (베트남)|엔화 (호주)|엔화 (브라질)|엔화 (영국)|엔화 (홍콩)|엔화 (인도네시아)|엔화 (인도)|러시아|엔화 (러시아)|엔화 (사우디아라비아)|엔화 (싱가포르)|엔화 (대만)|엔화 (베트남)|유로화 (호주)|유로화 (브라질)|유로화 (영국)|유로화 (홍콩)|유로화 (인도네시아)|유로화 (인도)|유로화 (러시아)|유로화 (사우디아라비아)|유로화 (싱가포르)|유로화 (대만)|베트남|유로화 (베트남)|원화 (호주)|브라질|원화 (브라질)|원화 (영국)|원화 (홍콩)|원화 (인도네시아)|원화 (인도)|원화 (러시아)|원화 (사우디아라비아)|원화 (싱가포르)|원화 (대만)|원화 (베트남)|기타 (호주)|기타 (브라질)|기타 (영국)|기타 (홍콩)|기타 (인도네시아)|기타 (인도)|기타 (러시아)|사우디아라비아|기타 (사우디아라비아)|기타 (싱가포르)|기타 (대만)|기타 (베트남)|싱가포르|인도|인도네시아|호주|홍콩|영국|금액|비중(%),항목|계정코드별|금액/비중 구분별,백만달러|%,「국제수지통계」,한국은행  한국은행 국제수지팀,02-759-4417,"상반기 잠정통계(월 단위)는 10월 이후, 연간 확정통계(월 단위)는 익년도 4월 이후 공표"
301,1976018,DT_303Y006,"지역별,국가별 원화결제(수입)",Korean Won settlement by region/country(Import),"한국은행 > 국제수지통계 > 국제수지 > 수입 결제통화 > 지역별,국가별 원화결제(수입)",2026-09-13,월|분기|반기|년,,,0,1,28,지역별국가별 원화결제(수입)|수입|스위스|독일|이란|아세안|베트남|멕시코|전체|영국(2020.2~)|벨기에|태국|미국|중국|스웨덴|스페인|일본|아일랜드|동남아|EU|영국(~2020.1)|EU(영국제외)|이탈리아|프랑스|중동|중남미|기타|금액|비중(%),항목|계정코드별|금액/비중 구분별,백만달러|%,「국제수지통계」,한국은행  한국은행 국제수지팀,02-759-4417,"1) 상반기 잠정통계(월 단위)는 10월 이후, 연간 확정통계(월 단위)는 익년도 4월 이후 공표 || 2) EU : 영국이 유럽연합(EU)을 탈퇴(2020.1.31일)한 2020.2월부터 EU회원국 범위를 기존 28개국에서 영국을 제외한 27개국으로 변경 || 3) EU(영국제외) : 영국을 제외한 현 EU 27개국 기준"
301,1976023,DT_282Y001,발행잔액(명목),Stocks(Nominal Value),한국은행 > 자금순환표 > 2008 SNA 기준 > 상세채권통계(2018~) > 발행잔액(명목),2026-09-13,분기|년,,,0,1,22,발행잔액(명목)|국내|금융법인|한국은행|유동화회사 등|중앙정부|총계|예금취급기관|일반정부|기타금융기관|비금융법인|보험기관 및 연금기금|가계 및 비영리단체|통화별|원화|단기|잔존만기 1년이하|국내시장|외화|만기별|장기|국외시장|발행시장별,항목|기관코드별|계정항목별,,「자금순환표」,한국은행  경제통계1국 자금순환팀,02-759-4423,"거주자 경제주체(금융법인, 비금융법인, 일반정부)의 명목가격 기준 채권발행잔액 통계(SNA2008기준)"
301,1976023,DT_282Y002,발행잔액(시가),Stocks(Market Value),한국은행 > 자금순환표 > 2008 SNA 기준 > 상세채권통계(2018~) > 발행잔액(시가),2026-09-13,분기|년,,,0,1,22,발행잔액(시가)|국내|금융법인|한국은행|유동화회사 등|중앙정부|총계|예금취급기관|일반정부|기타금융기관|비금융법인|보험기관 및 연금기금|가계 및 비영리단체|통화별|원화|단기|잔존만기 1년이하|국내시장|외화|만기별|장기|국외시장|발행시장별,항목|기관코드별|계정항목별,,「자금순환표」,한국은행  경제통계1국 자금순환팀,02-759-4423,"거주자 경제주체(금융법인, 비금융법인, 일반정부)의 시장가격 기준 채권발행잔액 통계(SNA2008기준)"
301,1976023,DT_282Y003,순발행액(시가),Net Transactions(Market Value),한국은행 > 자금순환표 > 2008 SNA 기준 > 상세채권통계(2018~) > 순발행액(시가),2026-09-13,분기|년,,,0,1,22,순발행액(시가)|국내|금융법인|한국은행|유동화회사 등|중앙정부|총계|예금취급기관|일반정부|기타금융기관|비금융법인|보험기관 및 연금기금|가계 및 비영리단체|통화별|원화|단기|잔존만기 1년이하|국내시장|외화|만기별|장기|국외시장|발행시장별,항목|기관코드별|계정항목별,,「자금순환표」,한국은행  경제통계1국 자금순환팀,02-759-4423,
301,1976023,DT_282Y004,보유잔액(시가),Stocks(Market Value),한국은행 > 자금순환표 > 2008 SNA 기준 > 상세채권통계(2018~) > 보유잔액(시가),2026-09-13,분기|년,,,0,1,35,보유잔액(시가)|국내|금융법인|한국은행|유동화회사 등|중앙정부|총계|예금취급기관|일반정부|국외|MMF|비금융법인|기타금융기관|가계 및 비영리단체|보험기관 및 연금기금|통화별|거주자 발행|원화|단기|국내시장|외화|비거주자 발행|만기별|장기|국외시장|발행시장별,항목|기관코드별|계정항목별,,「자금순환표」,한국은행  경제통계1국 자금순환팀,02-759-4423,
301,1976023,DT_282Y005,순취득액(시가),Net Transactions(Market Value),한국은행 > 자금순환표 > 2008 SNA 기준 > 상세채권통계(2018~) > 순취득액(시가),2026-09-13,분기|년,,,0,1,35,순취득액(시가)|국내|금융법인|한국은행|유동화회사 등|중앙정부|총계|예금취급기관|일반정부|국외|MMF|비금융법인|기타금융기관|가계 및 비영리단체|보험기관 및 연금기금|통화별|거주자 발행|원화|단기|국내시장|외화|비거주자 발행|만기별|장기|국외시장|발행시장별,항목|기관코드별|계정항목별,,「자금순환표」,한국은행  경제통계1국 자금순환팀,02-759-4423,
301,1976023,DT_282Y006,"채권발행-보유관계표(잔액, 시가)","Debt Securities Issues and Holdings(Stocks, Market Value)","한국은행 > 자금순환표 > 2008 SNA 기준 > 상세채권통계(2018~) > 채권발행-보유관계표(잔액, 시가)",2026-09-13,분기|년,,,0,1,14,채권발행-보유관계표(잔액 시가)|국내|금융법인|발행총계|일반정부|국외|비금융법인|가계 및 비영리단체|보유총계,항목|발행(행)별|보유(열)별,,「자금순환표」,한국은행  경제통계1국 자금순환팀,02-759-4423,
301,1976023,DT_284Y001,잔액표,Stocks,한국은행 > 자금순환표 > 2008 SNA 기준 > 상세자금순환표(2018~) > 잔액표,2026-09-13,년,,,0,0,0,,,,「자금순환표」,한국은행  경제통계1국 자금순환팀,02-759-4423,"1) 비은행 예금취급기관은 신탁, 서민금융기관(저축은행, 신협, 새마을금고, 상호금융), 종금사, 기타예금취급기관(수출입은행, 우체국예금) 등을 포함 || 2) 기타금융기관은 금융중개기관(증권기관, 여신전문기관, 공적금융기관), 금융보조기관, 전속금융기관(지주사, SPC) 및 대부업체 등을 포함 || 3) 금융상품은 현금 및 예금, 채권, 대출금(정부융자 포함), 보험 및 연금 준비금, 투자펀드 지분을 대상으로 함"
301,1976023,DT_284Y002,거래표,Net Transactions,한국은행 > 자금순환표 > 2008 SNA 기준 > 상세자금순환표(2018~) > 거래표,2026-09-13,년,,,0,0,0,,,,「자금순환표」,한국은행  경제통계1국 자금순환팀,02-759-4423,"1) 비은행 예금취급기관은 신탁, 서민금융기관(저축은행, 신협, 새마을금고, 상호금융), 종금사, 기타예금취급기관(수출입은행, 우체국예금) 등을 포함 || 2) 기타금융기관은 금융중개기관(증권기관, 여신전문기관, 공적금융기관), 금융보조기관, 전속금융기관(지주사, SPC) 및 대부업체 등을 포함 || 3) 금융상품은 현금 및 예금, 채권, 대출금(정부융자 포함), 보험 및 연금 준비금, 투자펀드 지분을 대상으로 함"
301,1976015,DT_161Y017,기타예금취급기관 개관표(말잔),Other Depository Corporations Survey (End of),한국은행 > 통화금융통계 > 통화 및 유동성지표 > 예금취급기관 개관표 > 기타예금취급기관 개관표(말잔),2026-09-13,월|분기|년,,,0,1,112,기타예금취급기관 개관표(말잔)|예치금|국내신용부문|중앙정부부문 ( 순 )|중앙정부신용증가 (+)|예수금|채무증권|대출금|국외부문신용증가 (+)|국내 및 국외 신용|M2( 광의통화 )|현금통화|결제성 예수금|요구불예금|MMF 지분|금융채|예수금 (M2 제외)|중앙정부신용감소 (-)|차입금|지방정부부문|주식 및 기타지분|기타|국외신용부문 ( 순 )|국외부문신용감소 (-)|M2에 포함되는 예수금|수시입출식저축성예금|만기2년미만정기예적금|기타 예수금|예수금 채무증권 (M2 제외)|채무증권(M2 제외)|총부채 및 자본|사회보장기구부문|양도성예금증서|M2에 포함되는 채무증권|비금융기업부문|매출어음|파생상품|가계 및 비영리단체부문|국외통화|CMA|기타(순)|기타금융기관부문|만기2년미만금전신탁|자본계정|Non-MMF부문|발행어음|중앙은행에 대한 부채|신탁형증권저축|보험기관부문|통합조정(순)|연금기금부문|만기2년미만외화예수금|기타금융중개기관부문|환매조건부채권매도|금융보조기관부문|전속금융기관 및 대부업체부문|중앙은행부문,항목|계정항목별,,「통화금융통계」,한국은행 경제통계1 금융통계,02-759-4376,"'2026년 4월 통화 및 유동성’ 공표시 기초자료 변경사항을 반영하여 과거 시계열(2022.12월~2026.2월)을 수정(2026.6.16.) || 1) 예금은행, 비은행예금취급기관(서민금융기관, MMF 등) 포괄 || 2) 기타금융기관부문: 2025.12월 통화 및 유동성 통계 개편에 따라 기타금융기관의 세분화된 통계를 2023.12월부터 제공 || 3) 연금기금부문: 민간의 퇴직관련 신탁계정 등(국민연금기금, 공무원연금기금, 군인연금기금 등 제외) || 4) 기타금융중개기관부문: 증권기관, 여신전문기관 등 || 5) 금융보조기관부문: 서민금융기관 중앙회, 자금중개회사, 투자자문회사, 한국거래소, 금융결제원 등 || 6) 전속금융기관 및 대부업체부문: SPC, 금융지주회사, 대부업체 등 || 7) 국외부문 주식 및 기타지분 : 2023년 11월 이전에는 채무증권에 포함 || 8) 최종월은 잠정치"
301,1976015,DT_161Y015,예금취급기관 개관표(말잔),Depository Corporations Survey(End of),한국은행 > 통화금융통계 > 통화 및 유동성지표 > 예금취급기관 개관표 > 예금취급기관 개관표(말잔),2026-09-13,월|분기|년,,,0,1,107,예금취급기관 개관표(말잔)|예치금|국내신용부문|중앙정부부문 ( 순 )|중앙정부신용증가 (+)|예수금|채무증권|대출금|국외부문신용증가 (+)|국내 및 국외 신용|M2( 광의통화 )|현금통화|결제성 예수금|요구불예금|MMF 지분|금융채|예수금 (M2 제외)|중앙정부신용감소 (-)|차입금|지방정부부문|주식 및 기타지분|기타|국외신용부문 ( 순 )|국외부문신용감소 (-)|M2에 포함되는 예수금|수시입출식저축성예금|만기2년미만정기예적금|기타 예수금|예수금 채무증권 (M2 제외)|채무증권(M2 제외)|총부채 및 자본|사회보장기구부문|양도성예금증서|M2에 포함되는 채무증권|비금융기업부문|매출어음|파생상품|가계 및 비영리단체부문|국외통화|CMA|기타(순)|기타금융기관부문|만기2년미만금전신탁|자본계정|Non-MMF부문|발행어음|통합조정(순)|신탁형증권저축|보험기관부문|연금기금부문|만기2년미만외화예수금|기타금융중개기관부문|환매조건부채권매도|금융보조기관부문|전속금융기관 및 대부업체부문,항목|계정항목별,,「통화금융통계」,한국은행 경제통계1 금융통계,02-759-4376,"'2026년 4월 통화 및 유동성’ 공표시 기초자료 변경사항을 반영하여 과거 시계열(2022.12월~2026.2월)을 수정(2026.6.16.) || 1) 중앙은행, 기타예금취급기관 포괄 || 2) 사회보장기구 부문: 국민연금기금, 고용보험기금, 산업재해보상보험 및 예방기금 등 || 3) 비금융기업 부문: 민간기업 및 공기업 등 || 4) 기타금융기관부문: 2025.12월 통화 및 유동성 통계 개편에 따라 기타금융기관의 세분화된 통계를 2023.12월부터 제공 || 5) 연금기금부문: 민간의 퇴직관련 신탁계정 등(국민연금기금, 공무원연금기금, 군인연금기금 등 제외) || 6) 기타금융중개기관부문: 증권기관, 여신전문기관 등 || 7) 금융보조기관부문: 서민금융기관 중앙회, 자금중개회사, 투자자문회사, 한국거래소, 금융결제원 등 || 8) 전속금융기관 및 대부업체부문: SPC, 금융지주회사, 대부업체 등 || 9) 국외부문 주식 및 기타지분 : 2023년 11월 이전에는 채무증권에 포함"
301,1976015,DT_161Y016,중앙은행 개관표(말잔),Central Bank Survey (End of),한국은행 > 통화금융통계 > 통화 및 유동성지표 > 예금취급기관 개관표 > 중앙은행 개관표(말잔),2026-09-13,월|분기|년,,,0,1,104,중앙은행 개관표(말잔)|예치금|국내신용부문|중앙정부부문 ( 순 )|중앙정부신용증가 (+)|채무증권|예수금|대출금|국외부문신용증가 (+)|국내 및 국외 신용|M2 에 포함되는 예수금|금융채|기타예금취급기관에 대한 부채|만기 2년이상 원화채권(신종자본증권)|시재금|현금통화|중앙정부신용감소 (-)|차입금|지방정부부문|주식 및 기타지분|기타|국외신용부문 ( 순 )|국외부문신용감소 (-)|M2에 포함되는 채무증권|외화채권|중앙은행의 대예취기관부채|총부채 및 자본|지준예치금|사회보장기구부문|예수금 (M2 제외)|비금융기업부문|채무증권(M2 제외)|가계 및 비영리단체부문|국외통화|기타금융기관부문|파생상품|Non-MMF부문|기타(순)|보험기관부문|자본계정|연금기금부문|본원통화|기타금융중개기관부문|통합조정(순)|금융보조기관부문|전속금융기관 및 대부업체부문|기타예금취급기관부문,항목|계정항목별,,「통화금융통계」,한국은행 경제통계1 금융통계,02-759-4376,"'2026년 4월 통화 및 유동성’ 공표시 기초자료 변경사항을 반영하여 과거 시계열(2022.12월~2026.2월)을 수정(2026.6.16.) || 1) 기타예금취급기관 부문: 예금은행, 서민금융기관, MMF 등 || 2) 기타금융기관부문: 2025.12월 통화 및 유동성 통계 개편에 따라 기타금융기관의 세분화된 통계를 2023.12월부터 제공 || 3) 연금기금부문: 민간의 퇴직관련 신탁계정 등(국민연금기금, 공무원연금기금, 군인연금기금 등 제외) || 4) 기타금융중개기관부문: 증권기관, 여신전문기관 등 || 5) 금융보조기관부문: 서민금융기관 중앙회, 자금중개회사, 투자자문회사, 한국거래소, 금융결제원 등 || 6) 전속금융기관 및 대부업체부문: SPC, 금융지주회사, 대부업체 등 || 7) 최종월은 잠정치 || 8) 본원통화 통계의 속보성 제고를 위해 2025.12월 M2 통계 공표시부터 본원통화 총액 통계를 해당 월말 2주 후(익월 중순) 공표"
301,1976015,DT_172Y001,"L(광의유동성) 구성내역(말잔, 계절조정계열)","L(Liquidity Aggregates)(End of, SA)","한국은행 > 통화금융통계 > 통화 및 유동성지표 > L(광의유동성) > L(광의유동성) 구성내역(말잔, 계절조정계열)",2026-09-13,월|년,,,0,1,5,L(광의유동성) 구성내역(말잔 계절조정계열)|L(광의 유동성)|Lf(금융기관 유동성)|기타금융기관상품 1)|국채 지방채 등 2)|회사채 기업어음 3),항목|계정항목별,,「통화금융통계」,한국은행 경제통계1 금융통계,02-759-4376,"광의유동성(L) = Lf + 정부 및 기업 등이 발행한 유동성 상품 등 || 최종월 수치는 잠정치 || 1) Lf 통화발행주체(Non-MMF, 연금기금, 생명보험회사, 한국증권금융, 종합금융투자사업자의 종합투자계좌(IMA) 부문)를 제외한 기타금융기관의 상품(손해보험사 보험계약준비금, 증권회사 환매조건부채권, 자산유동화채권 등) || 2) 국채, 지방채, 예금보험공사채, 자산관리공사채 등 || 3) 2013년 4월부터 전자단기사채 포함"
301,1976015,DT_172Y002,"L(광의유동성) 구성내역(말잔, 원계열)",L(Liquidity Aggregates)(End of),"한국은행 > 통화금융통계 > 통화 및 유동성지표 > L(광의유동성) > L(광의유동성) 구성내역(말잔, 원계열)",2026-09-13,월|분기|년,,,0,1,5,L(광의유동성) 구성내역(말잔 원계열)|L(광의 유동성)|Lf(금융기관 유동성)|기타금융기관상품 1)|국채 지방채 등 2)|회사채 기업어음 3),항목|계정항목별,,「통화금융통계」,한국은행 경제통계1 금융통계,02-759-4376,"광의유동성(L) = Lf + 정부 및 기업 등이 발행한 유동성 상품 등 || 최종월 수치는 잠정치 || 1) Lf 통화발행주체(Non-MMF, 연금기금, 생명보험회사, 한국증권금융, 종합금융투자사업자의 종합투자계좌(IMA) 부문)를 제외한 기타금융기관의 상품(손해보험사 보험계약준비금, 증권회사 환매조건부채권, 자산유동화채권 등) || 2) 국채, 지방채, 예금보험공사채, 자산관리공사채 등 || 3) 2013년 4월부터 전자단기사채 포함"
301,1976015,DT_104Y009,"예금은행 원화예금(예금주별,말잔)",Deposits in Domestic Currency at CBs and SBs By Depositors (End Of),"한국은행 > 통화금융통계 > 예금/대출금/기타금융 > 예금은행 수신 및 여신 > 예금은행 원화예금(예금주별,말잔)",2026-09-13,월|분기|년,,,0,1,12,예금은행 원화예금(예금주별말잔)|총예금|가계|기업|기타|요구불예금|저축성예금,항목|계정항목별,,「통화금융통계」,한국은행 경제통계1 금융통계,02-759-4376,
301,1976015,DT_104Y015,"예금은행 원화예금(종별, 말잔)",Deposits in Domestic Currency at CBs and SBs By Type (End of),"한국은행 > 통화금융통계 > 예금/대출금/기타금융 > 예금은행 수신 및 여신 > 예금은행 원화예금(종별, 말잔)",2026-09-13,월|분기|년,,,0,1,22,예금은행 원화예금(종별 말잔)|총예금|요구불예금|당좌예금|정기예금|가계당좌예금|저축성예금|정기적금|보통예금|상호부금|별단예금|주택부금|공금예금|저축예금|국고예금|목돈마련저축|여신관리예금|자유저축예금|기업자유예금|근로자장기저축|장기주택마련저축|근로자우대저축|가계장기저축,항목|계정항목별,,「통화금융통계」,한국은행 경제통계1 금융통계,02-759-4376,1) 산업은행이 예금은행으로 분류된 2002년 1월부터 동 기관분 포함 || 2) 외화예금 및 동업자예금 제외 || 3) 정기적금내 가계우대정기적금 포함 || 4) 주택부금내 근로자주택마련저축 포함
301,1976015,DT_104Y008,"예금은행 원화예금(종별, 평잔)",Deposits in Domestic Currency at CBs and SBs By Type (Average),"한국은행 > 통화금융통계 > 예금/대출금/기타금융 > 예금은행 수신 및 여신 > 예금은행 원화예금(종별, 평잔)",2026-09-13,월|분기|년,,,0,1,22,예금은행 원화예금(종별 평잔)|총예금|요구불예금|당좌예금|정기예금|가계당좌예금|저축성예금|정기적금|보통예금|상호부금|별단예금|주택부금|공금예금|저축예금|국고예금|목돈마련저축|여신관리자금|자유저축예금|기업자유예금|근로자장기저축|장기주택마련저축|근로자우대저축|가계장기저축,항목|계정항목별,,「통화금융통계」,한국은행 경제통계1 금융통계,02-759-4376,1) 산업은행이 예금은행으로 분류된 2002년 1월부터 동 기관분 포함 || 2) 외화예금 및 동업자예금 제외 || 3) 정기적금내 가계우대정기적금 포함 || 4) 주택부금내 근로자주택마련저축 포함
301,1976015,DT_104Y010,"예금은행 정기예금(기간별, 말잔)",Time Deposits in Domestic Currency at CBs and SBs By Term (End Of),"한국은행 > 통화금융통계 > 예금/대출금/기타금융 > 예금은행 수신 및 여신 > 예금은행 정기예금(기간별, 말잔)",2026-09-13,월|분기|년,,,0,1,6,예금은행 정기예금(기간별 말잔)|합계|6개월미만|6개월이상 1년미만|1년이상 2년미만|2년이상 3년미만|3년이상,항목|계정항목별,,「통화금융통계」,한국은행 경제통계1 금융통계,02-759-4376,
301,1976015,DT_141Y004,예금은행 지역별 기업대출(말잔),Loans to Enterprise by Region (End of),한국은행 > 통화금융통계 > 예금/대출금/기타금융 > 예금은행 수신 및 여신 > 예금은행 지역별 기업대출(말잔),2026-09-13,월|분기|년,,,0,1,22,예금은행 지역별 기업대출(말잔)|기업대출금|중소기업대출|중소기업시설|전국|서울|부산|대구|인천|광주|대전|울산|경기|강원|충북|충남|전북|전남|경북|경남|제주|세종|예금은행,항목|계정항목별|지역코드별|보고기관별,,「통화금융통계」,한국은행 경제통계1 금융통계,02-759-4376,"* 최종월 수치는 잠정치이며 금융기관 조사표 등 기초자료가 보완되거나 편제기준이 변경되는 경우 기공표된 수치는 수정됩니다. || 1) 시.도별 구분은 취급점포 소재지 기준임 || 2) 2012년 9월부터 세종시 통계가 추가됨에 따라 그동안 충남(연기군전체, 공주시 일부) 및 충북(청원군 일부)지역에 || 포함되었던 지역통계가 세종시로 이관됨에 따라 충남 및 충북통계 이용시 2012년 9월 전후 시계열 비교에 유의"
301,1976015,DT_141Y003,예금은행 지역별 대출금(말잔),Loans & Discounts by Region (End of),한국은행 > 통화금융통계 > 예금/대출금/기타금융 > 예금은행 수신 및 여신 > 예금은행 지역별 대출금(말잔),2026-09-13,월|분기|년,,,0,1,27,예금은행 지역별 대출금(말잔)|원화대출금|(시설자금)|(할인어음)|(운전자금)|금융자금대출금|(당좌대출)|(일반자금)|재정자금대출금|전국|서울|부산|대구|인천|광주|대전|울산|경기|강원|충북|충남|전북|전남|경북|경남|제주|세종|예금은행,항목|계정항목별|지역코드별|보고기관별,,「통화금융통계」,한국은행 경제통계1 금융통계,02-759-4376,"* 최종월 수치는 잠정치이며 금융기관 조사표 등 기초자료가 보완되거나 편제기준이 변경되는 경우 기공표된 수치는 수정됩니다. || 1) 시.도별 구분은 취급점포 소재지 기준임, 단, 2017.2월이후 인터넷전문은행은 서울지역으로 분류 || 2) 2012년 9월부터 세종시 통계가 추가됨에 따라 그동안 충남(연기군전체, 공주시 일부) 및 충북(청원군 일부)지역에 || 포함되었던 지역통계가 세종시로 이관됨에 따라 충남 및 충북통계 이용시 2012년 9월 전후 시계열 비교에 유의"
301,1976015,DT_141Y002,예금은행 지역별 수신(말잔),Total Deposits at CBs and SBs (End of),한국은행 > 통화금융통계 > 예금/대출금/기타금융 > 예금은행 수신 및 여신 > 예금은행 지역별 수신(말잔),2026-09-13,월|분기|년,,,0,1,28,예금은행 지역별 수신(말잔)|원화예금|요구불예금|당좌예금|정기예금|보통예금|저축성예금|정기적금|별단예금|저축예금|전국|서울|부산|대구|인천|광주|대전|울산|경기|강원|충북|충남|전북|전남|경북|경남|제주|세종|예금은행,항목|계정항목별|지역코드별|보고기관별,,「통화금융통계」,한국은행 경제통계1 금융통계,02-759-4376,"* 최종월 수치는 잠정치이며 금융기관 조사표 등 기초자료가 보완되거나 편제기준이 변경되는 경우 기공표된 수치는 수정됩니다. || 1) 시.도별 구분은 취급점포 소재지 기준임, 단, 2017.2월이후 인터넷전문은행은 서울지역으로 분류 || 2) 2012년 9월부터 세종시 통계가 추가됨에 따라 그동안 충남(연기군전체, 공주시 일부) 및 충북(청원군 일부)지역에 || 포함되었던 지역통계가 세종시로 이관됨에 따라 충남 및 충북통계 이용시 2012년 9월 전후 시계열 비교에 유의"
301,1976015,DT_104Y013,예금은행 총수신(말잔),Total Deposits(End of),한국은행 > 통화금융통계 > 예금/대출금/기타금융 > 예금은행 수신 및 여신 > 예금은행 총수신(말잔),2026-09-13,월|분기|년,,,0,1,10,예금은행 총수신(말잔)|원화예금|수신합계|외화예금|비거주자예수금|CD순발행|매출어음|환매조건부채권매도|금융채발행,항목|계정항목별,,「통화금융통계」,한국은행 경제통계1 금융통계,02-759-4376,1) 산업은행이 예금은행으로 분류된 2002년 1월부터 동 기관분 포함 || 2) 동업자예금 제외
301,1976015,DT_104Y014,예금은행 총수신(평잔),Total Deposits(Average),한국은행 > 통화금융통계 > 예금/대출금/기타금융 > 예금은행 수신 및 여신 > 예금은행 총수신(평잔),2026-09-13,월|분기|년,,,0,1,10,예금은행 총수신(평잔)|원화예금|수신합계|외화예금|비거주자예수금|CD순발행|매출어음|환매조건부채권매도|금융채발행,항목|계정항목별,,「통화금융통계」,한국은행 경제통계1 금융통계,02-759-4376,1) 산업은행이 예금은행으로 분류된 2002년 1월부터 동 기관분 포함 || 2) 동업자예금 제외 || 3) 금융채발행 : 2001. 9월까지는 외화금융채권(예금은행이외의 금융기관이 국외비거주자를 대상으로 발행한 외화금융채권을 예금은행이 국외비거주자로부터 취득하여 보유하고 있는 경우)를 포함 || 4) 2001. 10월 이후는 원화금융채권 발행액만 포함
301,1976015,DT_104Y016,예금은행 대출금(말잔),Loans & Discounts of CBs and SBs (End of),한국은행 > 통화금융통계 > 예금/대출금/기타금융 > 예금은행 자금별 대출금 > 예금은행 대출금(말잔),2026-09-13,월|분기|년,,,0,1,44,예금은행 대출금(말잔)|총대출금|시설자금|무역어음|운전자금|특별자금|농업자금|금융자금|할인어음|중소기업자금|무역금융|재정자금|당좌대출|수산자금|국민투자기금|적금관계대출|차관자금|급부금|축산자금|일반자금|분할상환|외상채권대출|주택자금|기업구매자금대출|수출산업설비자금,항목|계정항목별,,「통화금융통계」,한국은행 경제통계1 금융통계,02-759-4376,"1) 특별자금 = 경제의 안정과 성장에 관한 긴급명령(1972. 8), 주거래은행제도 도입(1976. 10), 산업합리화조치(1981. 4)에 따른 특별중장기대출 || 2) 무역금융 = 일반수출입금융, 건설·용역수출금융 및 농수산물수출 준비자금대출"
301,1976015,DT_111Y007,비은행금융기관 수신(말잔),Deposits at Non-Bank Financial Corporations (End of),한국은행 > 통화금융통계 > 예금/대출금/기타금융 > 비은행금융기관 수신 및 여신 > 비은행금융기관 수신(말잔),2026-09-13,월|분기|년,,,0,1,10,비은행금융기관 수신(말잔)|비은행금융기관(말잔)1)|종합금융회사 2)|자산운용회사 3)|신탁회사|상호저축은행|신용협동조합|상호금융|새마을금고|생명보험 4)|기타 5),항목|계정항목별,,「통화금융통계」,한국은행 경제통계1 금융통계,02-759-4376,"예수금(외화예수금 포함), 자체발행어음, 표지어음매출, CMA, 수익증권, 보험계약준비금 등 || 최종월 수치는 잠정치 || 2022.4월~12월 수치는 기초자료 보완 등으로 변경되었음 || 1) 비은행금융기관: 2002.1월부터는 예금은행으로 분류된 산업은행 제외 || 2) 종합금융회사: 2003년 6월까지는 수익증권 포함 || 3) 자산운용회사: 수익증권 || 4) 생명보험: 우체국보험 포함 || 5) 기타: 우체국예금, 한국증권금융"
301,1976015,DT_111Y008,비은행금융기관 수신(평잔),Deposits at Non-Bank Financial Corporations (Average),한국은행 > 통화금융통계 > 예금/대출금/기타금융 > 비은행금융기관 수신 및 여신 > 비은행금융기관 수신(평잔),2026-09-13,월|분기|년,,,0,1,10,비은행금융기관 수신(평잔)|비은행금융기관(평잔) 1)|종합금융회사 2)|자산운용회사 3)|신탁회사|상호저축은행|신용협동조합|상호금융|새마을금고|생명보험 4)|기타 5),항목|계정항목별,,「통화금융통계」,한국은행 경제통계1 금융통계,02-759-4376,"예수금(외화예수금 포함), 자체발행어음, 표지어음매출, CMA, 수익증권, 보험계약준비금 등 || 최종월 수치는 잠정치 || 2022.4월~12월 수치는 기초자료 보완 등으로 변경되었음 || 1) 비은행금융기관: 2002.1월부터는 예금은행으로 분류된 산업은행 제외 || 2) 종합금융회사: 2003년 6월까지는 수익증권 포함 || 3) 자산운용회사: 수익증권 || 4) 생명보험: 우체국보험 포함 || 5) 기타: 우체국예금, 한국증권금융"
301,1976015,DT_111Y009,비은행금융기관 여신(말잔),Loans & Discounts of Non-Bank Financial Corporations (End of),한국은행 > 통화금융통계 > 예금/대출금/기타금융 > 비은행금융기관 수신 및 여신 > 비은행금융기관 여신(말잔),2026-09-13,월|분기|년,,,0,1,10,비은행금융기관 여신(말잔)|비은행금융기관(말잔) 1)|종합금융회사|자산운용회사 2)|신탁회사|상호저축은행|신용협동조합|상호금융|새마을금고|생명보험 3)|기타 4),항목|계정항목별,,「통화금융통계」,한국은행 경제통계1 금융통계,02-759-4376,"원화대출금 및 외화대출금, 매입어음 || 최종월 수치는 잠정치 || 1) 비은행금융기관: 수출입은행 및 산업은행 포함. 다만, 2002년 1월부터는 예금은행으로 분류된 산업은행 제외 || 2) 자산운용회사: 자산운용회사의 신탁계정 || 3) 생명보험회사: 우체국보험 포함 || 4) 기타: 수출입은행, 우체국예금, 한국증권금융"
301,1976015,DT_151Y001,"가계신용(업권별, 분기)",By Section,"한국은행 > 통화금융통계 > 예금/대출금/기타금융 > 가계신용 > 가계신용(업권별, 분기)",2026-09-13,분기|년,,,0,1,20,가계신용(업권별 분기)|가계신용|가계대출|보험회사|여신전문기관|연금기금|판매신용|판매회사|예금취급기관|예금은행|상호저축은행|신용협동조합|기타금융기관 등|공적금융기관|비은행예금취급기관|상호금융|기타금융중개회사|새마을금고|기타|우체국 등,항목|계정항목별,,「통화금융통계」,한국은행 경제통계1 금융통계,02-759-4376,* 최근 분기 수치는 잠정치임 || 1) 일부 비은행예금취급기관의 기초자료 추가 확보 등으로 2007.4/4분기~2015.3/4분기 주택담보대출 및 기타대출 수치를 수정함 || 2) 비은행예금취급기관 기초자료 정비로 2018.1/4분기~2025.3/4분기 수치를 수정함(2026.2.20일)
301,1976015,DT_151Y004,"가계신용(용도별, 분기)",By Purpose,"한국은행 > 통화금융통계 > 예금/대출금/기타금융 > 가계신용 > 가계신용(용도별, 분기)",2026-09-13,분기|년,,,0,1,15,가계신용(용도별 분기)|가계신용|가계대출|주택관련대출|주택관련대출-예금취급기관|기타대출-예금취급기관|주택관련대출-예금은행|기타대출-예금은행|기타대출|주택관련대출-기타금융기관 등|기타대출-기타금융기관 등|주택관련대출-비은행예금취급기관|기타대출-비은행예금취급기관|판매신용|[참고] 주택금융공사 및 주택도시기금의 정책대출|[참고] 예금은행 전세자금대출,항목|계정항목별,,「통화금융통계」,한국은행 경제통계1 금융통계,02-759-4376,"* 최근 분기 수치는 잠정치임 || 1) 일부 비은행예금취급기관의 기초자료 추가 확보 등으로 2007.4/4분기~2015.3/4분기 주택담보대출 및 기타대출 수치를 수정함 || 2) 주택담보대출은 집단대출, 전세자금대출 등 주택관련 대출을 포함 || 3) 기존 ""[참고]주택금융공사 및 주택도시기금의 주택담보대출"" 통계 항목을 개인대상 주택관련 정책대출을 모두 포괄하여 ""[참고]주택금융공사 및 주택도시기금의 정책대출""로 변경 공표 || 4) 비은행예금취급기관 기초자료 정비로 2018.1/4분기~2025.3/4분기 수치를 수정함(2026.2.20일)"
301,1976015,DT_151Y006,비은행금융기관 지역별 가계대출(말잔),Loans to Households of Non-Bank Financial Corporations by Region (End of),한국은행 > 통화금융통계 > 예금/대출금/기타금융 > 가계신용 > 비은행금융기관 지역별 가계대출(말잔),2026-09-13,월|분기|년,,,0,1,26,비은행금융기관 지역별 가계대출(말잔)|비은행예금취급기관|주택관련대출|기타대출|상호저축은행|신용협동조합|상호금융|새마을금고|기타|전국|서울|부산|대구|인천|광주|대전|울산|경기|강원|충북|충남|전북|전남|경북|경남|제주|세종,항목|계정항목별|지역코드별,,「통화금융통계」,한국은행 경제통계1 금융통계,02-759-4376,"* 최종월 수치는 잠정치이며 금융기관 조사표 등 기초자료가 보완되거나 편제기준이 변경되는 경우 기공표된 수치는 수정됩니다. || 주: 1) 시.도별 구분은 취급점포 소재지 기준임, 단, 2017.2월이후 인터넷전문은행은 서울지역으로 분류 || 2) 2012년 9월부터 세종시 통계가 추가됨에 따라 그동안 충남(연기군 전체, 공주시 일부) 및 충북(청원군 일부) 지역에 || 포함되었던 일부 지역이 세종시로 이관되었음. 따라서 충남 및 충북 통계 이용시 2012년 9월 전후 시계열 비교에 || 유의하시기 바랍니다. || 3) 기초자료 정비로 2018.1월~2025.11월 수치를 수정함(2026.2.20일)"
301,1976015,DT_151Y003,예금은행 지역별 가계대출(말잔),Loans to Households by Region (End of),한국은행 > 통화금융통계 > 예금/대출금/기타금융 > 가계신용 > 예금은행 지역별 가계대출(말잔),2026-09-13,월|분기|년,,,0,1,21,예금은행 지역별 가계대출(말잔)|예금은행|주택관련대출-예금은행|기타대출-예금은행|전국|서울|부산|대구|인천|광주|대전|울산|경기|강원|충북|충남|전북|전남|경북|경남|제주|세종,항목|계정항목별|지역코드별,,「통화금융통계」,한국은행 경제통계1 금융통계,02-759-4376,"* 최종월 수치는 잠정치이며 금융기관 조사표 등 기초자료가 보완되거나 편제기준이 변경되는 경우 기공표된 수치는 수정됩니다. || 주: 1) 시.도별 구분은 취급점포 소재지 기준임, 단, 2017.2월이후 인터넷전문은행은 서울지역으로 분류 || 2) 2012년 9월부터 세종시 통계가 추가됨에 따라 그동안 충남(연기군 전체, 공주시 일부) 및 충북(청원군 일부) 지역에 || 포함되었던 일부 지역이 세종시로 이관되었음. 따라서 충남 및 충북 통계 이용시 2012년 9월 전후 시계열 비교에 || 유의하시기 바랍니다."
301,1976015,DT_151Y002,"예금취급기관 가계대출(업권별, 월)",By Section,"한국은행 > 통화금융통계 > 예금/대출금/기타금융 > 가계신용 > 예금취급기관 가계대출(업권별, 월)",2026-09-13,월|분기|년,,,0,1,8,예금취급기관 가계대출(업권별 월)|예금취급기관|예금은행|상호저축은행|비은행예금취급기관|신용협동조합|상호금융|새마을금고|우체국예금 등,항목|계정항목별,,「통화금융통계」,한국은행 경제통계1 금융통계,02-759-4376,* 최근 월 수치는 잠정치임 || 1) 일부 비은행예금취급기관의 기초자료 추가 확보 등으로 2007.12월~2015.11월 주택담보대출 및 기타대출 수치를 수정함 || 2) 비은행예금취급기관 기초자료 정비로 2018.1월~2025.11월 수치를 수정함(2026.2.20일)
301,1976015,DT_151Y005,"예금취급기관 가계대출(용도별, 월)",By Purpose,"한국은행 > 통화금융통계 > 예금/대출금/기타금융 > 가계신용 > 예금취급기관 가계대출(용도별, 월)",2026-09-13,월|분기|년,,,0,1,9,예금취급기관 가계대출(용도별 월)|예금취급기관|주택관련대출-예금취급기관|주택관련대출-예금은행|기타대출-예금은행|기타대출-예금취급기관|주택관련대출-비은행예금취급기관|기타대출-비은행예금취급기관|[참고] 주택금융공사 및 주택도시기금의 정책대출|[참고] 예금은행 전세자금대출,항목|계정항목별,,「통화금융통계」,한국은행 경제통계1 금융통계,02-759-4376,"* 최근 월 수치는 잠정치임 || 1) 일부 비은행예금취급기관의 기초자료 추가 확보 등으로 2007.12월~2015.11월 주택담보대출 및 기타대출 수치를 수정함 || 2) 주택담보대출은 집단대출, 전세자금대출 등 주택관련 대출을 포함 || 3) 기존 ""[참고]주택금융공사 및 주택도시기금의 주택담보대출"" 통계 항목을 개인대상 주택관련 정책대출을 모두 포괄하여 ""[참고]주택금융공사 및 주택도시기금의 정책대출""로 변경 공표 || 4) 비은행예금취급기관 기초자료 정비로 2018.1월~2025.11월 수치를 수정함(2026.2.20일)"
301,1976015,DT_181Y001,차주당 가계대출 신규취급액,Household Loans Newly issued per Borrower,한국은행 > 통화금융통계 > 예금/대출금/기타금융 > 차주별 가계부채 > 차주당 가계대출 신규취급액,2026-09-13,분기|년,,,0,1,37,차주당 가계대출 신규취급액|전체|진입|남성|20대|수도권|(서울)|은행|주택담보대출|1개|유형1)|증액|여성|30대|(인천·경기)|동남권|비은행2)|주택외담보대출4)|2개|전환|성별|40대|충청권|기타3)|신용대출5)|3개 이상|연령대별|50대|호남권|전세자금대출6)|60대 이상|지역별|대경권|기타대출7)|강원·제주권|업권별|상품별|대출기관수별,항목|계정항목별,,「통화금융통계」,한국은행 경제통계1 금융통계,02-759-4376,"1) 기간중 신규대출을 받은 차주의 해당 기간 신규취급 대출계좌를 기준으로 분류. 진입(직전기간 대출잔액 = 0), 증액(직전기간 대출잔액 < 해당기간 대출잔액), 전환(직전기간 대출잔액 ≥ 해당기간 대출잔액) || 2) 저축은행, 신용협동조합, 상호금융, 새마을금고 || 3) 보험사, 여신전문기관, 증권사, 대부업 등 포함 || 4) 예적금담보대출, 주택외 부동산담보대출, 전세보증금담보대출, 지급보증서담보대출 등 포함 || 5) 신용대출 중 상호금융은 기초자료 한계로 2022.1/4분기부터 포함 || 6) 2017.3/4분기 이후 편제. 2017.3/4분기 이전에는 주택외담보대출에 포함 || 7) 할부/리스, 카드론, 학자금대출 등 포함 || 8) 학자금대출의 경우 신용정보사의 학자금대출 정보 변경으로 25.3/4분기부터 신규 채무자에 한해 반영"
301,1976015,DT_181Y011,차주당 주택담보대출 신규취급액,Mortgage Loans Newly Issued per Borrower,한국은행 > 통화금융통계 > 예금/대출금/기타금융 > 차주별 가계부채 > 차주당 주택담보대출 신규취급액,2026-09-13,분기|년,,,0,1,31,차주당 주택담보대출 신규취급액|전체|진입|남성|20대|수도권|(서울)|은행|1개|유형1)|증액|여성|30대|(인천·경기)|동남권|비은행2)|2개|전환|성별|40대|충청권|기타3)|3개 이상|연령대별|50대|호남권|60대 이상|지역별|대경권|강원·제주권|업권별|대출기관수별,항목|계정항목별,,「통화금융통계」,한국은행 경제통계1 금융통계,02-759-4376,"1) 기간중 신규대출을 받은 차주의 해당 기간 신규취급 대출계좌를 기준으로 분류. 진입(직전기간 대출잔액 = 0), 증액(직전기간 대출잔액 < 해당기간 대출잔액), 전환(직전기간 대출잔액 ≥ 해당기간 대출잔액) || 2) 저축은행, 신용협동조합, 상호금융, 새마을금고 || 3) 보험사, 여신전문기관, 증권사, 대부업 등 포함"
301,1976015,DT_181Y002,차주당 가계대출 잔액,Outstanding Household Loans per Borrower,한국은행 > 통화금융통계 > 예금/대출금/기타금융 > 차주별 가계부채 > 차주당 가계대출 잔액,2026-09-13,분기|년,,,0,1,33,차주당 가계대출 잔액|전체|남성|20대|수도권|(서울)|은행|주택담보대출|1개|성별|여성|30대|(인천·경기)|동남권|비은행1)|주택외담보대출3)|2개|연령대별|40대|충청권|기타2)|신용대출4)|3개 이상|50대|지역별|호남권|전세자금대출5)|60대 이상|대경권|업권별|기타대출6)|강원·제주권|상품별|대출기관수별,항목|계정항목별,,「통화금융통계」,한국은행 경제통계1 금융통계,02-759-4376,"1) 저축은행, 신용협동조합, 상호금융, 새마을금고 || 2) 보험사, 여신전문기관, 증권사, 대부업 등 포함 || 3) 예적금담보대출, 주택외 부동산담보대출, 전세보증금담보대출, 지급보증서담보대출 등 포함 || 4) 신용대출 중 상호금융은 기초자료 한계로 2022.1/4분기부터 포함 || 5) 2017.3/4분기 이후 편제. 2017.3/4분기 이전에는 주택외담보대출에 포함 || 6) 할부·리스, 카드론, 학자금대출 등 포함"
301,1976015,DT_181Y012,차주당 주택담보대출 잔액,Outstanding Mortgage Loans per Borrower,한국은행 > 통화금융통계 > 예금/대출금/기타금융 > 차주별 가계부채 > 차주당 주택담보대출 잔액,2026-09-13,분기|년,,,0,1,27,차주당 주택담보대출 잔액|전체|남성|20대|수도권|(서울)|은행|1개|성별|여성|30대|(인천·경기)|동남권|비은행1)|2개|연령대별|40대|충청권|기타2)|3개 이상|50대|지역별|호남권|60대 이상|대경권|업권별|강원·제주권|대출기관수별,항목|계정항목별,,「통화금융통계」,한국은행 경제통계1 금융통계,02-759-4376,"1) 저축은행, 신용협동조합, 상호금융, 새마을금고 || 2) 보험사, 여신전문기관, 증권사, 대부업 등 포함"
301,1976015,DT_181Y013,가계대출 신규취급액 비중,Share by Newly Issued Household Loans,한국은행 > 통화금융통계 > 예금/대출금/기타금융 > 차주별 가계부채 > 가계대출 신규취급액 비중,2026-09-13,분기|년,,,0,1,37,가계대출 신규취급액 비중|전체|진입|남성|20대|수도권|(서울)|은행|주택담보대출|1개|유형1)|증액|여성|30대|(인천·경기)|동남권|비은행2)|주택외담보대출4)|2개|전환|성별|40대|충청권|기타3)|신용대출5)|3개 이상|연령대별|50대|호남권|전세자금대출6)|60대 이상|지역별|대경권|기타대출7)|강원·제주권|업권별|상품별|대출기관수별,항목|계정항목별,,「통화금융통계」,한국은행 경제통계1 금융통계,02-759-4376,"1) 분기중 신규대출을 받은 차주의 직전 분기 대출잔액을 기준으로 분류. 진입(직전분기 대출잔액 = 0), 증액(직전분기 대출잔액 < 해당분기 대출잔액), 전환(직전분기 대출잔액 ≥ 해당분기 대출잔액) || 2) 저축은행, 신용협동조합, 상호금융, 새마을금고 || 3) 보험사, 여신전문기관, 증권사, 대부업 등 포함 || 4) 예적금담보대출, 주택외 부동산담보대출, 전세보증금담보대출, 지급보증서담보대출 등 포함 || 5) 신용대출 중 상호금융은 기초자료 한계로 2022.1/4분기부터 포함 || 6) 2017.3/4분기 이후 편제. 2017.3/4분기 이전에는 주택외담보대출에 포함 || 7) 할부·리스, 카드론, 학자금대출 등 포함 || 8) 학자금대출의 경우 신용정보사의 학자금대출 정보 변경으로 25.3/4분기부터 신규 채무자에 한해 반영"
301,1976015,DT_181Y015,주택담보대출 신규취급액 비중,Share by Newly Issued Mortgage Loans,한국은행 > 통화금융통계 > 예금/대출금/기타금융 > 차주별 가계부채 > 주택담보대출 신규취급액 비중,2026-09-13,분기|년,,,0,1,31,주택담보대출 신규취급액 비중|전체|진입|남성|20대|수도권|(서울)|은행|1개|유형1)|증액|여성|30대|(인천·경기)|동남권|비은행2)|2개|전환|성별|40대|충청권|기타3)|3개 이상|연령대별|50대|호남권|60대 이상|지역별|대경권|강원·제주권|업권별|대출기관수별,항목|계정항목별,,「통화금융통계」,한국은행 경제통계1 금융통계,02-759-4376,"1) 분기중 신규대출을 받은 차주의 직전 분기 대출잔액을 기준으로 분류. 진입(직전분기 대출잔액 = 0), 증액(직전분기 대출잔액 < 해당분기 대출잔액), 전환(직전분기 대출잔액 ≥ 해당분기 대출잔액) || 2) 저축은행, 신용협동조합, 상호금융, 새마을금고 || 3) 보험사, 여신전문기관, 증권사, 대부업 등 포함"
301,1976015,DT_181Y016,가계대출 잔액 비중,Share by Outstanding Household Loans,한국은행 > 통화금융통계 > 예금/대출금/기타금융 > 차주별 가계부채 > 가계대출 잔액 비중,2026-09-13,분기|년,,,0,1,33,가계대출 잔액 비중|전체|남성|20대|수도권|(서울)|은행|주택담보대출|1개|성별|여성|30대|(인천·경기)|동남권|비은행1)|주택외담보대출3)|2개|연령대별|40대|충청권|기타2)|신용대출4)|3개 이상|50대|지역별|호남권|전세자금대출5)|60대 이상|대경권|업권별|기타대출6)|강원·제주권|상품별|대출기관수별,항목|계정항목별,,「통화금융통계」,한국은행 경제통계1 금융통계,02-759-4376,"1) 저축은행, 신용협동조합, 상호금융, 새마을금고 || 2) 보험사, 여신전문기관, 증권사, 대부업 등 포함 || 3) 예적금담보대출, 주택외 부동산담보대출, 전세보증금담보대출, 지급보증서담보대출 등 포함 || 4) 신용대출 중 상호금융은 기초자료 한계로 2022.1/4분기부터 포함 || 5) 2017.3/4분기 이후 편제. 2017.3/4분기 이전에는 주택외담보대출에 포함 || 6) 할부·리스, 카드론, 학자금대출 등 포함"
301,1976015,DT_181Y014,주택담보대출 잔액 비중,Share by Outstanding Mortgage Loans,한국은행 > 통화금융통계 > 예금/대출금/기타금융 > 차주별 가계부채 > 주택담보대출 잔액 비중,2026-09-13,분기|년,,,0,1,27,주택담보대출 잔액 비중|전체|남성|20대|수도권|(서울)|은행|1개|성별|여성|30대|(인천·경기)|동남권|비은행1)|2개|연령대별|40대|충청권|기타2)|3개 이상|50대|지역별|호남권|60대 이상|대경권|업권별|강원·제주권|대출기관수별,항목|계정항목별,,「통화금융통계」,한국은행 경제통계1 금융통계,02-759-4376,"1) 저축은행, 신용협동조합, 상호금융, 새마을금고 || 2) 보험사, 여신전문기관, 증권사, 대부업 등 포함"
301,1976015,DT_121Y008,예금은행 금리수준별 여수신 비중(신규취급액 기준),Shares of Deposits and Loans By Interest Rates Level (Newly Extended),한국은행 > 통화금융통계 > 금리 > 예금은행 금리수준별 여수신 비중 > 예금은행 금리수준별 여수신 비중(신규취급액 기준),2026-09-13,월|분기|년,,,0,1,80,예금은행 금리수준별 여수신 비중(신규취급액 기준)|정기예금-2%미만|정기예금-2%~3%미만|정기예금-3%~4%미만|정기예금-4%~5%미만|정기예금-5%~6%미만|정기예금-6%~7%미만|정기예금-7%~8%미만|정기예금-8%~9%미만|정기예금-9%~10%미만|정기예금-10%~11%미만|정기예금-11%~12%미만|정기예금-12%이상|대기업대출-2%미만|대기업대출-2~2.5%미만|대기업대출-2.5~3%미만|대기업대출-3~3.5%미만|대기업대출-3.5~4%미만|대기업대출-4~4.5%미만|대기업대출-4.5~5%미만|중소기업대출-2%미만|중소기업대출-2~2.5%미만|중소기업대출-2.5~3%미만|중소기업대출-3~3.5%미만|중소기업대출-3.5~4%미만|중소기업대출-4~4.5%미만|중소기업대출-4.5~5%미만|가계대출-2%미만|가계대출-2~2.5%미만|가계대출-2.5~3%미만|가계대출-3~3.5%미만|가계대출-3.5~4%미만|가계대출-4~4.5%미만|가계대출-4.5~5%미만|정기예금-0.75%미만|정기예금-0.75~1%미만|정기예금-1~1.25%미만|정기예금-1.25~1.50%미만|정기예금-1.50~1.75%미만|정기예금-1.75~2.0%미만|정기예금-2~2.25%미만|정기예금-2.25~2.50%미만|정기예금-2.50~2.75%미만|정기예금-2.75~3.0%미만|가계대출-3%미만|가계대출-3%~4%미만|가계대출-4%~5%미만|가계대출-5%~6%미만|가계대출-6%~7%미만|가계대출-7%~8%미만|가계대출-8%~9%미만|가계대출-9%~10%미만|가계대출-10%~11%미만|가계대출-11%~12%미만|가계대출-12%이상|대기업대출-3%미만|대기업대출-3%~4%미만|대기업대출-4%~5%미만|대기업대출-5%~6%미만|대기업대출-6%~7%미만|대기업대출-7%~8%미만|대기업대출-8%~9%미만|대기업대출-9%~10%미만|대기업대출-10%~11%미만|대기업대출-11%~12%미만|대기업대출-12%이상|중소기업대출-3%미만|중소기업대출-3%~4%미만|중소기업대출-4%~5%미만|중소기업대출-5%~6%미만|중소기업대출-6%~7%미만|중소기업대출-7%~8%미만|중소기업대출-8%~9%미만|중소기업대출-9%~10%미만|중소기업대출-10%~11%미만|중소기업대출-11%~12%미만|중소기업대출-12%이상|중소기업대출-합계|정기예금-합계|가계대출-합계|대기업대출-합계,항목|계정항목별,,「통화금융통계」,한국은행 경제통계1 금융통계,02-759-4376,최종월 수치는 잠정치 || 2003년 이전 자료는 3%~4%미만 구간에 3%미만 수치 포함
301,1976015,DT_121Y010,예금은행 고정 및 변동금리대출 비중(신규취급액 기준),Based on Newly Extended,한국은행 > 통화금융통계 > 금리 > 예금은행 고정 및 특정 금리연동대출 > 예금은행 고정 및 변동금리대출 비중(신규취급액 기준),2026-09-13,월|분기|년,,,0,1,19,예금은행 고정 및 변동금리대출 비중(신규취급액 기준)|신규취급액 기준|기업-고정금리대출 1)|기업-변동금리대출 1)|기업-기타금리연동 등 1) 3)|기업-시장금리연동 1)|기업-수신금리연동 4)|기업-합계|가계-고정금리대출 2) 5)|가계-변동금리대출 2) 5)|가계-기타금리연동 등 2) 3)|가계-시장금리연동 5)|가계-수신금리연동 4)|가계-합계|주택담보대출-고정금리대출 5)|주택담보대출-기타금리연동 등 3)|주택담보대출-합계|주택담보대출-변동금리대출 5)|주택담보대출-시장금리연동 5)|주택담보대출-수신금리연동 4),항목|계정항목별,연리%|%,「통화금융통계」,한국은행 경제통계1 금융통계,02-759-4376,"최종월 수치는 잠정치 || 1) 2015.1월~2022.12월 일부 금융기관 데이터의 수정 사항 반영 || 2) 2016.1월~2020.3월 일부 금융기관 데이터의 수정 사항 반영 || 3) 원화대출기준금리 연동대출, 프라임레이트 연동대출 포함 || 4) COFIX 연동대출 포함 || 5) 2021.7월~2024.4월 고정형·변동형 대출 금리 및 비중 통계 개편을 반영하여 시계열 소급"
301,1976015,DT_121Y011,예금은행 고정 및 변동금리대출 비중(잔액 기준),Based on Outstanding,한국은행 > 통화금융통계 > 금리 > 예금은행 고정 및 특정 금리연동대출 > 예금은행 고정 및 변동금리대출 비중(잔액 기준),2026-09-13,월|분기|년,,,0,1,19,예금은행 고정 및 변동금리대출 비중(잔액 기준)|잔액 기준|기업-고정금리대출 1)|기업-변동금리대출 1)|기업-합계|가계-고정금리대출 2) 5)|가계-변동금리대출 2) 5)|가계-기타금리연동 등 2) 3)|가계-시장금리연동 5)|가계-수신금리연동 4)|가계-합계|기업-기타금리연동 등 1) 3)|주택담보대출-고정금리대출 5)|주택담보대출-기타금리연동 등 3)|주택담보대출-합계|기업-시장금리연동 1)|주택담보대출-변동금리대출 5)|주택담보대출-시장금리연동 5)|기업-수신금리연동 4)|주택담보대출-수신금리연동 4),항목|계정항목별,연리%|%,「통화금융통계」,한국은행 경제통계1 금융통계,02-759-4376,"최종월 수치는 잠정치 || 1) 2015.1월~2022.12월 일부 금융기관 데이터의 수정 사항 반영 || 2) 2016.1월~2020.3월 일부 금융기관 데이터의 수정 사항 반영 || 3) 원화대출기준금리 연동대출, 프라임레이트 연동대출 포함 || 4) COFIX 연동대출 포함 || 5) 2021.7월~2024.4월 고정형·변동형 대출 금리 및 비중 통계 개편을 반영하여 시계열 소급"
301,1976015,DT_121Y007,비은행금융기관 대출금리(신규취급액 기준),Interest Rates on Loans and Discounts,한국은행 > 통화금융통계 > 금리 > 비은행기관 가중평균금리 > 비은행금융기관 대출금리(신규취급액 기준),2026-09-13,월|분기|년,,,0,1,30,비은행금융기관 대출금리(신규취급액 기준)|종금사-할인어음|계약금액내대출|기업자금대출 1)|주택담보대출|일반대출|은행신탁계정 기업대출|계약대출(최고) 3)|할인어음|가계자금대출 1)|기타담보대출|소액신용대출 2)|은행신탁계정 가계대출|계약대출(최저) 3)|상호저축은행|공공및기타부문대출 1)|보증대출|신협-일반대출|일반신용대출|기업자금대출|상호금융|가계자금대출|새마을금고-일반대출|공공및기타부문대출|은행신탁대출|생명보험회사,항목|계정항목별,,「통화금융통계」,한국은행 경제통계1 금융통계,02-759-4376,"최종월 수치는 잠정치 || 1) 2013.12월 이전은 전체대출기준 금리 || 2) 300만원 이하 대출 || 3) 국내생명보험사 금리. 2014.1월부터 생명보험회사 계약대출금리 작성을 중단하였으며, 이후의 자료는 생명보험협회 홈페이지에서 이용가능"
301,1976015,DT_121Y004,비은행금융기관 수신금리(신규취급액 기준),Interest Rates on Deposits,한국은행 > 통화금융통계 > 금리 > 비은행기관 가중평균금리 > 비은행금융기관 수신금리(신규취급액 기준),2026-09-13,월|분기|년,,,0,1,15,비은행금융기관 수신금리(신규취급액 기준)|정기예탁금|정기적금|정기적금(3년만기)|자유저축예탁금|기타저축성예금|저축성예금|발행어음(7일이하)|발행어음(8-29일)|CP매출(91일)|정기예탁금(1년만기)|종합금융회사|상호저축은행-정기예금(1년)|신협-정기예탁금(1년)|상호금융|새마을금고-정기예탁금(1년),항목|계정항목별,,「통화금융통계」,한국은행 경제통계1 금융통계,02-759-4376,최종월 수치는 잠정치
301,1976018,DT_304Y101,지식서비스 무역통계(유형별),Knowledge-based Services Trade Balance (by sector),한국은행 > 국제수지통계 > 국제수지 > 지식서비스 무역통계 > 지식서비스 무역통계 (일반분류) > 지식서비스 무역통계(유형별),2026-09-13,분기|반기|년,,,0,1,28,지식서비스 무역통계(유형별)|수지|수출|수입|합계|지식재산권 사용료|산업재산권|R＆D 기반 권리|멀티미디어 저작권|IT 개발 및 운영 서비스|멀티미디어 제작 서비스|연구개발 서비스|법률 및 회계 서비스|설계 및 엔지니어링 서비스|상표 및 프랜차이즈권|저작권|컴퓨터 및 모바일 소프트웨어|정보 통신서비스|정보제공 및 플랫폼 서비스|공연 및 전시 관련 서비스|전문 및 경영 서비스|경영 컨설팅 서비스|과학기술 및 검사 서비스|기타 지식재산권|문화 여가서비스|기타 개인 문화 여가 오락 서비스|광고 및 PR 서비스|기타 전문 사업 서비스|전문 사업서비스,항목|구분코드별|계정항목별,,「국제수지통계」,한국은행  한국은행 국제수지팀,02-759-4417,"- 상반기 잠정통계(분기 단위)는 9월 중순 이후, 연간 잠정통계(분기 단위)는 익년도 3월 중순 이후 공표 || - 연간 확정통계(분기 단위)는 익익년도 9월 중순 이후 공표"
301,1976018,DT_304Y102,지식서비스 무역통계(산업별),Knowledge-based Services Trade Balance (by industrial types),한국은행 > 국제수지통계 > 국제수지 > 지식서비스 무역통계 > 지식서비스 무역통계 (일반분류) > 지식서비스 무역통계(산업별),2026-09-13,분기|반기|년,,,0,1,42,지식서비스 무역통계(산업별)|수지|수출|수입|합계|농업 임업 및 어업|광업|음식료품 담배 제조업|섬유의복신발 제조업|목재펄프종이 제조업|인쇄 및 기록매체 제조업|코크스 연탄 및 석유제품 제조업|화학제품 제조업|의약품 제조업|고무플라스틱 제조업|비금속광물제품 제조업|금속제품 제조업|전기전자제품 제조업|정밀기기 제조업|기타 기계 및 장비 제조업|자동차 제조업|기타 운송장비 제조업|가구 및 기타제품 제조업|산업용 기계및장비 수리업|전기 가스 증기 및 공기 조절 공급업|수도 하수 및 폐기물 처리 원료 재생업|건설업|도매 및 소매업|운수 및 창고업|숙박 및 음식점업|정보통신업|금융 및 보험업|부동산업|전문 과학 및 기술 서비스업|사업시설 관리 사업 지원 및 임대 서비스업|공공 행정 국방 및 사회보장 행정|교육서비스업|보건업 및 사회복지 서비스업|예술 스포츠 및 여가관련 서비스업|협회 및 단체 수리 및 기타 개인서비스업|국제 및 외국기관|개인 및 기타|디지털 중개 플랫폼,항목|구분코드별|계정항목별,,「국제수지통계」,한국은행  한국은행 국제수지팀,02-759-4417,"- 상반기 잠정통계(분기 단위)는 9월 중순 이후, 연간 잠정통계(분기 단위)는 익년도 3월 중순 이후 공표 || - 연간 확정통계(분기 단위)는 익익년도 9월 중순 이후 공표"
301,1976018,DT_304Y103,지식서비스 무역통계(기관형태별),Knowledge-based Services Trade Balance (by enterprise size),한국은행 > 국제수지통계 > 국제수지 > 지식서비스 무역통계 > 지식서비스 무역통계 (일반분류) > 지식서비스 무역통계(기관형태별),2026-09-13,분기|반기|년,,,0,1,11,지식서비스 무역통계(기관형태별)|수지|수출|수입|합계|대기업|중견기업|중기업|소기업|소상공인|개인 및 기타|디지털 중개 플랫폼,항목|구분코드별|계정항목별,,「국제수지통계」,한국은행  한국은행 국제수지팀,02-759-4417,"- 상반기 잠정통계(분기 단위)는 9월 중순 이후, 연간 잠정통계(분기 단위)는 익년도 3월 중순 이후 공표 || - 연간 확정통계(분기 단위)는 익익년도 9월 중순 이후 공표"
301,1976018,DT_304Y104,지식서비스 무역통계(지역별),Knowledge-based Services Trade Balance (by region),한국은행 > 국제수지통계 > 국제수지 > 지식서비스 무역통계 > 지식서비스 무역통계 (일반분류) > 지식서비스 무역통계(지역별),2026-09-13,분기|반기|년,,,0,1,28,지식서비스 무역통계(지역별)|수지|수출|수입|합계|북미|미국|중국|독일|호주|캐나다|아시아|일본|프랑스|기타|싱가포르|유럽|네덜란드|베트남|영국|중남미|인도|기타 유럽|중동|홍콩|기타지역|대만|국적구분없음|기타 아시아,항목|구분코드별|계정항목별,,「국제수지통계」,한국은행  한국은행 국제수지팀,02-759-4417,"- 상반기 잠정통계(분기 단위)는 9월 중순 이후, 연간 잠정통계(분기 단위)는 익년도 3월 중순 이후 공표 || - 연간 확정통계(분기 단위)는 익익년도 9월 중순 이후 공표"
301,1976018,DT_304Y105,ICT 산업 특수분류(ICT산업별),Knowledge-based Services Trade Balance - ICT Classification,한국은행 > 국제수지통계 > 국제수지 > 지식서비스 무역통계 > ICT 산업 특수분류 > ICT 산업 특수분류(ICT산업별),2026-09-13,분기|반기|년,,,0,1,74,ICT 산업 특수분류(ICT산업별)|수지|수출|수입|합계|ICT 산업|정보·통신·방송 서비스업|통신서비스업|유선통신 서비스업|지상파방송 서비스업|정보인프라 서비스업|패키지소프트웨어 개발 및 공급업|시스템 소프트웨어 개발 및 공급업|유선 온라인 게임 소프트웨어 개발 및 공급업|컴퓨터 프로그래밍 서비스업|디지털출판 콘텐츠 개발 및 제작업|농업 임업 및 어업|무선통신 서비스업|방송서비스업|유료방송 서비스업|정보매개 및 제공 서비스업|소프트웨어 및 디지털콘텐츠 개발 및 제작업|응용 소프트웨어 개발 및 공급업|게임소프트웨어 개발 및 공급업|모바일 게임 소프트웨어 개발 및 공급업|컴퓨터시스템 통합 및 관리업|디지털영상 콘텐츠 개발 및 제작업|비 ICT 산업|광업|통신재판매업|방송프로그램 공급업|정보서비스업|기타 게임 소프트웨어 개발 및 공급업|IT서비스 공급업|기타정보기술 및 컴퓨터운영 관련 서비스업|디지털음악 콘텐츠 개발 및 제작업|음식료품 담배 제조업|디지털 중개 플랫폼|기타전기통신업|디지털콘텐츠 개발 및 제작업|디지털교육 콘텐츠 개발 및 제작업|섬유의복신발 제조업|목재펄프종이 제조업|인쇄 및 기록매체 제조업|코크스 연탄 및 석유제품 제조업|화학제품 제조업|의약품 제조업|고무플라스틱 제조업|비금속광물제품 제조업|금속제품 제조업|전기전자제품 제조업|정밀기기 제조업|기타 기계 및 장비 제조업|자동차 제조업|기타 운송장비 제조업|가구 및 기타제품 제조업|산업용 기계및장비 수리업|전기 가스 증기 및 공기 조절 공급업|수도 하수 및 폐기물 처리 원료 재생업|건설업|도매 및 소매업|운수 및 창고업|숙박 및 음식점업|정보통신업|금융 및 보험업|부동산업|전문 과학 및 기술 서비스업|사업시설 관리 사업 지원 및 임대 서비스업|공공 행정 국방 및 사회보장 행정|교육서비스업|보건업 및 사회복지 서비스업|예술 스포츠 및 여가관련 서비스업|협회 및 단체 수리 및 기타 개인서비스업|국제 및 외국기관|개인 및 기타,항목|구분코드별|계정항목별,,「국제수지통계」,한국은행  한국은행 국제수지팀,02-759-4417,"- 상반기 잠정통계(분기 단위)는 9월 중순 이후, 연간 잠정통계(분기 단위)는 익년도 3월 중순 이후 공표 || - 연간 확정통계(분기 단위)는 익익년도 9월 중순 이후 공표"
301,1976018,DT_304Y106,콘텐츠 산업 특수분류(콘텐츠산업별),Knowledge-based Services Trade Balance - Content Classification,한국은행 > 국제수지통계 > 국제수지 > 지식서비스 무역통계 > 콘텐츠 산업 특수분류 > 콘텐츠 산업 특수분류(콘텐츠산업별),2026-09-13,분기|반기|년,,,0,1,56,콘텐츠 산업 특수분류(콘텐츠산업별)|수지|수출|수입|합계|콘텐츠산업|출판산업|농업 임업 및 어업|만화산업|비콘텐츠산업|광업|음악산업|음식료품 담배 제조업|디지털 중개 플랫폼|영화산업|섬유의복신발 제조업|게임산업|목재펄프종이 제조업|애니메이션산업|인쇄 및 기록매체 제조업|방송 및 영상산업|코크스 연탄 및 석유제품 제조업|광고산업|화학제품 제조업|캐릭터산업|의약품 제조업|지식정보산업|고무플라스틱 제조업|콘텐츠솔루션산업|비금속광물제품 제조업|공연산업|금속제품 제조업|전기전자제품 제조업|정밀기기 제조업|기타 기계 및 장비 제조업|자동차 제조업|기타 운송장비 제조업|가구 및 기타제품 제조업|산업용 기계및장비 수리업|전기 가스 증기 및 공기 조절 공급업|수도 하수 및 폐기물 처리 원료 재생업|건설업|도매 및 소매업|운수 및 창고업|숙박 및 음식점업|정보통신업|금융 및 보험업|부동산업|전문 과학 및 기술 서비스업|사업시설 관리 사업 지원 및 임대 서비스업|공공 행정 국방 및 사회보장 행정|교육서비스업|보건업 및 사회복지 서비스업|예술 스포츠 및 여가관련 서비스업|협회 및 단체 수리 및 기타 개인서비스업|국제 및 외국기관|개인 및 기타,항목|구분코드별|계정항목별,,「국제수지통계」,한국은행  한국은행 국제수지팀,02-759-4417,"- 상반기 잠정통계(분기 단위)는 9월 중순 이후, 연간 잠정통계(분기 단위)는 익년도 3월 중순 이후 공표 || - 연간 확정통계(분기 단위)는 익익년도 9월 중순 이후 공표"
301,1976018,DT_304Y107,지식재산권 무역수지(유형별),Intellectual Property Right Trade Balance,한국은행 > 국제수지통계 > 국제수지 > 지식서비스 무역통계 > 지식재산권 무역수지 > 지식재산권 무역수지(유형별),2026-09-13,분기|반기|년,,,0,1,19,지식재산권 무역수지(유형별)|수지|수출|수입|합계|산업재산권|특허 및 실용신안권|상표권|문화예술저작권|음악·영상저작권|연구개발저작권|상표 및 프랜차이즈권|프랜차이즈 영업·판매권|저작권|어문·연극저작권|연구개발 및 SW저작권|컴퓨터SW저작권|디자인권|데이터베이스권|기타지식재산권,항목|구분코드별|계정항목별,,「국제수지통계」,한국은행  한국은행 국제수지팀,02-759-4417,"- 상반기 잠정통계(분기 단위)는 9월 중순 이후, 연간 잠정통계(분기 단위)는 익년도 3월 중순 이후 공표 || - 연간 확정통계(분기 단위)는 익익년도 9월 중순 이후 공표"
301,1976015,DT_102Y003,"본원통화 구성내역(말잔, 계절조정계열)","Components of Monetary Base(End of, SA)","한국은행 > 통화금융통계 > 통화 및 유동성지표 > 본원통화 > 본원통화 구성내역(말잔) > 본원통화 구성내역(말잔, 계절조정계열)",2026-09-13,월|년,,,0,1,3,본원통화 구성내역(말잔 계절조정계열)|본원통화(말잔계절조정계열)|현금통화|중앙은행 대 예금취급기관부채,항목|계정항목별,,「통화금융통계」,한국은행 경제통계1 금융통계,02-759-4376,"1) 본원통화 = 현금통화 + 중앙은행의 대 예금취급기관 부채 등(RP, 통화안정증권 제외) || 2) 최종월은 잠정치"
301,1976015,DT_102Y001,"본원통화 구성내역(말잔, 원계열)",Components of Monetary Base(End of),"한국은행 > 통화금융통계 > 통화 및 유동성지표 > 본원통화 > 본원통화 구성내역(말잔) > 본원통화 구성내역(말잔, 원계열)",2026-09-13,월|분기|년,,,0,1,3,본원통화 구성내역(말잔 원계열)|본원통화(말잔 원계열)|현금통화|중앙은행 대 예금취급기관부채,항목|계정항목별,,「통화금융통계」,한국은행 경제통계1 금융통계,02-759-4376,"1) 본원통화 = 현금통화 + 중앙은행의 대 예금취급기관 부채 등(RP, 통화안정증권 제외) || 2) 최종월은 잠정치 || 3) 본원통화 통계의 속보성 제고를 위해 2025.12월 M2 통계 공표시부터 본원통화 총액 통계를 해당 월말 2주 후(익월 중순) 공표(세부항목 통계는 해당 월말 6주 후인 익익월 중순 공표)"
301,1976015,DT_102Y004,"본원통화 구성내역(평잔, 계절조정계열)","Components of Monetary Base(Average, SA)","한국은행 > 통화금융통계 > 통화 및 유동성지표 > 본원통화 > 본원통화 구성내역(평잔) > 본원통화 구성내역(평잔, 계절조정계열)",2026-09-13,월|년,,,0,1,3,본원통화 구성내역(평잔 계절조정계열)|본원통화(평잔계절조정계열)|현금통화|중앙은행 대 예금취급기관부채,항목|계정항목별,,「통화금융통계」,한국은행 경제통계1 금융통계,02-759-4376,"1) 본원통화 = 현금통화 + 중앙은행의 대 예금취급기관 부채 등(RP, 통화안정증권 제외) || 2) 최종월은 잠정치"
301,1976015,DT_102Y002,"본원통화 구성내역(평잔, 원계열)",Components of Monetary Base(Average),"한국은행 > 통화금융통계 > 통화 및 유동성지표 > 본원통화 > 본원통화 구성내역(평잔) > 본원통화 구성내역(평잔, 원계열)",2026-09-13,월|분기|년,,,0,1,3,본원통화 구성내역(평잔 원계열)|본원통화(평잔 원계열)|현금통화|중앙은행 대 예금취급기관부채,항목|계정항목별,,「통화금융통계」,한국은행 경제통계1 금융통계,02-759-4376,"1) 본원통화 = 현금통화 + 중앙은행의 대 예금취급기관 부채 등(RP, 통화안정증권 제외) || 2) 최종월은 잠정치 || 3) 본원통화 통계의 속보성 제고를 위해 2025.12월 M2 통계 공표시부터 본원통화 총액 통계를 해당 월말 2주 후(익월 중순) 공표(세부항목 통계는 해당 월말 6주 후인 익익월 중순 공표)"
301,1976015,DT_161Y003,"M1 상품별 구성내역(말잔, 계절조정계열)","M1 By Type (End of, SA)","한국은행 > 통화금융통계 > 통화 및 유동성지표 > M1(협의통화) > M1 상품별 구성내역(말잔) > M1 상품별 구성내역(말잔, 계절조정계열)",2026-09-13,월|분기|년,,,0,1,4,M1 상품별 구성내역(말잔 계절조정계열)|M1 (말잔계절조정계열)|현금통화|요구불예금|수시입출식저축성예금,항목|계정항목별,,「통화금융통계」,한국은행 경제통계1 금융통계,02-759-4376,'2026년 4월 통화 및 유동성’ 공표시 기초자료 변경사항을 반영하여 과거 시계열(2022.12월~2026.2월)을 수정(2026.6.16.) || 협의통화(M1) = 현금통화 + 요구불예금 및 수시입출식 저축성예금
301,1976015,DT_161Y004,"M1 상품별 구성내역(말잔, 원계열)",M1 By Type (End of),"한국은행 > 통화금융통계 > 통화 및 유동성지표 > M1(협의통화) > M1 상품별 구성내역(말잔) > M1 상품별 구성내역(말잔, 원계열)",2026-09-13,월|분기|년,,,0,1,4,M1 상품별 구성내역(말잔 원계열)|M1 (말잔 원계열)|현금통화|요구불예금|수시입출식저축성예금,항목|계정항목별,,「통화금융통계」,한국은행 경제통계1 금융통계,02-759-4376,'2026년 4월 통화 및 유동성’ 공표시 기초자료 변경사항을 반영하여 과거 시계열(2022.12월~2026.2월)을 수정(2026.6.16.) || 협의통화(M1) = 현금통화 + 요구불예금 및 수시입출식 저축성예금
301,1976015,DT_161Y001,"M1 상품별 구성내역(평잔, 계절조정계열)","M1 By Type (Average, SA)","한국은행 > 통화금융통계 > 통화 및 유동성지표 > M1(협의통화) > M1 상품별 구성내역(평잔) > M1 상품별 구성내역(평잔, 계절조정계열)",2026-09-13,월|분기|년,,,0,1,4,M1 상품별 구성내역(평잔 계절조정계열)|M1 (평잔 계절조정계열)|현금통화|요구불예금|수시입출식저축성예금,항목|계정항목별,,「통화금융통계」,한국은행 경제통계1 금융통계,02-759-4376,'2026년 4월 통화 및 유동성’ 공표시 기초자료 변경사항을 반영하여 과거 시계열(2022.12월~2026.2월)을 수정(2026.6.16.) || 협의통화(M1) = 현금통화 + 요구불예금 및 수시입출식 저축성예금
301,1976015,DT_161Y002,"M1 상품별 구성내역(평잔, 원계열)",M1 By Type (Average),"한국은행 > 통화금융통계 > 통화 및 유동성지표 > M1(협의통화) > M1 상품별 구성내역(평잔) > M1 상품별 구성내역(평잔, 원계열)",2026-09-13,월|분기|년,,,0,1,4,M1 상품별 구성내역(평잔 원계열)|M1 (평잔 원계열)|현금통화|요구불예금|수시입출식저축성예금,항목|계정항목별,,「통화금융통계」,한국은행 경제통계1 금융통계,02-759-4376,'2026년 4월 통화 및 유동성’ 공표시 기초자료 변경사항을 반영하여 과거 시계열(2022.12월~2026.2월)을 수정(2026.6.16.) || 협의통화(M1) = 현금통화 + 요구불예금 및 수시입출식 저축성예금
301,1976015,DT_161Y007,"M2 상품별 구성내역(말잔, 계절조정계열)","M2 By Type (End of, SA)","한국은행 > 통화금융통계 > 통화 및 유동성지표 > M2(광의통화) > M2 상품별 구성내역(말잔) > M2 상품별 구성내역(말잔, 계절조정계열)",2026-09-13,월|분기|년,,,0,1,11,M2 상품별 구성내역(말잔 계절조정계열)|M2(말잔 계절조정계열)|현금통화|요구불예금|수시입출식저축성예금|MMF 지분|만기2년미만정기예적금|시장형상품 1)|만기2년미만금융채|만기2년미만금전신탁|기타 2)|[참고] 구 M2(말잔 계절조정계열),항목|계정항목별,,「통화금융통계」,한국은행 경제통계1 금융통계,02-759-4376,"증권사의 CMA를 2009.7월부터 포함, 초대형 IB의 발행어음 및 발행어음형 CMA를 2017.11월부터 포함 || '2026년 4월 통화 및 유동성’ 공표시 기초자료 변경사항을 반영하여 과거 시계열(2022.12월~2026.2월)을 수정(2026.6.16.) || 1) 양도성예금증서, 환매조건부채권매도, 표지어음 || 2) CMA, 만기2년미만 외화예수금, 발행어음, 신탁형증권저축"
301,1976015,DT_161Y008,"M2 상품별 구성내역(말잔, 원계열)",M2 By Type (End of),"한국은행 > 통화금융통계 > 통화 및 유동성지표 > M2(광의통화) > M2 상품별 구성내역(말잔) > M2 상품별 구성내역(말잔, 원계열)",2026-09-13,월|분기|년,,,0,1,16,M2 상품별 구성내역(말잔 원계열)|M2 (말잔원계열)|현금통화|요구불예금|수시입출식저축성예금|MMF 지분|만기2년미만정기예적금|양도성예금증서|매출어음|CMA|만기2년미만금전신탁|발행어음|신탁형증권저축|만기2년미만외화예수금|만기2년미만금융채|환매조건부채권매도|[참고] 구 M2(말잔 원계열),항목|계정항목별,,「통화금융통계」,한국은행 경제통계1 금융통계,02-759-4376,"증권사의 CMA를 2009.7월부터 포함, 초대형 IB의 발행어음 및 발행어음형 CMA를 2017.11월부터 포함 || '2026년 4월 통화 및 유동성’ 공표시 기초자료 변경사항을 반영하여 과거 시계열(2022.12월~2026.2월)을 수정(2026.6.16.)"
301,1976015,DT_161Y005,"M2 상품별 구성내역(평잔, 계절조정계열)","M2 By Type (Average, SA)","한국은행 > 통화금융통계 > 통화 및 유동성지표 > M2(광의통화) > M2 상품별 구성내역(평잔) > M2 상품별 구성내역(평잔, 계절조정계열)",2026-09-13,월|분기|년,,,0,1,11,M2 상품별 구성내역(평잔 계절조정계열)|M2(평잔계절조정계열)|현금통화|요구불예금|수시입출식저축성예금|MMF 지분|만기2년미만정기예적금|시장형상품 1)|만기2년미만금융채|만기2년미만금전신탁|기타 2)|[참고] 구 M2(평잔 계절조정계열),항목|계정항목별,,「통화금융통계」,한국은행 경제통계1 금융통계,02-759-4376,"증권사의 CMA를 2009.7월부터 포함, 초대형 IB의 발행어음 및 발행어음형 CMA를 2017.11월부터 포함 || '2026년 4월 통화 및 유동성’ 공표시 기초자료 변경사항을 반영하여 과거 시계열(2022.12월~2026.2월)을 수정(2026.6.16.) || 1) 양도성예금증서, 환매조건부채권매도, 표지어음 || 2) CMA, 만기2년미만 외화예수금, 발행어음, 신탁형증권저축"
301,1976015,DT_161Y006,"M2 상품별 구성내역(평잔, 원계열)",M2 By Type (Average),"한국은행 > 통화금융통계 > 통화 및 유동성지표 > M2(광의통화) > M2 상품별 구성내역(평잔) > M2 상품별 구성내역(평잔, 원계열)",2026-09-13,월|분기|년,,,0,1,16,M2 상품별 구성내역(평잔 원계열)|M2(평잔 원계열)|현금통화|요구불예금|수시입출식저축성예금|MMF 지분|만기2년미만정기예적금|양도성예금증서|매출어음|CMA|만기2년미만금전신탁|발행어음|신탁형증권저축|만기2년미만외화예수금|만기2년미만금융채|환매조건부채권매도|[참고] 구 M2(평잔 원계열),항목|계정항목별,,「통화금융통계」,한국은행 경제통계1 금융통계,02-759-4376,"증권사의 CMA를 2009.7월부터 포함, 초대형 IB의 발행어음 및 발행어음형 CMA를 2017.11월부터 포함 || '2026년 4월 통화 및 유동성’ 공표시 기초자료 변경사항을 반영하여 과거 시계열(2022.12월~2026.2월)을 수정(2026.6.16.)"
301,1976015,DT_161Y011,"M2 경제주체별 보유현황(말잔, 계절조정계열)","Sectoral Money Holdings(End of, S.A.)","한국은행 > 통화금융통계 > 통화 및 유동성지표 > M2(광의통화) > M2 경제주체별 보유현황(말잔) > M2 경제주체별 보유현황(말잔, 계절조정계열)",2026-09-13,월|분기|년,,,0,1,11,M2 경제주체별 보유현황(말잔 계절조정계열)|M2(말잔 계절조정계열) 1)|가계 및 비영리단체 2)|Non-MMF|비금융기업 3)|보험기관|기타금융기관 4)|연금기금|기타부문 5)|기타금융중개기관|금융보조기관|전속금융기관 및 대부업체,항목|계정항목별,,「통화금융통계」,한국은행 경제통계1 금융통계,02-759-4376,"'2026년 4월 통화 및 유동성’ 공표시 기초자료 변경사항을 반영하여 과거 시계열(2022.12월~2026.2월)을 수정(2026.6.16.) || 1) 주체별 계절조정결과의 합계는 계절변동조정 기법의 고유한 특성상 금융상품별 구성내역을 합산하여 산출되는 광의통화(M2) 총량의 계절조정결과와 반드시 일치하지는 않음 || 2) 가계 및 가계의 편익을 위해 봉사하는 민간비영리단체 등 || 3) 민간기업 및 공기업 등 || 4) 2025.12월 통화 및 유동성 통계 개편에 따라 기타금융기관의 세분화된 통계를 2023.12월부터 제공 || 연금기금: 민간의 퇴직관련 신탁계정 등(국민연금기금, 공무원연금기금, 군인연금기금 등 제외) || 기타금융중개기관: 증권기관, 여신전문기관 등 || 금융보조기관: 서민금융기관 중앙회, 자금중개회사, 투자자문회사, 한국거래소, 금융결제원 등 || 전속금융기관 및 대부업체: SPC, 금융지주회사, 대부업체 등 || 5) 사회보장기구(국민연금기금, 고용보험기금, 산업재해보상보험 및 예방기금 등) 및 지방자치단체"
301,1976015,DT_161Y012,"M2 경제주체별 보유현황(말잔, 원계열)",Sectoral Money Holdings(End of),"한국은행 > 통화금융통계 > 통화 및 유동성지표 > M2(광의통화) > M2 경제주체별 보유현황(말잔) > M2 경제주체별 보유현황(말잔, 원계열)",2026-09-13,월|분기|년,,,0,1,11,M2 경제주체별 보유현황(말잔 원계열)|M2(말잔 원계열)|가계 및 비영리단체 1)|Non-MMF|비금융기업 2)|보험기관|기타금융기관 3)|연금기금|기타부문 4)|기타금융중개기관|금융보조기관|전속금융기관 및 대부업체,항목|계정항목별,,「통화금융통계」,한국은행 경제통계1 금융통계,02-759-4376,"'2026년 4월 통화 및 유동성’ 공표시 기초자료 변경사항을 반영하여 과거 시계열(2022.12월~2026.2월)을 수정(2026.6.16.) || 1) 가계 및 가계의 편익을 위해 봉사하는 민간비영리단체 등 || 2) 민간기업 및 공기업 등 || 3) 2025.12월 통화 및 유동성 통계 개편에 따라 기타금융기관의 세분화된 통계를 2023.12월부터 제공 || 연금기금: 민간의 퇴직관련 신탁계정 등(국민연금기금, 공무원연금기금, 군인연금기금 등 제외) || 기타금융중개기관: 증권기관, 여신전문기관 등 || 금융보조기관: 서민금융기관 중앙회, 자금중개회사, 투자자문회사, 한국거래소, 금융결제원 등 || 전속금융기관 및 대부업체: SPC, 금융지주회사, 대부업체 등 || 4) 사회보장기구(국민연금기금, 고용보험기금, 산업재해보상보험 및 예방기금 등) 및 지방자치단체"
301,1976015,DT_161Y009,"M2 경제주체별 보유현황(평잔, 계절조정계열)","Sectoral Money Holdings(Average, S.A.)","한국은행 > 통화금융통계 > 통화 및 유동성지표 > M2(광의통화) > M2 경제주체별 보유현황(평잔) > M2 경제주체별 보유현황(평잔, 계절조정계열)",2026-09-13,월|분기|년,,,0,1,11,M2 경제주체별 보유현황(평잔 계절조정계열)|M2(평잔 계절조정계열) 1)|가계 및 비영리단체 2)|Non-MMF|비금융기업 3)|보험기관|기타금융기관 4)|연금기금|기타부문 5)|기타금융중개기관|금융보조기관|전속금융기관 및 대부업체,항목|계정항목별,,「통화금융통계」,한국은행 경제통계1 금융통계,02-759-4376,"'2026년 4월 통화 및 유동성’ 공표시 기초자료 변경사항을 반영하여 과거 시계열(2022.12월~2026.2월)을 수정(2026.6.16.) || 1) 주체별 계절조정결과의 합계는 계절변동조정 기법의 고유한 특성상 금융상품별 구성내역을 합산하여 산출되는 광의통화(M2) 총량의 계절조정결과와 반드시 일치하지는 않음 || 2) 가계 및 가계의 편익을 위해 봉사하는 민간비영리단체 등 || 3) 민간기업 및 공기업 등 || 4) 2025.12월 통화 및 유동성 통계 개편에 따라 기타금융기관의 세분화된 통계를 2023.12월부터 제공 || 연금기금: 민간의 퇴직관련 신탁계정 등(국민연금기금, 공무원연금기금, 군인연금기금 등 제외) || 기타금융중개기관: 증권기관, 여신전문기관 등 || 금융보조기관: 서민금융기관 중앙회, 자금중개회사, 투자자문회사, 한국거래소, 금융결제원 등 || 전속금융기관 및 대부업체: SPC, 금융지주회사, 대부업체 등 || 5) 사회보장기구(국민연금기금, 고용보험기금, 산업재해보상보험 및 예방기금 등) 및 지방자치단체"
301,1976015,DT_161Y010,"M2 경제주체별 보유현황(평잔, 원계열)",Sectoral Money Holdings(Average),"한국은행 > 통화금융통계 > 통화 및 유동성지표 > M2(광의통화) > M2 경제주체별 보유현황(평잔) > M2 경제주체별 보유현황(평잔, 원계열)",2026-09-13,월|분기|년,,,0,1,11,M2 경제주체별 보유현황(평잔 원계열)|M2(평잔 원계열)|가계 및 비영리단체 1)|Non-MMF|비금융기업 2)|보험기관|기타금융기관 3)|연금기금|기타부문 4)|기타금융중개기관|금융보조기관|전속금융기관 및 대부업체,항목|계정항목별,,「통화금융통계」,한국은행 경제통계1 금융통계,02-759-4376,"'2026년 4월 통화 및 유동성’ 공표시 기초자료 변경사항을 반영하여 과거 시계열(2022.12월~2026.2월)을 수정(2026.6.16.) || 1) 가계 및 가계의 편익을 위해 봉사하는 민간비영리단체 등 || 2) 민간기업 및 공기업 등 || 3) 2025.12월 통화 및 유동성 통계 개편에 따라 기타금융기관의 세분화된 통계를 2023.12월부터 제공 || 연금기금: 민간의 퇴직관련 신탁계정 등(국민연금기금, 공무원연금기금, 군인연금기금 등 제외) || 기타금융중개기관: 증권기관, 여신전문기관 등 || 금융보조기관: 서민금융기관 중앙회, 자금중개회사, 투자자문회사, 한국거래소, 금융결제원 등 || 전속금융기관 및 대부업체: SPC, 금융지주회사, 대부업체 등 || 4) 사회보장기구(국민연금기금, 고용보험기금, 산업재해보상보험 및 예방기금 등) 및 지방자치단체"
301,1976015,DT_161Y014,M2 기관별 구성내역(말잔),M2 By Money Issuers (End of),한국은행 > 통화금융통계 > 통화 및 유동성지표 > M2(광의통화) > M2 기관별 구성내역 > M2 기관별 구성내역(말잔),2026-09-13,월|분기|년,,,0,1,8,M2 기관별 구성내역(말잔)|M2(말잔)|중앙은행|예금은행|기타예금취급기관|MMF|신탁|서민금융기관 1)|기타비은행 2),항목|계정항목별,,「통화금융통계」,한국은행 경제통계1 금융통계,02-759-4376,"'2026년 4월 통화 및 유동성’ 공표시 기초자료 변경사항을 반영하여 과거 시계열(2022.12월~2026.2월)을 수정(2026.6.16.) || 1) 상호저축은행, 신용협동조합, 상호금융, 새마을금고 || 2) 종합금융, 우체국, 수출입은행 등"
301,1976015,DT_161Y013,M2 기관별 구성내역(평잔),M2 By Money Issuers (Average),한국은행 > 통화금융통계 > 통화 및 유동성지표 > M2(광의통화) > M2 기관별 구성내역 > M2 기관별 구성내역(평잔),2026-09-13,월|분기|년,,,0,1,8,M2 기관별 구성내역(평잔)|M2(평잔)|중앙은행|예금은행|기타예금취급기관|MMF|신탁|서민금융기관 1)|기타비은행 2),항목|계정항목별,,「통화금융통계」,한국은행 경제통계1 금융통계,02-759-4376,"'2026년 4월 통화 및 유동성’ 공표시 기초자료 변경사항을 반영하여 과거 시계열(2022.12월~2026.2월)을 수정(2026.6.16.) || 1) 상호저축은행, 신용협동조합, 상호금융, 새마을금고 || 2) 종합금융, 우체국, 수출입은행 등"
301,1976015,DT_171Y001,"Lf 상품별 구성내역(말잔, 계절조정계열)","Lf By Type(End of, SA)","한국은행 > 통화금융통계 > 통화 및 유동성지표 > Lf(금융기관 유동성) > Lf 상품별 구성내역(말잔) > Lf 상품별 구성내역(말잔, 계절조정계열)",2026-09-13,월|년,,,0,1,5,Lf 상품별 구성내역(말잔 계절조정계열)|Lf(금융기관유동성) : 상품별(말잔 계절조정계열)|예금취급기관 발행 금융상품 1)|M2|2년이상 장기금융상품 2)|비예금취급기관 발행 금융상품 3),항목|계정항목별,,「통화금융통계」,한국은행 경제통계1 금융통계,02-759-4376,"'2026년 4월 통화 및 유동성' 공표시 기초자료 변경사항을 반영하여 과거 시계열(2022.12월~2026.2월)을 수정(2026.6.16.) || 최종월 수치는 잠정치 || 1) 예금취급기관 발행 금융상품 금액과 구성상품(M2, 2년이상 장기금융상품 등)의 합계가 일치하지 않는 것은 Lf에 새로 추가된 금융상품을 발행하는 비예금취급기관(Non-MMF, 연금기금, 생명보험회사, 한국증권금융, 종합금융투자사업자의 종합투자계좌(IMA) 부문)의 예금취급기관 발행 금융상품 보유분을 상호거래로 제거하였기 때문 || 2) M2를 발행하는 예금취급기관의 2년이상 예적금, 금융채 등 || 3) Non-MMF의 수익증권, 연금기금(민간의 퇴직관련 신탁계정 등)의 퇴직연금준비금, 생명보험회사의 생명보험계약준비금, 한국증권금융의 예수금, 종합금융투자사업자의 종합투자계좌(IMA) 등, 종합금융투자사업자의 종합투자계좌(IMA)를 2025.12월부터 포함"
301,1976015,DT_171Y002,"Lf 상품별 구성내역(말잔, 원계열)",Lf By Type(End of),"한국은행 > 통화금융통계 > 통화 및 유동성지표 > Lf(금융기관 유동성) > Lf 상품별 구성내역(말잔) > Lf 상품별 구성내역(말잔, 원계열)",2026-09-13,월|분기|년,,,0,1,5,Lf 상품별 구성내역(말잔 원계열)|Lf(금융기관유동성) : 상품별(말잔 원계열)|예금취급기관 발행 금융상품 1)|M2|2년이상 장기금융상품 2)|비예금취급기관 발행 금융상품 3),항목|계정항목별,,「통화금융통계」,한국은행 경제통계1 금융통계,02-759-4376,"'2026년 4월 통화 및 유동성' 공표시 기초자료 변경사항을 반영하여 과거 시계열(2022.12월~2026.2월)을 수정(2026.6.16.) || 최종월 수치는 잠정치 || 1) 예금취급기관 발행 금융상품 금액과 구성상품(M2, 2년이상 장기금융상품 등)의 합계가 일치하지 않는 것은 Lf에 새로 추가된 금융상품을 발행하는 비예금취급기관(Non-MMF, 연금기금, 생명보험회사, 한국증권금융, 종합금융투자사업자의 종합투자계좌(IMA) 부문)의 예금취급기관 발행 금융상품 보유분을 상호거래로 제거하였기 때문 || 2) M2를 발행하는 예금취급기관의 2년이상 예적금, 금융채 등 || 3) Non-MMF의 수익증권, 연금기금(민간의 퇴직관련 신탁계정 등)의 퇴직연금준비금, 생명보험회사의 생명보험계약준비금, 한국증권금융의 예수금, 종합금융투자사업자의 종합투자계좌(IMA) 등, 종합금융투자사업자의 종합투자계좌(IMA)를 2025.12월부터 포함"
301,1976015,DT_171Y003,"Lf 구성내역(평잔, 계절조정계열)","Lf By Type(Average, SA)","한국은행 > 통화금융통계 > 통화 및 유동성지표 > Lf(금융기관 유동성) > Lf 상품별 구성내역(평잔) > Lf 구성내역(평잔, 계절조정계열)",2026-09-13,월|년,,,0,1,5,Lf 구성내역(평잔 계절조정계열)|Lf(금융기관유동성) : 상품별(평잔 계절조정계열)|예금취급기관 발행 금융상품 1)|M2|2년이상 장기금융상품 2)|비예금취급기관 발행 금융상품 3),항목|계정항목별,,「통화금융통계」,한국은행 경제통계1 금융통계,02-759-4376,"'2026년 4월 통화 및 유동성' 공표시 기초자료 변경사항을 반영하여 과거 시계열(2022.12월~2026.2월)을 수정(2026.6.16.) || 최종월 수치는 잠정치 || 1) 예금취급기관 발행 금융상품 금액과 구성상품(M2, 2년이상 장기금융상품 등)의 합계가 일치하지 않는 것은 Lf에 새로 추가된 금융상품을 발행하는 비예금취급기관(Non-MMF, 연금기금, 생명보험회사, 한국증권금융, 종합금융투자사업자의 종합투자계좌(IMA) 부문)의 예금취급기관 발행 금융상품 보유분을 상호거래로 제거하였기 때문 || 2) M2를 발행하는 예금취급기관의 2년이상 예적금, 금융채 등 || 3) Non-MMF의 수익증권, 연금기금(민간의 퇴직관련 신탁계정 등)의 퇴직연금준비금, 생명보험회사의 생명보험계약준비금, 한국증권금융의 예수금, 종합금융투자사업자의 종합투자계좌(IMA) 등, 종합금융투자사업자의 종합투자계좌(IMA)를 2025.12월부터 포함"
301,1976015,DT_171Y004,"Lf 구성내역(평잔, 원계열)",Lf By Type(Average),"한국은행 > 통화금융통계 > 통화 및 유동성지표 > Lf(금융기관 유동성) > Lf 상품별 구성내역(평잔) > Lf 구성내역(평잔, 원계열)",2026-09-13,월|분기|년,,,0,1,5,Lf 구성내역(평잔 원계열)|Lf(금융기관유동성) : 상품별(평잔 원계열)|예금취급기관 발행 금융상품 1)|M2|2년이상 장기금융상품 2)|비예금취급기관 발행 금융상품 3),항목|계정항목별,,「통화금융통계」,한국은행 경제통계1 금융통계,02-759-4376,"'2026년 4월 통화 및 유동성' 공표시 기초자료 변경사항을 반영하여 과거 시계열(2022.12월~2026.2월)을 수정(2026.6.16.) || 최종월 수치는 잠정치 || 1) 예금취급기관 발행 금융상품 금액과 구성상품(M2, 2년이상 장기금융상품 등)의 합계가 일치하지 않는 것은 Lf에 새로 추가된 금융상품을 발행하는 비예금취급기관(Non-MMF, 연금기금, 생명보험회사, 한국증권금융, 종합금융투자사업자의 종합투자계좌(IMA) 부문)의 예금취급기관 발행 금융상품 보유분을 상호거래로 제거하였기 때문 || 2) M2를 발행하는 예금취급기관의 2년이상 예적금, 금융채 등 || 3) Non-MMF의 수익증권, 연금기금(민간의 퇴직관련 신탁계정 등)의 퇴직연금준비금, 생명보험회사의 생명보험계약준비금, 한국증권금융의 예수금, 종합금융투자사업자의 종합투자계좌(IMA) 등, 종합금융투자사업자의 종합투자계좌(IMA)를 2025.12월부터 포함"
301,1976015,DT_101Y011,기타예금취급기관 개관표(말잔),Other Depository Corporations Survey (End of),한국은행 > 통화금융통계 > 통화 및 유동성지표 > 통화 및 유동성지표(구) > 예금취급기관 개관표 > 기타예금취급기관 개관표(말잔),2025-12-30,월|분기|년,,,0,1,84,기타예금취급기관 개관표(말잔)|국내신용부문|중앙정부부문 ( 순 )|중앙정부신용증가 (+)|유가증권|예수금|대출금|국외부문신용증가 (+)|국내 및 국외 신용|M2 (광의통화)|현금통화|요구불예금|MMF 수익증권|결제성 예수금|금융채|예수금 (M2 제외)|예치금|중앙정부신용감소 (-)|차입금|지방정부부문|기타|국외신용부문 ( 순 )|국외부문신용감소 (-)|M2에 포함되는 예수금|수시입출식저축성예금|2년미만정기예적금|기타 예수금|예수금 유가증권 (M2 제외)|주식이외 유가증권|총부채 및 자본|사회보장기구부문|주식 및 기타지분|파생상품부채|양도성예금증서|M2에 포함되는 유가증권|기업부문|파생상품자산|국외통화|어음매출|파생상품|가계부문|보험준비금|CMA|기타 ( 순 )|기타금융기관부문|수익증권|자본계정|중앙은행부문|2년미만금전신탁|중앙은행에 대한 부채|자발어음|통합조정 ( 순 )|신탁형증권저축|2년미만외화예수금|환매조건부채권매도,항목|계정항목별,,「통화금융통계」,한국은행 경제통계1 금융통계,02-759-4376,"1) 예금은행, 비은행예금취급기관 포괄 || 2) 기타금융기관 부문 = 생명보험회사, 손해보험회사, 증권회사, 여신전문금융회사, 한국주택금융공사 등 || 3) 기초자료 수정으로 인한 데이타 변경(2012.1, 2012.4) || 4) 기초자료 보완으로 인한 과거 시계열 일부 수정(2023.9월 수치 발표시) || 5) 최종월은 잠정치"
301,1976015,DT_101Y009,예금취급기관 개관표(말잔),Depository Corporations Survey(End of),한국은행 > 통화금융통계 > 통화 및 유동성지표 > 통화 및 유동성지표(구) > 예금취급기관 개관표 > 예금취급기관 개관표(말잔),2025-12-30,월|분기|년,,,0,1,79,예금취급기관 개관표(말잔)|국내신용부문|중앙정부부문 ( 순 )|중앙정부신용증가 (+)|유가증권|예수금|대출금|국외부문신용증가 (+)|국내 및 국외 신용|M2 (광의통화)|현금통화|요구불예금|MMF 수익증권|결제성 예수금|금융채|예수금 (M2 제외)|예치금|중앙정부신용감소 (-)|차입금|지방정부부문|기타|국외신용부문 ( 순 )|국외부문신용감소 (-)|M2에 포함되는 예수금|수시입출식저축성예금|2년미만정기예적금|기타 예수금|예수금 유가증권 (M2 제외)|주식이외 유가증권|총부채 및 자본|사회보장기구부문|주식 및 기타지분|파생상품부채|양도성예금증서|M2에 포함되는 유가증권|기업부문|파생상품자산|국외통화|어음매출|파생상품|가계부문|보험준비금|CMA|기타 ( 순 )|기타금융기관부문|수익증권|자본계정|2년미만금전신탁|자발어음|통합조정 ( 순 )|신탁형증권저축|2년미만외화예수금|환매조건부채권매도,항목|계정항목별,,「통화금융통계」,한국은행 경제통계1 금융통계,02-759-4376,"1) 중앙은행, 기타예금취급기관 포괄 || 2) 사회보장기구 부문 = 국민연금기금, 고용보험기금, 산업재해예방기금 등 || 3) 기타금융기관 부문 = 생명보험회사, 손해보험회사, 증권회사, 여신전문금융회사, 한국주택금융공사 등 || 4) 기업 부문 = 공기업, 민간기업 || 5) 신용협동조합의 경제주체별 분류기준 변경에 따른 시계열 소급(2007.12~2012.2) || 6) 기타유동자산(부채) 등의 회계처리기준 변경을 반영하여 과거 시계열이 일부 수정되었음(2013.2월 수치 발표시) || 7) 기초자료 보완으로 인한 과거 시계열 일부 수정(2023.9월 수치 발표시)"
301,1976015,DT_101Y010,중앙은행 개관표(말잔),Central Bank Survey (End of),한국은행 > 통화금융통계 > 통화 및 유동성지표 > 통화 및 유동성지표(구) > 예금취급기관 개관표 > 중앙은행 개관표(말잔),2025-12-30,월|분기|년,,,0,1,73,중앙은행 개관표(말잔)|국내신용부문|중앙정부부문 ( 순 )|중앙정부신용증가 (+)|유가증권|예수금|대출금|국외부문신용증가 (+)|국내 및 국외 신용|M2에 포함되는 예수금|금융채|기타예금취급기관에 대한 부채|만기2년이상원화채권|현금통화|시재금|중앙정부신용감소 (-)|차입금|지방정부부문|기타|국외신용부문 ( 순 )|국외부문신용감소 (-)|M2에 포함되는 유가증권|외화채권|중앙은행의 기타예금취급기관에 대한 부채|지준예치금|총부채 및 자본|사회보장기구부문|주식 및 기타지분|예치금|파생상품부채|예수금 (M2 제외)|기업부문|파생상품자산|국외통화|주식이외 유가증권|가계부문|보험준비금|기타금융기관부문|파생상품|기타예금취급기관부문|기타 ( 순 )|자본계정|본원통화|통합조정 ( 순 ),항목|계정항목별,,「통화금융통계」,한국은행 경제통계1 금융통계,02-759-4376,"1) 외평기금포함 || 2) 기타예금취급기관 부문 = 예금은행, 자산운용회사, 상호저축은행, 상호금융 등 || 3) 유가증권 = 통화안정증권, 외국환평형기금채권 || 4) 기타금융기관 부문 = 생명보험회사, 손해보험회사, 증권회사, 여신전문금융회사, 한국주택금융공사 등 || 5) 기업 부문 = 양곡관리특별회계, 조달특별회계 등 || 6) 기초자료 수정으로 인한 데이타 변경(2012.4) || 7) 기타유동자산(부채) 등의 회계처리기준 변경을 반영하여 과거 시계열이 일부 수정되었음(2013.2월 수치 발표시) || 8) 기초자료 보완으로 인한 과거 시계열 일부 수정(2023.9월 수치 발표시) || 9) 최종월은 잠정치"
301,1976015,DT_112Y001,"L(광의유동성) 구성내역(말잔, 계절조정계열)","L(Liquidity Aggregates)(End of, SA)","한국은행 > 통화금융통계 > 통화 및 유동성지표 > 통화 및 유동성지표(구) > L(광의유동성) > L(광의유동성) 구성내역(말잔, 계절조정계열)",2025-12-30,월|년,,,0,1,5,L(광의유동성) 구성내역(말잔 계절조정계열)|L(광의 유동성)|Lf(금융기관 유동성)|기타금융기관상품 1)|국채 지방채|회사채 기업어음 2),항목|계정항목별,,「통화금융통계」,한국은행 경제통계1 금융통계,02-759-4376,"광의유동성(L) = Lf + 정부 및 기업 등이 발행한 유동성 상품 등 || 최종월 수치는 잠정치 || 1) 기타금융기관상품: 손해보험사 보험계약준비금, 증권회사 환매조건부채권, 예금보험공사채, 자산관리공사채, 자산유동화채권 || 2) 회사채 및 기업어음: 2013년 4월부터 전자단기사채 포함 || 3) IFRS17(2023년 1월) 도입 관련 기초자료 보완으로 2023년 1~4월 시계열이 변경되었음"
301,1976015,DT_112Y002,"L(광의유동성) 구성내역(말잔, 원계열)",L(Liquidity Aggregates)(End of),"한국은행 > 통화금융통계 > 통화 및 유동성지표 > 통화 및 유동성지표(구) > L(광의유동성) > L(광의유동성) 구성내역(말잔, 원계열)",2025-12-30,월|분기|년,,,0,1,10,L(광의유동성) 구성내역(말잔 원계열)|L (광의 유동성)|Lf(금융기관 유동성)|손해보험사 보험계약준비금|예금보험공사채 및 자산관리공사채|여신전문기관 발행채권 1)|자산유동화채권 2)|국채 및 지방채|기업어음 3)|회사채|기타 4),항목|계정항목별,,「통화금융통계」,한국은행 경제통계1 금융통계,02-759-4376,"광의유동성(L) = Lf + 정부 및 기업 등이 발행한 유동성 상품 등 || 최종월 수치는 잠정치 || 1) 여신전문기관 발행채권: 카드채, 할부금융채, 리스채 || 2) 자산유동화채권: ABS, MBS 채권 || 3) 기업어음: 2013년 4월부터 전자단기사채 포함 || 4) 기타: 증권회사 환매채, Lf 편제 대상 금융기관의 외화시장형 상품, 외화금융채, 보험사 특별계정 || 5) IFRS17(2023년 1월) 도입 관련 기초자료 보완으로 2023년 1~4월 시계열이 변경되었음"
301,1976015,DT_131Y017,"산업별대출금(예금취급기관, 용도별)","By Purpose (Working Capital, Facilities Investment)","한국은행 > 통화금융통계 > 예금/대출금/기타금융 > 산업별대출금 > 예금취급기관 > 산업별대출금(예금취급기관, 용도별)",2026-09-13,분기|년,,,0,1,23,산업별대출금(예금취급기관 용도별)|산업별대출금|농업 임업 및 어업|도매 및 소매업|광업|운수 및 창고업|제조업|숙박 및 음식점업|전기 가스 증기 및 공기조절 공급업|정보통신업|수도ㆍ하수 및 폐기물 처리 원료재생업|금융 및 보험업|건설업|부동산업|전문 과학 및 기술 서비스업|사업시설관리 사업지원 및 임대서비스업|교육서비스업|보건 및 사회복지서비스업|예술 스포츠 및 여가 관련 서비스업|공공행정 등 기타서비스|정보통신업 예술 스포츠 여가 관련|서비스업|시설자금|운전자금,항목|계정항목별|자금구분별,,「통화금융통계」,한국은행 경제통계1 금융통계,02-759-4376,"1) 제11차 표준산업분류(2024.7.1)에 따라 개정된 산업분류에 의거 편제 || 2) 예금은행, 수출입은행, 종합금융회사(수익증권제외), 신탁회사, 상호저축은행, 신용협동기구 및 우체국예금 계정, 발행어음 계정의 원화대출금 || 3) 정보통신, 예술, 스포츠, 여가 관련 산업은 2010.1분기부터 정보통신업과 예술,스포츠 및 여가 관련 서비스업으로 분리 || 4) 통화금융통계 개편, 국제기준 등을 고려해 기초자료를 세분화하면서 2008.1분기부터 2026.2분기까지 시계열을 소급 수정하였음(2026년 9월) || 5) 최종분기는 잠정치 || 정보통신업, 예술, 스포츠 및 여가 분리에 따른 생성"
301,1976015,DT_131Y016,"산업별대출금(예금취급기관, 전산업)",All Industries,"한국은행 > 통화금융통계 > 예금/대출금/기타금융 > 산업별대출금 > 예금취급기관 > 산업별대출금(예금취급기관, 전산업)",2026-09-13,분기|년,,,0,1,43,산업별대출금(예금취급기관 전산업)|산업별대출금|농업 임업 및 어업|식료품 및 음료|도매 및 소매업|광업|담배|운수 및 창고업|제조업|섬유제품|숙박 및 음식점업|의복 의복액세서리 및 모피제품|전기 가스 증기 및 공기조절 공급업|정보통신업|가죽 가방 및 신발|수도ㆍ하수 및 폐기물 처리 원료재생업|금융 및 보험업|목재 및 나무제품|건설업|부동산업|펄프 종이 및 종이제품|전문 과학 및 기술 서비스업|인쇄 및 기록매체|사업시설관리 사업지원 및 임대서비스업|코크스 연탄 및 석유정제품|교육서비스업|화학제품 및 의료용 제품|보건 및 사회복지서비스업|고무제품 및 플라스틱 제품|예술 스포츠 및 여가 관련 서비스업|비금속광물제품|공공행정 등 기타서비스|제1차 금속|정보통신업 예술 스포츠 여가 관련|금속가공제품|전자부품 컴퓨터 영상 음향 및 통신장비|의료 정밀 광학기기 및 시계|전기장비|기타 기계 및 장비|자동차 및 트레일러|기타 운송장비|서비스업|가구제조 및 기타제품|산업용 기계 및 장비 수리업,항목|계정항목별,,「통화금융통계」,한국은행 경제통계1 금융통계,02-759-4376,"1) 제11차 표준산업분류(2024.7.1)에 따라 개정된 산업분류에 의거 편제 || 2) 예금은행, 수출입은행, 종합금융회사(수익증권제외), 신탁회사, 상호저축은행, 신용협동기구 및 우체국예금, 발행어음 계정의 원화대출금 || 3) 정보통신, 예술, 스포츠, 여가 관련 산업은 2010.1분기부터 정보통신업과 예술,스포츠 및 여가 관련 서비스업으로 분리 || 4) 통화금융통계 개편, 국제기준 등을 고려해 기초자료를 세분화하면서 2008.1분기부터 2026.2분기까지 시계열을 소급 수정하였음(2026년 9월) || 5) 최종분기는 잠정치 || 정보통신업과 예술스포츠여가 분리로 인핸 생성 || 정보통신업, 스포츠 및 여가 분리로 인한 생성"
301,1976015,DT_131Y018,"산업별대출금(예금은행, 기업규모별)",By Size,"한국은행 > 통화금융통계 > 예금/대출금/기타금융 > 산업별대출금 > 예금은행 > 산업별대출금(예금은행, 기업규모별)",2026-09-13,분기|년,,,0,1,26,산업별대출금(예금은행 기업규모별)|산업별대출금|농업 임업 및 어업|도매 및 소매업|광업|운수 및 창고업|제조업|숙박 및 음식점업|정보통신업|금융 및 보험업|부동산업|전문 과학 및 기술 서비스업|사업시설관리 사업지원 및 임대서비스업|교육서비스업|보건 및 사회복지서비스업|예술 스포츠 및 여가 관련 서비스업|공공행정 등 기타서비스|정보통신업 예술 스포츠 여가 관련|전기 가스 증기 및 공기조절 공급업|수도ㆍ하수 및 폐기물 처리 원료재생업|건설업|서비스업|대기업|개인사업자|기업자금대출금|중소기업|공공및기타자금대출금,항목|계정항목별|기업규모별,,「통화금융통계」,한국은행 경제통계1 금융통계,02-759-4376,"1) 2021.1/4분기부터 자료 수록 || 2) 기업자금대출금: 대기업, 중소기업대출금 합계 || 대기업: 상호출자제한기업집단 및 중견기업 || 중소기업: ‘중소기업기본법’상 중소기업 || 개인사업자: 개인사업자 번호로 대출을 받은 자 || 공공및기타자금대출금: 지방자치단체, 정부기업 등 공공기관과 학교법인 등 비영리단체 || 3) 제11차 표준산업분류(2024.7.1)에 따라 개정된 산업분류에 의거 편제 || 4) 최종분기는 잠정치 || 정보통신업과 예술, 스포츠 및 여가 관련 산업 분리에 따른 생성 || 정보통신업, 예술, 스포츠 및 여가 관련 산업 분리에 따른 생성"
301,1976015,DT_131Y010,"산업별대출금(예금은행, 기업형태별)","By Type (Incorporation, Unincorporation)","한국은행 > 통화금융통계 > 예금/대출금/기타금융 > 산업별대출금 > 예금은행 > 산업별대출금(예금은행, 기업형태별)",2026-09-13,분기|년,,,0,1,23,산업별대출금(예금은행 기업형태별)|산업별대출금|농업 임업 및 어업|도매 및 소매업|광업|운수 및 창고업|제조업|숙박 및 음식점업|정보통신업|금융 및 보험업|부동산업|전문 과학 및 기술 서비스업|사업시설관리 사업지원 및 임대서비스업|교육서비스업|보건 및 사회복지서비스업|예술 스포츠 및 여가 관련 서비스업|공공행정 등 기타서비스|정보통신업 예술 스포츠 여가 관련|전기 가스 증기 및 공기조절 공급업|수도ㆍ하수 및 폐기물 처리 원료재생업|건설업|서비스업|법인|비법인,항목|계정항목별|분류체계별,,「통화금융통계」,한국은행 경제통계1 금융통계,02-759-4376,"1) 2018.4/4분기부터 자료 수록 || 2) 법인기업: 법인등록번호 또는 법인사업자번호를 소지, 비법인기업: 법인기업 이외의 경우(개인사업자 포함) || 3) 제11차 표준산업분류(2024.7.1)에 따라 개정된 산업분류에 의거 편제 || 4) 기초자료 보완에 따라 2021.3분기부터 2023.1분기 중 산업별대출금 시계열이 변경되었음 || 5) 최종분기는 잠정치 || 정보통신업과 예술, 스포츠 및 여가 관련 산업 분리에 따른 생성 || 정보통신업, 예술, 스포츠 및 여가 관련 산업 분리에 따른 생성"
301,1976015,DT_131Y011,"산업별대출금(예금은행, 용도별)","By Purpose (Working Capital, Facilities Investment)","한국은행 > 통화금융통계 > 예금/대출금/기타금융 > 산업별대출금 > 예금은행 > 산업별대출금(예금은행, 용도별)",2026-09-13,분기|년,,,0,1,23,산업별대출금(예금은행 용도별)|산업별대출금|농업 임업 및 어업|도매 및 소매업|광업|운수 및 창고업|제조업|숙박 및 음식점업|전기 가스 증기 및 공기조절 공급업|정보통신업|수도ㆍ하수 및 폐기물 처리 원료재생업|금융 및 보험업|건설업|부동산업|전문 과학 및 기술 서비스업|사업시설관리 사업지원 및 임대서비스업|교육서비스업|보건 및 사회복지서비스업|예술스포츠 및 여가 관련 산업|정보통신업 예술 스포츠 여가 관련|공공행정 등 기타서비스|서비스업|시설자금|운전자금,항목|계정항목별|자금구분별,,「통화금융통계」,한국은행 경제통계1 금융통계,02-759-4376,"1) 산업은행이 예금은행으로 분류된 2002. 1월부터 동 기관분 포함 || 2) 농협중앙회의 타은행을 통한 지자체협약대출금 중 일부 포함 || 3) 통계의 편제주기가 1998년 8월 1일부터 월에서 분기로 변경됨에 따라 분기말월(3,6,9,12월) 통계 게재 || 4) 2001년 12월부터 외화표시 원화대출 제외 || 5) 농협 및 수협중앙회의 회원조합을 통한 정책자금 대출금 포함 || 6) 제11차 표준산업분류(2024.7.1)에 따라 개정된 산업분류에 의거 편제 || 7) 정보통신, 예술, 스포츠, 여가 관련 산업은 2010.1분기부터 정보통신업과 예술,스포츠 및 여가 관련 서비스업으로 분리 || 8) 기초자료 보완에 따라 2021.3분기부터 2023.1분기 중 산업별대출금 시계열이 변경되었음 || 9) 최종분기는 잠정치 || 정보통신업, 예술, 스포츠 및 여가 분리에 따른 생성"
301,1976015,DT_131Y013,"산업별대출금(예금은행, 전산업)",All Industries,"한국은행 > 통화금융통계 > 예금/대출금/기타금융 > 산업별대출금 > 예금은행 > 산업별대출금(예금은행, 전산업)",2026-09-13,분기|년,,,0,1,43,산업별대출금(예금은행 전산업)|산업별대출금|농업 임업 및 어업|식료품 및 음료|도매 및 소매업|광업|담배|운수 및 창고업|제조업|섬유제품|숙박 및 음식점업|의복 의복액세서리 및 모피제품|전기 가스 증기 및 공기조절 공급업|정보통신업|가죽 가방 및 신발|수도ㆍ하수 및 폐기물 처리 원료재생업|금융 및 보험업|목재 및 나무제품|건설업|부동산업|펄프 종이 및 종이제품|전문 과학 및 기술 서비스업|인쇄 및 기록매체|사업시설관리 사업지원 및 임대서비스업|코크스 연탄 및 석유정제품|교육서비스업|화학제품 및 의료용 제품|보건 및 사회복지서비스업|고무제품 및 플라스틱 제품|예술 스포츠 및 여가 관련 서비스업|비금속광물제품|공공행정 등 기타서비스|제1차 금속|정보통신업 예술 스포츠 여가 관련|금속가공제품|전자부품 컴퓨터 영상 음향 및 통신장비|의료 정밀 광학기기 및 시계|전기장비|기타 기계 및 장비|자동차 및 트레일러|기타 운송장비|서비스업|가구제조 및 기타제품|산업용 기계 및 장비 수리업,항목|계정항목별,,「통화금융통계」,한국은행 경제통계1 금융통계,02-759-4376,"1) 산업은행이 예금은행으로 분류된 2002. 1월부터 동 기관분 포함 || 2) 농협중앙회의 타은행을 통한 지자체협약대출금 중 일부 포함 || 3) 통계의 편제주기가 1998년 8월 1일부터 월에서 분기로 변경됨에 따라 분기말월(3,6,9,12월) 통계 게재 || 4) 2001년 12월부터 외화표시 원화대출 제외 || 5) 농협 및 수협중앙회의 회원조합을 통한 정책자금 대출금 포함 || 6) 제11차 표준산업분류(2024.7.1)에 따라 개정된 산업분류에 의거 편제 || 7) 정보통신, 예술, 스포츠, 여가 관련 산업은 2010.1분기부터 정보통신업과 예술,스포츠 및 여가 관련 서비스업으로 분리 || 8) 기초자료 보완에 따라 2021.3분기부터 2023.1분기 중 산업별대출금 시계열이 변경되었음 || 9) 최종분기는 잠정치 || 정보통신업과 예술스포츠여가 분리로 인핸 생성 || 정보통신업, 스포츠 및 여가 분리로 인한 생성"
301,1976015,DT_132Y003,"산업별대출금(예금은행, 지역별, 용도별)",By Region & Purpose,"한국은행 > 통화금융통계 > 예금/대출금/기타금융 > 산업별대출금 > 예금은행 지역별 > 산업별대출금(예금은행, 지역별, 용도별)",2026-09-13,분기|년,,,0,1,41,산업별대출금(예금은행 지역별 용도별)|농업 임업 및 어업|도매 및 소매업|산업별대출금 총계|광업|운수 및 창고업|제조업|숙박 및 음식점업|전기 가스 증기 및 공기조절 공급업|정보통신업|수도 · 하수 및 폐기물 처리 원료재생업|금융 및 보험업|건설업|부동산업|전문 과학 및 기술 서비스업|사업시설관리 및 사업지원 및 임대서비스업|교육 서비스업|보건업 및 사회복지 서비스업|예술 스포츠 및 여가관련 서비스업|공공행정 등 기타 서비스|정보통신업 예술 스포츠 및 여가관련|서비스업|전국|서울|부산|대구|인천|대전|광주|울산|세종|경기|강원|충북|충남|전북|전남|경북|경남|제주|시설자금|운전자금,항목|계정항목별|지역코드별|자금구분별,,「통화금융통계」,한국은행 경제통계1 금융통계,02-759-4376,"1) 농협중앙회의 타은행을 통한 지자체협약대출금 중 일부 포함 || 2) 농협 및 수협중앙회의 회원조합을 통한 정책자금 대출금 포함 || 3) 제11차 한국표준산업분류(2024.7.1)에 따라 개정된 산업분류에 의거 편제 || 5) 시.도별 구분은 취급점포 소재지 기준임 || 6) 2012년 3/4분기부터 세종시 통계가 추가됨에 따라 그동안 충남(연기군전체, 공주시 일부) 및 충북(청원군 일부)지역에 포함되었던 지역통계가 세종시로 이관됨에 따라 충남 및 충북통계 이용시 2012년 3/4분기 전후 시계열 비교에 유의 || 7) 정보통신, 예술, 스포츠, 여가 관련 산업은 2010.1분기부터 정보통신업과 예술,스포츠 및 여가 관련 서비스업으로 분리 || 8) 금융기관 기초자료 보완으로 2021년 3/4분기~2023년 1/4분기 일부 통계가 변경되었음"
301,1976015,DT_132Y001,"산업별대출금(예금은행, 지역별, 전산업)",By Region,"한국은행 > 통화금융통계 > 예금/대출금/기타금융 > 산업별대출금 > 예금은행 지역별 > 산업별대출금(예금은행, 지역별, 전산업)",2026-09-13,분기|년,,,0,1,61,산업별대출금(예금은행 지역별 전산업)|농업 임업 및 어업|식료품 및 음료|도매 및 소매업|산업별대출금 합계|광업|담배|운수 및 창고업|제조업|섬유제품|숙박 및 음식점업|의복 의복액세서리 및 모피제품|전기 가스 증기 및 공기조절공급업|정보통신업|가죽 가방 및 신발|수도 하수 폐기물처리 원료재생업|금융 및 보험업|목재 및 나무제품|건설업|부동산업|펄프 종이 및 종이제품|전문 과학 및 기술 서비스업|서비스업|인쇄 및 기록매체|사업시설관리 및 사업지원 및 임대서비스업|코크스 연탄 및 석유정제품|교육 서비스업|화학제품 및 의료용제품|보건업 및 사회복지 서비스업|고무제품 및 플라스틱제품|예술 스포츠 및 여가관련 서비스업|비금속 광물제품|공공행정 등 기타 서비스|1차 금속|정보통신업 예술스포츠 및 여가관련 서비스업|금속가공제품 제조|전자부품 컴퓨터 영상 음향 및 통신장비|의료 정밀 광학기기 및 시계|전기장비|기타 기계 및 장비|자동차 및 트레일러|기타 운송장비|가구 제조 및 기타제품|산업용기계 및 장비수리업|전국|서울|부산|대구|인천|대전|광주|울산|세종|경기|강원|충북|충남|전북|전남|경북|경남|제주,항목|계정항목별|지역코드별,,「통화금융통계」,한국은행 경제통계1 금융통계,02-759-4376,"1) 농협중앙회의 타은행을 통한 지자체협약대출금 중 일부 포함 || 2) 농협 및 수협중앙회의 회원조합을 통한 정책자금 대출금 포함 || 3) 제11차 한국표준산업분류(2024.7.1)에 따라 개정된 산업분류에 의거 편제 || 5) 시.도별 구분은 취급점포 소재지 기준임 || 6) 2012년 3/4분기부터 세종시 통계가 추가됨에 따라 그동안 충남(연기군전체, 공주시 일부) 및 충북(청원군 일부)지역에 포함되었던 지역통계가 세종시로 이관됨에 따라 충남 및 충북통계 이용시 2012년 3/4분기 전후 시계열 비교에 유의 || 7) 정보통신, 예술, 스포츠, 여가 관련 산업은 2010.1분기부터 정보통신업과 예술,스포츠 및 여가 관련 서비스업으로 분리 || 8) 금융기관 기초자료 보완으로 2021년 3/4분기~2023년 1/4분기 일부 통계가 변경되었음"
301,1976015,DT_131Y015,"산업별대출금(비은행예금취급기관, 용도별)","By Purpose (Working Capital, Facilities Investment)","한국은행 > 통화금융통계 > 예금/대출금/기타금융 > 산업별대출금 > 비은행예금취급기관 > 산업별대출금(비은행예금취급기관, 용도별)",2026-09-13,분기|년,,,0,1,23,산업별대출금(비은행예금취급기관 용도별)|산업별대출금|농업 임업 및 어업|도매 및 소매업|광업|운수 및 창고업|제조업|숙박 및 음식점업|전기 가스 증기 및 공기조절 공급업|정보통신업|수도ㆍ하수 및 폐기물 처리 원료재생업|금융 및 보험업|건설업|부동산업|전문 과학 및 기술 서비스업|사업시설관리 사업지원 및 임대서비스업|교육서비스업|보건 및 사회복지서비스업|예술 스포츠 및 여가 관련 서비스업|공공행정 등 기타서비스|정보통신업 예술 스포츠 여가 관련|서비스업|시설자금|운전자금,항목|계정항목별|자금구분별,,「통화금융통계」,한국은행 경제통계1 금융통계,02-759-4376,"1) 제11차 표준산업분류(2024.7.1)에 따라 개정된 산업분류에 의거 편제 || 2) 수출입은행, 종합금융회사(수익증권제외), 신탁회사, 상호저축은행, 신용협동기구 및 우체국예금 계정, 발행어음 계정의 || 원화대출금 || 3) 정보통신, 예술, 스포츠, 여가 관련 산업은 2010.1분기부터 정보통신업과 예술,스포츠 및 여가 관련 서비스업으로 분리 || 4) 통화금융통계 개편, 국제기준 등을 고려해 기초자료를 세분화하면서 2008.1분기부터 2026.2분기까지 시계열을 소급 수정하였음(2026년 9월) || 5) 최종분기는 잠정치 || 정보통신업, 예술, 스포츠 및 여가 분리에 따른 생성"
301,1976015,DT_131Y014,"산업별대출금(비은행예금취급기관, 전산업)",All Industries,"한국은행 > 통화금융통계 > 예금/대출금/기타금융 > 산업별대출금 > 비은행예금취급기관 > 산업별대출금(비은행예금취급기관, 전산업)",2026-09-13,분기|년,,,0,1,43,산업별대출금(비은행예금취급기관 전산업)|산업별대출금|농업 임업 및 어업|식료품 및 음료|도매 및 소매업|광업|담배|운수 및 창고업|제조업|섬유제품|숙박 및 음식점업|의복 의복액세서리 및 모피제품|전기 가스 증기 및 공기조절 공급업|정보통신업|가죽 가방 및 신발|수도ㆍ하수 및 폐기물 처리 원료재생업|금융 및 보험업|목재 및 나무제품|건설업|부동산업|펄프 종이 및 종이제품|전문 과학 및 기술 서비스업|인쇄 및 기록매체|사업시설관리 사업지원 및 임대서비스업|코크스 연탄 및 석유정제품|교육서비스업|화학제품 및 의료용 제품|보건 및 사회복지서비스업|고무제품 및 플라스틱 제품|예술 스포츠 및 여가 관련 서비스업|비금속광물제품|공공행정 등 기타서비스|제1차 금속|정보통신업 예술 스포츠 여가 관련|금속가공제품|전자부품 컴퓨터 영상 음향 및 통신장비|의료 정밀 광학기기 및 시계|전기장비|기타 기계 및 장비|자동차 및 트레일러|기타 운송장비|서비스업|가구제조 및 기타제품|산업용 기계 및 장비 수리업,항목|계정항목별,,「통화금융통계」,한국은행 경제통계1 금융통계,02-759-4376,"1) 제11차 표준산업분류(2024.7.1)에 따라 개정된 산업분류에 의거 편제 || 2) 수출입은행, 종합금융회사(수익증권제외), 신탁회사, 상호저축은행, 신용협동기구 및 우체국예금 계정, 발행어음 계정의 || 원화대출금 || 3) 정보통신, 예술, 스포츠, 여가 관련 산업은 2010.1분기부터 정보통신업과 예술,스포츠 및 여가 관련 서비스업으로 분리 || 4) 통화금융통계 개편, 국제기준 등을 고려해 기초자료를 세분화하면서 2008.1분기부터 2026.2분기까지 시계열을 소급 수정하였음(2026년 9월) || 5) 최종분기는 잠정치 || 정보통신업, 예술, 스포츠 및 여가 분리에 따른 생성"
301,1976015,DT_141Y010,비은행금융기관 지역별 기업대출(말잔),Loans to Enterprise of Non-Bank Financial Corporations by Region (End of),한국은행 > 통화금융통계 > 예금/대출금/기타금융 > 지역별 여수신 > 비은행금융기관 수신 및 여신 > 비은행금융기관 지역별 기업대출(말잔),2026-09-13,월|분기|년,,,0,1,26,비은행금융기관 지역별 기업대출(말잔)|기업대출금|중소기업대출금|비은행금융기관|상호저축은행|신용협동조합|상호금융|새마을금고|기타|전국|서울|부산|대구|인천|광주|대전|울산|경기|강원|충북|충남|전북|전남|경북|경남|제주|세종,항목|계정항목별|보고기관별|지역코드별,,「통화금융통계」,한국은행 경제통계1 금융통계,02-759-4376,"* 최종월 수치는 잠정치이며 금융기관 조사표 등 기초자료가 보완되거나 편제기준이 변경되는 경우 기공표된 수치는 수정됩니다. || 1) 시.도별 구분은 취급점포 소재지 기준임 || 2) 2016.9월말 신용협동조합 기초통계 주체별 분류의 세분화에 따른 항목조정 반영 || 3) 새마을금고 일부 지점 이전(충남→세종, 2020.2월) 내용을 반영한 결과 2020.2~5월의 새마을금고 통계가 변경되었음, || 2016. 9월중 신용협동조합의 기초자료 재정비로 주체별대출금 재분류 발생 || 4) 기업대출금 기타기관 : 종금계정, 신탁계정, 수출입은행"
301,1976015,DT_141Y006,비은행금융기관 지역별 수신(말잔),Total Deposits at Non-Bank Financial Corporations (End of),한국은행 > 통화금융통계 > 예금/대출금/기타금융 > 지역별 여수신 > 비은행금융기관 수신 및 여신 > 비은행금융기관 지역별 수신(말잔),2026-09-13,월|분기|년,,,0,1,27,비은행금융기관 지역별 수신(말잔)|비은행금융기관|종합금융회사|자산운용회사|신탁회사|상호저축은행|신용협동조합|상호금융|새마을금고|기타|전국|서울|부산|대구|인천|광주|대전|울산|경기|강원|충북|충남|전북|전남|경북|경남|제주|세종,항목|보고기관별|지역코드별,,「통화금융통계」,한국은행 경제통계1 금융통계,02-759-4376,"* 최종월 수치는 잠정치이며 금융기관 조사표 등 기초자료가 보완되거나 편제기준이 변경되는 경우 기공표된 수치는 수정됩니다. || 1) 시.도별 구분은 취급점포 소재지 기준임 || 2) 2012년 9월부터 세종시 통계가 추가됨에 따라 그동안 충남(연기군전체, 공주시 일부) 및 충북(청원군 일부)지역에 || 포함되었던 지역통계가 세종시로 이관됨에 따라 충남 및 충북통계 이용시 2012년 9월 전후 시계열 비교에 유의 || 3) 조사대상기관의 기초자료 보완으로 2025년 8월 비은행금융기관 수신 공표치(잠정)가 변동되었음"
301,1976015,DT_141Y007,비은행금융기관 지역별 여신(말잔),Loans & Discounts of Non-Bank Financial Corporations by Region (End of),한국은행 > 통화금융통계 > 예금/대출금/기타금융 > 지역별 여수신 > 비은행금융기관 수신 및 여신 > 비은행금융기관 지역별 여신(말잔),2026-09-13,월|분기|년,,,0,1,26,비은행금융기관 지역별 여신(말잔)|비은행금융기관|종합금융회사|신탁회사|상호저축은행|신용협동조합|상호금융|새마을금고|기타|전국|서울|부산|대구|인천|광주|대전|울산|경기|강원|충북|충남|전북|전남|경북|경남|제주|세종,항목|보고기관별|지역코드별,,「통화금융통계」,한국은행 경제통계1 금융통계,02-759-4376,"* 최종월 수치는 잠정치이며 금융기관 조사표 등 기초자료가 보완되거나 편제기준이 변경되는 경우 기공표된 수치는 수정됩니다. || 1) 시.도별 구분은 취급점포 소재지 기준임 || 2) 2012년 9월부터 세종시 통계가 추가됨에 따라 그동안 충남(연기군전체, 공주시 일부) 및 충북(청원군 일부)지역에 || 포함되었던 지역통계가 세종시로 이관됨에 따라 충남 및 충북통계 이용시 2012년 9월 전후 시계열 비교에 유의 || 3) 새마을금고 일부 지점 이전(충남→세종, 2020.2월) 내용을 반영한 결과 2020.2~5월의 새마을금고 통계가 변경되었음, || 2016. 9월중 신용협동조합의 기초자료 재정비로 주체별대출금 재분류 발생 || 4) 비은행 여수신 기타 : 우체국, 수출입은행"
301,1976015,DT_141Y008,생명보험회사 지역별 수신(말잔),Total Deposits of Life Insurance Companies (End of),한국은행 > 통화금융통계 > 예금/대출금/기타금융 > 지역별 여수신 > 생명보험회사 수신 및 여신 > 생명보험회사 지역별 수신(말잔),2026-09-13,월|분기|년,,,0,1,19,생명보험회사 지역별 수신(말잔)|생명보험회사|전국|서울|부산|대구|인천|광주|대전|울산|경기|강원|충북|충남|전북|전남|경북|경남|제주|세종,항목|보고기관별|지역코드별,,「통화금융통계」,한국은행 경제통계1 금융통계,02-759-4376,"* 최종월 수치는 잠정치이며 금융기관 조사표 등 기초자료가 보완되거나 편제기준이 변경되는 경우 기공표된 수치는 수정됩니다. || 1) 시.도별 구분은 취급점포 소재지 기준임 || 2) 2012년 9월부터 세종시 통계가 추가됨에 따라 그동안 충남(연기군전체, 공주시 일부) 및 충북(청원군 일부)지역에 || 포함되었던 지역통계가 세종시로 이관됨에 따라 충남 및 충북통계 이용시 2012년 9월 전후 시계열 비교에 유의"
301,1976015,DT_141Y009,생명보험회사 지역별 여신(말잔),Loans & Discounts of Life Insurance Companies (End of),한국은행 > 통화금융통계 > 예금/대출금/기타금융 > 지역별 여수신 > 생명보험회사 수신 및 여신 > 생명보험회사 지역별 여신(말잔),2026-09-13,월|분기|년,,,0,1,19,생명보험회사 지역별 여신(말잔)|생명보험회사|전국|서울|부산|대구|인천|광주|대전|울산|경기|강원|충북|충남|전북|전남|경북|경남|제주|세종,항목|보고기관별|지역코드별,,「통화금융통계」,한국은행 경제통계1 금융통계,02-759-4376,"* 최종월 수치는 잠정치이며 금융기관 조사표 등 기초자료가 보완되거나 편제기준이 변경되는 경우 기공표된 수치는 수정됩니다. || 1) 시.도별 구분은 취급점포 소재지 기준임 || 2) 2012년 9월부터 세종시 통계가 추가됨에 따라 그동안 충남(연기군전체, 공주시 일부) 및 충북(청원군 일부)지역에 || 포함되었던 지역통계가 세종시로 이관됨에 따라 충남 및 충북통계 이용시 2012년 9월 전후 시계열 비교에 유의"
301,1976015,DT_105Y001,예금규모별 계좌수 및 금액,The number of accounts and Outstanding amount by Size,한국은행 > 통화금융통계 > 예금/대출금/기타금융 > 기타금융통계 > 예금규모별 계좌 및 금액 > 예금규모별 계좌수 및 금액,2026-09-13,반기,,,0,1,16,예금규모별 계좌수 및 금액|요구불예금(실세)|정기예금|특정금전신탁|저축성예금|정기적금|기업자유예금|금전신탁|저축예금|양도성예금증서|계좌수(천좌)|금액(십억원)|합계|1억이하|1억초과5억이하|5억초과10억이하|10억초과,항목|계정항목별|구분코드별|금액구분코드별,,「통화금융통계」,한국은행 경제통계1 금융통계,02-759-4376,1) 최종반기는 잠정치 || 2) 특정금전신탁: 퇴직연금신탁 제외 기준 || 3) 일부 기관의 기초자료 정비로 2014.상반기~2018.하반기 금전신탁 합계 및 1억원이하 계좌의 계좌수 기발표 수치를 수정 반영함
301,1976015,DT_104Y017,예금은행 예금회전율,Turnover Ratios of Deposits of CBs & SBs,한국은행 > 통화금융통계 > 예금/대출금/기타금융 > 기타금융통계 > 예금규모별 계좌 및 금액 > 예금은행 예금회전율,2026-09-13,월|분기|년,,,0,1,11,예금은행 예금회전율|예금은행예금회전율|요구불예금|정기예금|당좌예금|저축성예금|정기적금|보통예금|저축예금|별단예금|자유저축예금|가계종합예금,항목|계정항목별,,「통화금융통계」,한국은행 경제통계1 금융통계,02-759-4376,
301,1976015,DT_181Y003,연령별 지역별,By Age Group and Region,한국은행 > 통화금융통계 > 예금/대출금/기타금융 > 차주별 가계부채 > 차주당 가계대출 신규취급액 (교차항목) > 연령별 지역별,2026-09-13,분기|년,,,0,1,13,연령별 지역별|20대|30대|40대|50대|60대 이상|수도권|(서울)|(인천·경기)|동남권|충청권|호남권|대경권|강원·제주권,항목|구분코드별|계정항목별,,「통화금융통계」,한국은행 경제통계1 금융통계,02-759-4376,1) 학자금대출의 경우 신용정보사의 학자금대출 정보 변경으로 25.3/4분기부터 신규 채무자에 한해 반영
301,1976015,DT_181Y005,연령별 업권별,By Age Group and Financial Institution Type,한국은행 > 통화금융통계 > 예금/대출금/기타금융 > 차주별 가계부채 > 차주당 가계대출 신규취급액 (교차항목) > 연령별 업권별,2026-09-13,분기|년,,,0,1,8,연령별 업권별|20대|30대|40대|50대|60대 이상|은행|비은행1)|기타2),항목|구분코드별|계정항목별,,「통화금융통계」,한국은행 경제통계1 금융통계,02-759-4376,"1) 저축은행, 신용협동조합, 상호금융, 새마을금고 || 2) 보험사, 여신전문기관, 증권사, 대부업 등 포함 || 3) 학자금대출의 경우 신용정보사의 학자금대출 정보 변경으로 25.3/4분기부터 신규 채무자에 한해 반영"
301,1976015,DT_181Y007,연령별 상품별,By Age Group and Loan Type,한국은행 > 통화금융통계 > 예금/대출금/기타금융 > 차주별 가계부채 > 차주당 가계대출 신규취급액 (교차항목) > 연령별 상품별,2026-09-13,분기|년,,,0,1,10,연령별 상품별|20대|30대|40대|50대|60대 이상|주택담보대출|주택외담보대출1)|신용대출2)|전세자금대출3)|기타대출4),항목|구분코드별|계정항목별,,「통화금융통계」,한국은행 경제통계1 금융통계,02-759-4376,"1) 예적금담보대출, 주택외 부동산담보대출, 전세보증금담보대출, 지급보증서담보대출 등 포함 || 2) 신용대출 중 상호금융은 기초자료 한계로 2022.1/4분기부터 포함 || 3) 2017.3/4분기 이후 편제. 2017.3/4분기 이전에는 주택외담보대출에 포함 || 4) 할부·리스, 카드론, 학자금대출 등 포함 || 5) 학자금대출의 경우 신용정보사의 학자금대출 정보 변경으로 25.3/4분기부터 신규 채무자에 한해 반영"
301,1976015,DT_181Y009,상품별 업권별,By Loan Type and Financial Institution Type,한국은행 > 통화금융통계 > 예금/대출금/기타금융 > 차주별 가계부채 > 차주당 가계대출 신규취급액 (교차항목) > 상품별 업권별,2026-09-13,분기|년,,,0,1,8,상품별 업권별|주택담보대출|주택외담보대출3)|신용대출4)|전세자금대출5)|기타대출6)7)|은행|비은행1)|기타2),항목|구분코드별|계정항목별,,「통화금융통계」,한국은행 경제통계1 금융통계,02-759-4376,"1) 저축은행, 신용협동조합, 상호금융, 새마을금고 || 2) 보험사, 여신전문기관, 증권사, 대부업 등 포함 || 3) 예적금담보대출, 주택외 부동산담보대출, 전세보증금담보대출, 지급보증서담보대출 등 포함 || 4) 신용대출 중 상호금융은 기초자료 한계로 2022.1/4분기부터 포함 || 5) 2017.3/4분기 이후 편제. 2017.3/4분기 이전에는 주택외담보대출에 포함 || 6) 할부·리스, 카드론, 학자금대출 등 포함 || 7) 기타대출 중 비은행은 기초자료의 한계로 2022.1/4분기부터 편제 || 8) 학자금대출의 경우 신용정보사의 학자금대출 정보 변경으로 25.3/4분기부터 신규 채무자에 한해 반영"
301,1976015,DT_181Y004,연령별 지역별,By Age Group and Region,한국은행 > 통화금융통계 > 예금/대출금/기타금융 > 차주별 가계부채 > 차주당 가계대출 잔액 (교차항목) > 연령별 지역별,2026-09-13,분기|년,,,0,1,13,연령별 지역별|20대|30대|40대|50대|60대 이상|수도권|(서울)|(인천·경기)|동남권|충청권|호남권|대경권|강원·제주권,항목|구분코드별|계정항목별,,「통화금융통계」,한국은행 경제통계1 금융통계,02-759-4376,
301,1976015,DT_181Y006,연령별 업권별,By Age Group and Financial Institution Type,한국은행 > 통화금융통계 > 예금/대출금/기타금융 > 차주별 가계부채 > 차주당 가계대출 잔액 (교차항목) > 연령별 업권별,2026-09-13,분기|년,,,0,1,8,연령별 업권별|20대|30대|40대|50대|60대 이상|은행|비은행1)|기타2),항목|구분코드별|계정항목별,,「통화금융통계」,한국은행 경제통계1 금융통계,02-759-4376,"1) 저축은행, 신용협동조합, 상호금융, 새마을금고 || 2) 보험사, 여신전문기관, 증권사, 대부업 등 포함"
301,1976015,DT_181Y008,연령별 상품별,By Age Group and Loan Type,한국은행 > 통화금융통계 > 예금/대출금/기타금융 > 차주별 가계부채 > 차주당 가계대출 잔액 (교차항목) > 연령별 상품별,2026-09-13,분기|년,,,0,1,10,연령별 상품별|20대|30대|40대|50대|60대 이상|주택담보대출|주택외담보대출1)|신용대출2)|전세자금대출3)|기타대출4),항목|구분코드별|계정항목별,,「통화금융통계」,한국은행 경제통계1 금융통계,02-759-4376,"1) 예적금담보대출, 주택외 부동산담보대출, 전세보증금담보대출, 지급보증서담보대출 등 포함 || 2) 신용대출 중 상호금융은 기초자료 한계로 2022.1/4분기부터 포함 || 3) 2017.3/4분기 이후 편제. 2017.3/4분기 이전에는 주택외담보대출에 포함 || 4) 할부·리스, 카드론, 학자금대출 등 포함"
301,1976015,DT_181Y010,상품별 업권별,By Loan Type and Financial Institution Type,한국은행 > 통화금융통계 > 예금/대출금/기타금융 > 차주별 가계부채 > 차주당 가계대출 잔액 (교차항목) > 상품별 업권별,2026-09-13,분기|년,,,0,1,8,상품별 업권별|주택담보대출|주택외담보대출3)|신용대출4)|전세자금대출5)|기타대출6)7)|은행|비은행1)|기타2),항목|구분코드별|계정항목별,,「통화금융통계」,한국은행 경제통계1 금융통계,02-759-4376,"1) 저축은행, 신용협동조합, 상호금융, 새마을금고 || 2) 보험사, 여신전문기관, 증권사, 대부업 등 포함 || 3) 예적금담보대출, 주택외 부동산담보대출, 전세보증금담보대출, 지급보증서담보대출 등 포함 || 4) 신용대출 중 상호금융은 기초자료 한계로 2022.1/4분기부터 포함 || 5) 2017.3/4분기 이후 편제. 2017.3/4분기 이전에는 주택외담보대출에 포함 || 6) 할부·리스, 카드론, 학자금대출 등 포함 || 7) 기타대출 중 비은행은 기초자료의 한계로 2022.1/4분기부터 편제"
301,1976015,DT_121Y002,예금은행 수신금리(신규취급액 기준),Based on Newly Extended,한국은행 > 통화금융통계 > 금리 > 예금은행 가중평균금리 > 수신금리 > 예금은행 수신금리(신규취급액 기준),2026-09-13,월|분기|년,,,0,1,28,예금은행 수신금리(신규취급액 기준)|신규취급액 기준|저축성수신|정기예금|정기예금(6개월 미만) 2)|정기예금(1년)|정기적금(1-2년)|상호부금(1-2년)|양도성예금증서|양도성예금증서(91일)|환매조건부채권매도(91-180일)|표지어음(91-120일)|저축성수신(금융채 제외) 1)|순수저축성예금 1)|정기예금(6개월~1년 미만) 2)|정기적금|정기적금(3-4년)|상호부금(3-4년)|환매조건부채권매도|정기예금(1~2년 미만) 2)|상호부금|시장형금융상품|표지어음|정기예금(2~3년 미만)|주택부금|금융채 3)|정기예금(3~4년 미만)|정기예금(4~5년 미만)|정기예금(5년 이상),항목|계정항목별,연리%|연%,「통화금융통계」,한국은행 경제통계1 금융통계,02-759-4376,"최종월 수치는 잠정치 || 1) 요구불예금 및 수시입출식 저축성예금 제외 || 2) 회전식정기예금의 만기 재분류(계약만기 기준 → 회전기간 기준)에 따라 2009.12월부터 시계열 비연속 || 3) 후순위채, 전환사채 등을 제외한 일반 금융채 기준"
301,1976015,DT_121Y013,예금은행 수신금리(잔액 기준),Based on Outstanding,한국은행 > 통화금융통계 > 금리 > 예금은행 가중평균금리 > 수신금리 > 예금은행 수신금리(잔액 기준),2026-09-13,월|분기|년,,,0,1,20,예금은행 수신금리(잔액 기준)|정기예금|정기적금|상호부금|주택부금|양도성예금증서|환매조건부채권매도|표지어음|금융채 1)|저축예금|개인MMDA|기업자유예금|기업MMDA|잔액 기준|총수신(요구불예금 및 수시입출식 저축성예금 포함)|순수저축성예금|저축성수신(요구불예금 및 수시입출식 저축성예금 제외)|시장형금융상품|저축성수신(금융채 제외)|요구불예금|수시입출식 저축성예금,항목|계정항목별,,「통화금융통계」,한국은행 경제통계1 금융통계,02-759-4376,"최종월 수치는 잠정치 || 1) 후순위채, 전환사채 등을 제외한 일반 금융채 기준"
301,1976015,DT_121Y006,예금은행 대출금리(신규취급액 기준),Based on Newly Extended,한국은행 > 통화금융통계 > 금리 > 예금은행 가중평균금리 > 대출금리 > 예금은행 대출금리(신규취급액 기준),2026-09-13,월|분기|년,,,0,1,20,예금은행 대출금리(신규취급액 기준)|신규취급액 기준|대출평균 1)|기업대출|대기업대출|중소기업대출|운전자금대출|시설자금대출|가계대출|소액대출 (500만원 이하)|주택담보대출|예·적금담보대출|보증대출|일반신용대출 2)|집단대출 2)|공공및기타부문대출|고정형 주택담보대출 3)|전세자금대출|상업어음할인|변동형 주택담보대출 3)|기업일반자금대출,항목|계정항목별,연리%|연%,「통화금융통계」,한국은행 경제통계1 금융통계,02-759-4376,최종월 수치는 잠정치 || 1) 당좌대출 및 마이너스통장대출 제외(마이너스통장대출은 2001.9월부터 제외) || 2) 2017.9월~2018.2월 일반신용대출과 집단대출 일부 항목 분류 조정 || 3) 2021.7월~2024.4월 고정형·변동형 대출 금리 및 비중 통계 개편을 반영하여 시계열 소급
301,1976015,DT_121Y015,예금은행 대출금리(잔액 기준),Based on Outstanding,한국은행 > 통화금융통계 > 금리 > 예금은행 가중평균금리 > 대출금리 > 예금은행 대출금리(잔액 기준),2026-09-13,월|분기|년,,,0,1,20,예금은행 대출금리(잔액 기준)|잔액 기준|총대출 1)|총대출(당좌대출 제외)|기업대출 2)|대기업대출|중소기업대출|운전자금대출|시설자금대출|가계대출 2)|소액대출 (500만원 이하)|주택담보대출|예·적금담보대출|보증대출|일반신용대출 3)|집단대출 3)|공공및기타부문대출|당좌대출 4)|고정형 주택담보대출 5)|전세자금대출|변동형 주택담보대출 5),항목|계정항목별,,「통화금융통계」,한국은행 경제통계1 금융통계,02-759-4376,최종월 수치는 잠정치 || 1) 당좌대출 및 마이너스통장대출 포함 || 2) 마이너스통장대출 포함 || 3) 2017.9월~2018.2월 일반신용대출과 집단대출 일부 항목 분류 조정 || 4) 2015.1월~2019.4월 일부 금융기관 당좌대출 금리 수정 사항 반영 || 5) 2021.7월~2024.4월 고정형·변동형 대출 금리 및 비중 통계 개편을 반영하여 시계열 소급
301,1976015,DT_102Y103,"본원통화 구성내역(말잔, 계절조정계열)","Components of Monetary Base(End of, SA)","한국은행 > 통화금융통계 > 통화 및 유동성지표 > 통화 및 유동성지표(구) > 본원통화 > 본원통화 구성내역(말잔) > 본원통화 구성내역(말잔, 계절조정계열)",2025-12-31,월|년,,,0,1,3,본원통화 구성내역(말잔 계절조정계열)|본원통화(말잔계절조정계열)|현금통화|중앙은행 대 예금취급기관부채,항목|계정항목별,,「통화금융통계」,한국은행 경제통계1 금융통계,02-759-4376,
301,1976015,DT_102Y101,"본원통화 구성내역(말잔, 원계열)",Components of Monetary Base(End of),"한국은행 > 통화금융통계 > 통화 및 유동성지표 > 통화 및 유동성지표(구) > 본원통화 > 본원통화 구성내역(말잔) > 본원통화 구성내역(말잔, 원계열)",2025-12-31,월|분기|년,,,0,1,3,본원통화 구성내역(말잔 원계열)|본원통화(말잔 원계열)|현금통화|중앙은행 대 예금취급기관부채,항목|계정항목별,,「통화금융통계」,한국은행 경제통계1 금융통계,02-759-4376,
301,1976015,DT_102Y104,"본원통화 구성내역(평잔, 계절조정계열)","Components of Monetary Base(Average, SA)","한국은행 > 통화금융통계 > 통화 및 유동성지표 > 통화 및 유동성지표(구) > 본원통화 > 본원통화 구성내역(평잔) > 본원통화 구성내역(평잔, 계절조정계열)",2025-12-31,월|년,,,0,1,3,본원통화 구성내역(평잔 계절조정계열)|본원통화(평잔계절조정계열)|현금통화|중앙은행 대 예금취급기관부채,항목|계정항목별,,「통화금융통계」,한국은행 경제통계1 금융통계,02-759-4376,
301,1976015,DT_102Y102,"본원통화 구성내역(평잔, 원계열)",Components of Monetary Base(Average),"한국은행 > 통화금융통계 > 통화 및 유동성지표 > 통화 및 유동성지표(구) > 본원통화 > 본원통화 구성내역(평잔) > 본원통화 구성내역(평잔, 원계열)",2025-12-31,월|분기|년,,,0,1,3,본원통화 구성내역(평잔 원계열)|본원통화(평잔 원계열)|현금통화|중앙은행 대 예금취급기관부채,항목|계정항목별,,「통화금융통계」,한국은행 경제통계1 금융통계,02-759-4376,
301,1976015,DT_101Y016,"M1 상품별 구성내역(말잔, 계절조정계열)","M1 By Type (End of, SA)","한국은행 > 통화금융통계 > 통화 및 유동성지표 > 통화 및 유동성지표(구) > M1(협의통화) > M1 상품별 구성내역(말잔) > M1 상품별 구성내역(말잔, 계절조정계열)",2025-12-31,월|년,,,0,1,4,M1 상품별 구성내역(말잔 계절조정계열)|M1(말잔 계절조정계열)|현금통화|요구불예금|수시입출식저축성예금,항목|계정항목별,,「통화금융통계」,한국은행 경제통계1 금융통계,02-759-4376,"협의통화(M1) = 현금통화 + 요구불예금 및 수시입출식 저축성예금 || 단, 2007년 3월 이전에는 MMF를 포함했으나 2005년 11월부터는 익일환매제도가 적용된 법인 MMF 제외. 2007.3.22부터는 미래가격제가 도입된 개인 MMF도 제외"
301,1976015,DT_101Y017,"M1 상품별 구성내역(말잔, 원계열)",M1 By Type (End of),"한국은행 > 통화금융통계 > 통화 및 유동성지표 > 통화 및 유동성지표(구) > M1(협의통화) > M1 상품별 구성내역(말잔) > M1 상품별 구성내역(말잔, 원계열)",2025-12-31,월|분기|년,,,0,1,4,M1 상품별 구성내역(말잔 원계열)|M1(말잔 원계열)|현금통화|요구불예금|수시입출식저축성예금,항목|계정항목별,,「통화금융통계」,한국은행 경제통계1 금융통계,02-759-4376,"협의통화(M1) = 현금통화 + 요구불예금 및 수시입출식 저축성예금 || 단, 2007년 3월 이전에는 MMF를 포함했으나 2005년 11월부터는 익일환매제도가 적용된 법인 MMF 제외. 2007.3.22부터는 미래가격제가 도입된 개인 MMF도 제외"
301,1976015,DT_101Y018,"M1 상품별 구성내역(평잔, 계절조정계열)","M1 By Type (Average, SA)","한국은행 > 통화금융통계 > 통화 및 유동성지표 > 통화 및 유동성지표(구) > M1(협의통화) > M1 상품별 구성내역(평잔) > M1 상품별 구성내역(평잔, 계절조정계열)",2025-12-31,월|년,,,0,1,4,M1 상품별 구성내역(평잔 계절조정계열)|M1(평잔 계절조정계열)|현금통화|요구불예금|수시입출식저축성예금,항목|계정항목별,,「통화금융통계」,한국은행 경제통계1 금융통계,02-759-4376,"협의통화(M1) = 현금통화 + 요구불예금 및 수시입출식 저축성예금 || 단, 2007년 3월 이전에는 MMF를 포함했으나 2005년 11월부터는 익일환매제도가 적용된 법인 MMF 제외. 2007.3.22부터는 미래가격제가 도입된 개인 MMF도 제외"
301,1976015,DT_101Y019,"M1 상품별 구성내역(평잔, 원계열)",M1 By Type (Average),"한국은행 > 통화금융통계 > 통화 및 유동성지표 > 통화 및 유동성지표(구) > M1(협의통화) > M1 상품별 구성내역(평잔) > M1 상품별 구성내역(평잔, 원계열)",2025-12-31,월|분기|년,,,0,1,4,M1 상품별 구성내역(평잔 원계열)|M1(평잔 원계열)|현금통화|요구불예금|수시입출식저축성예금,항목|계정항목별,,「통화금융통계」,한국은행 경제통계1 금융통계,02-759-4376,"협의통화(M1) = 현금통화 + 요구불예금 및 수시입출식 저축성예금 || 단, 2007년 3월 이전에는 MMF를 포함했으나 2005년 11월부터는 익일환매제도가 적용된 법인 MMF 제외. 2007.3.22부터는 미래가격제가 도입된 개인 MMF도 제외"
301,1976015,DT_101Y001,"M2 상품별 구성내역(말잔, 계절조정계열)","M2 By Type (End of, SA)","한국은행 > 통화금융통계 > 통화 및 유동성지표 > 통화 및 유동성지표(구) > M2(광의통화) > M2 상품별 구성내역(말잔) > M2 상품별 구성내역(말잔, 계절조정계열)",2025-12-30,월|년,,,0,1,11,M2 상품별 구성내역(말잔 계절조정계열)|M2(말잔 계절조정계열)|현금통화|요구불예금|수시입출식저축성예금|MMF|만기2년미만정기예적금|수익증권|시장형상품 1)|만기2년미만금융채|만기2년미만금전신탁|기타 2),항목|계정항목별,,「통화금융통계」,한국은행 경제통계1 금융통계,02-759-4376,"2009.7월부터 독립적인 결제서비스를 제공하는 증권사의 CMA를 서비스 제공 시점에 따라 M2에 포함. 간접투자자산운용업법 시행(2004년 4월)에 따라 2004년 4월부터 수익증권 취급기관 및 상품 확대분 반영 || 1) 양도성예금증서, 환매조건부채권매도, 표지어음 || 2) CMA, 만기2년미만 외화예수금, 발행어음, 신탁형증권저축"
301,1976015,DT_101Y002,"M2 상품별 구성내역(말잔, 원계열)",M2 By Type (End of),"한국은행 > 통화금융통계 > 통화 및 유동성지표 > 통화 및 유동성지표(구) > M2(광의통화) > M2 상품별 구성내역(말잔) > M2 상품별 구성내역(말잔, 원계열)",2025-12-30,월|분기|년,,,0,1,16,M2 상품별 구성내역(말잔 원계열)|M2(말잔 원계열)|현금통화|요구불예금|수시입출식저축성예금|MMF|만기2년미만정기예적금|양도성예금증서|매출어음|CMA|수익증권|만기2년미만금전신탁|발행어음|신탁형증권저축|만기2년미만외화예수금|만기2년미만금융채|환매조건부채권매도,항목|계정항목별,,「통화금융통계」,한국은행 경제통계1 금융통계,02-759-4376,2009.7월부터 독립적인 결제서비스를 제공하는 증권사의 CMA를 서비스 제공 시점에 따라 M2에 포함. 간접투자자산운용업법 시행(2004년 4월)에 따라 2004년 4월부터 수익증권 취급기관 및 상품 확대분 반영 || 기초자료 보완 등으로 MMF 및 수익증권의 2018.1월~2022.12월 시계열 수정
301,1976015,DT_101Y003,"M2 상품별 구성내역(평잔, 계절조정계열)","M2 By Type (Average, SA)","한국은행 > 통화금융통계 > 통화 및 유동성지표 > 통화 및 유동성지표(구) > M2(광의통화) > M2 상품별 구성내역(평잔) > M2 상품별 구성내역(평잔, 계절조정계열)",2025-12-30,월|년,,,0,1,11,M2 상품별 구성내역(평잔 계절조정계열)|M2(평잔 계절조정계열)|현금통화|요구불예금|수시입출식저축성예금|MMF|만기2년미만정기예적금|수익증권|시장형상품 1)|만기2년미만금융채|만기2년미만금전신탁|기타 2),항목|계정항목별,,「통화금융통계」,한국은행 경제통계1 금융통계,02-759-4376,"2009.7월부터 독립적인 결제서비스를 제공하는 증권사의 CMA를 서비스 제공 시점에 따라 M2에 포함. 간접투자자산운용업법 시행(2004년 4월)에 따라 2004년 4월부터 수익증권 취급기관 및 상품 확대분 반영 || 1) 양도성예금증서, 환매조건부채권매도, 표지어음 || 2) CMA, 만기2년미만 외화예수금, 발행어음, 신탁형증권저축"
301,1976015,DT_101Y004,"M2 상품별 구성내역(평잔, 원계열)",M2 By Type (Average),"한국은행 > 통화금융통계 > 통화 및 유동성지표 > 통화 및 유동성지표(구) > M2(광의통화) > M2 상품별 구성내역(평잔) > M2 상품별 구성내역(평잔, 원계열)",2025-12-30,월|분기|년,,,0,1,16,M2 상품별 구성내역(평잔 원계열)|M2(평잔 원계열)|현금통화|요구불예금|수시입출식저축성예금|MMF|만기2년미만정기예적금|양도성예금증서|매출어음|CMA|수익증권|만기2년미만금전신탁|발행어음|신탁형증권저축|만기2년미만외화예수금|만기2년미만금융채|환매조건부채권매도,항목|계정항목별,,「통화금융통계」,한국은행 경제통계1 금융통계,02-759-4376,2009.7월부터 독립적인 결제서비스를 제공하는 증권사의 CMA를 서비스 제공 시점에 따라 M2에 포함. 간접투자자산운용업법 시행(2004년 4월)에 따라 2004년 4월부터 수익증권 취급기관 및 상품 확대분 반영 || 기초자료 보완 등으로 MMF 및 수익증권의 2018.1월~2022.12월 시계열 수정
301,1976015,DT_101Y005,"M2 경제주체별 보유현황(말잔, 계절조정계열)","Sectoral Money Holdings(End of, S.A.)","한국은행 > 통화금융통계 > 통화 및 유동성지표 > 통화 및 유동성지표(구) > M2(광의통화) > M2 경제주체별 보유현황(말잔) > M2 경제주체별 보유현황(말잔, 계절조정계열)",2025-12-30,월,,,0,1,5,M2 경제주체별 보유현황(말잔 계절조정계열)|M2(말잔 계절조정계열) 1)|가계 및 비영리단체 2)|기업 3)|기타금융기관 4)|기타부문 5),항목|계정항목별,,「통화금융통계」,한국은행 경제통계1 금융통계,02-759-4376,"1) 주체별 계절조정결과의 합계는 계절변동조정 기법의 고유한 특성상 금융상품별 구성내역을 합산하여 산출되는 광의통화(M2) 총량의 계절조정결과와 반드시 일치하지는 않음 || 2) 가계 및 가계의 편익을 위해 봉사하는 민간비영리단체 등 || 3) 공기업 및 민간기업 등 || 4) 예금취급기관 이외의 금융기관(보험회사, 증권회사, 여신전문금융기관 등) || 5) 사회보장기구 및 지방자치단체 등"
301,1976015,DT_101Y014,"M2 경제주체별 보유현황(말잔, 원계열)",Sectoral Money Holdings(End of),"한국은행 > 통화금융통계 > 통화 및 유동성지표 > 통화 및 유동성지표(구) > M2(광의통화) > M2 경제주체별 보유현황(말잔) > M2 경제주체별 보유현황(말잔, 원계열)",2025-12-30,월|분기|년,,,0,1,5,M2 경제주체별 보유현황(말잔 원계열)|M2(말잔 원계열)|가계 및 비영리단체 1)|기업 2)|기타금융기관 3)|기타부문 4),항목|계정항목별,,「통화금융통계」,한국은행 경제통계1 금융통계,02-759-4376,"1) 가계 및 가계의 편익을 위해 봉사하는 민간비영리단체 등 || 2) 공기업 및 민간기업 등 || 3) 예금취급기관 이외의 금융기관(보험회사, 증권회사, 여신전문금융기관 등) || 4) 사회보장기구 및 지방자치단체 등 || 5) 자금순환통계 확정치 등 기초자료를 보강하여 원계열을 수정(2019.10월~2020.2월, 2020.10월~2023.12월)하고 이를 바탕으로 경제주체별 계절조정을 실시"
301,1976015,DT_101Y006,"M2 경제주체별 보유현황(평잔, 계절조정계열)","Sectoral Money Holdings(Average, S.A.)","한국은행 > 통화금융통계 > 통화 및 유동성지표 > 통화 및 유동성지표(구) > M2(광의통화) > M2 경제주체별 보유현황(평잔) > M2 경제주체별 보유현황(평잔, 계절조정계열)",2025-12-30,월,,,0,1,5,M2 경제주체별 보유현황(평잔 계절조정계열)|M2(평잔 계절조정계열) 1)|가계 및 비영리단체 2)|기업 3)|기타금융기관 4)|기타부문 5),항목|계정항목별,,「통화금융통계」,한국은행 경제통계1 금융통계,02-759-4376,"1) 주체별 계절조정결과의 합계는 계절변동조정 기법의 고유한 특성상 금융상품별 구성내역을 합산하여 산출되는 광의통화(M2) 총량의 계절조정결과와 반드시 일치하지는 않음 || 2) 가계 및 가계의 편익을 위해 봉사하는 민간비영리단체 등 || 3) 공기업 및 민간기업 등 || 4) 예금취급기관 이외의 금융기관(보험회사, 증권회사, 여신전문금융기관 등) || 5) 사회보장기구 및 지방자치단체 등"
301,1976015,DT_101Y015,"M2 경제주체별 보유현황(평잔, 원계열)",Sectoral Money Holdings(Average),"한국은행 > 통화금융통계 > 통화 및 유동성지표 > 통화 및 유동성지표(구) > M2(광의통화) > M2 경제주체별 보유현황(평잔) > M2 경제주체별 보유현황(평잔, 원계열)",2025-12-30,월|분기|년,,,0,1,5,M2 경제주체별 보유현황(평잔 원계열)|M2(평잔 원계열)|가계 및 비영리단체 1)|기업 2)|기타금융기관 3)|기타부문 4),항목|계정항목별,,「통화금융통계」,한국은행 경제통계1 금융통계,02-759-4376,"1) 가계 및 가계의 편익을 위해 봉사하는 민간비영리단체 등 || 2) 공기업 및 민간기업 등 || 3) 예금취급기관 이외의 금융기관(보험회사, 증권회사, 여신전문금융기관 등) || 4) 사회보장기구 및 지방자치단체 등 || 5) 자금순환통계 확정치 등 기초자료를 보강하여 원계열을 수정(2019.10월~2020.2월, 2020.10월~2023.12월)하고 이를 바탕으로 경제주체별 계절조정을 실시"
301,1976015,DT_101Y007,M2 기관별구성내역(말잔),M2 By Money Issuers (End of),한국은행 > 통화금융통계 > 통화 및 유동성지표 > 통화 및 유동성지표(구) > M2(광의통화) > M2 기관별 구성내역 > M2 기관별구성내역(말잔),2025-12-30,월|분기|년,,,0,1,13,M2 기관별구성내역(말잔)|M2(말잔)|중앙은행|예금은행|기타예금취급기관|종합금융|자산운용회사|신탁회사|상호저축은행|신용협동조합|상호금융|새마을금고|우체국예금|수출입은행,항목|계정항목별,,「통화금융통계」,한국은행 경제통계1 금융통계,02-759-4376,
301,1976015,DT_101Y008,M2 기관별구성내역(평잔),M2 By Money Issuers (Average),한국은행 > 통화금융통계 > 통화 및 유동성지표 > 통화 및 유동성지표(구) > M2(광의통화) > M2 기관별 구성내역 > M2 기관별구성내역(평잔),2025-12-30,월|분기|년,,,0,1,13,M2 기관별구성내역(평잔)|M2(평잔)|중앙은행|예금은행|기타예금취급기관|종합금융|자산운용회사|신탁회사|상호저축은행|신용협동조합|상호금융|새마을금고|우체국예금|수출입은행,항목|계정항목별,,「통화금융통계」,한국은행 경제통계1 금융통계,02-759-4376,
301,1976015,DT_111Y001,"Lf 상품별 구성내역(말잔, 계절조정계열)","Lf By Type(End of, SA)","한국은행 > 통화금융통계 > 통화 및 유동성지표 > 통화 및 유동성지표(구) > Lf(금융기관 유동성) > Lf 상품별 구성내역(말잔) > Lf 상품별 구성내역(말잔, 계절조정계열)",2025-12-30,월|년,,,0,1,4,Lf 상품별 구성내역(말잔 계절조정계열)|Lf(금융기관유동성) : 상품별(말잔 계절조정계열)|M2|2년이상 장기금융상품 등 1)|생명보험계약 준비금 등 2),항목|계정항목별,,「통화금융통계」,한국은행 경제통계1 금융통계,02-759-4376,"간접투자자산운용업법 시행(2004년 4월)에 따라 2004년 4월부터 수익증권 취급기관 및 상품 확대분 반영 || 최종월 수치는 잠정치 || 1) 2년 이상 장기금융상품 등: 2014년 12월 31일 정책금융공사가 산업은행에 통합. 만기 2년 이상 예적금, 금융채 등을 비롯한 장기금융상품들과 상호거래조정(-)을 포함. || 2) 생명보험계약 준비금 등: 증권금융예수금 포함 || 3) IFRS17(2023년 1월) 도입 관련 기초자료 보완으로 2023년 1~4월 시계열이 변경되었음"
301,1976015,DT_111Y002,"Lf 상품별 구성내역(말잔, 원계열)",Lf By Type(End of),"한국은행 > 통화금융통계 > 통화 및 유동성지표 > 통화 및 유동성지표(구) > Lf(금융기관 유동성) > Lf 상품별 구성내역(말잔) > Lf 상품별 구성내역(말잔, 원계열)",2025-12-30,월|분기|년,,,0,1,13,Lf 상품별 구성내역(말잔 원계열)|Lf(금융기관유동성) : 상품별(말잔원계열)|예금취급기관|현금통화|요구불예금|보험계약준비금|수시입출식저축성|기타 3)|정기예적금|양도성예금증서|수익증권|환매조건부채권|금융채 1)|금전신탁 등 2),항목|계정항목별,,「통화금융통계」,한국은행 경제통계1 금융통계,02-759-4376,"간접투자자산운용업법 시행(2004년 4월)에 따라 2004년 4월부터 수익증권 취급기관 및 상품 확대분 반영 || 최종월 수치는 잠정치 || 1) 금융채: 2014년 12월 31일 정책금융공사가 산업은행에 통합 || 2) 금전신탁 등: 예금취급기관의 외화예수금, 목적부저축성예금, 어음매출, CMA, 자체발행어음, 청약증거금 포함 || 3) 기타: 한국증권금융의 예수금, 한국증권금융 장단기 금융채, 상호거래 조정(-) 등 || 4) IFRS17(2023년 1월) 도입 관련 기초자료 보완으로 2023년 1~4월 시계열이 변경되었음"
301,1976015,DT_111Y003,"Lf 상품별 구성내역(평잔, 계절조정계열)","Lf By Type(Average, SA)","한국은행 > 통화금융통계 > 통화 및 유동성지표 > 통화 및 유동성지표(구) > Lf(금융기관 유동성) > Lf 상품별 구성내역(평잔) > Lf 상품별 구성내역(평잔, 계절조정계열)",2025-12-30,월|년,,,0,1,4,Lf 상품별 구성내역(평잔 계절조정계열)|Lf(금융기관유동성) : 상품별(평잔 계절조정계열)|M2|2년이상 장기금융상품 등 1)|생명보험계약 준비금 등 2),항목|계정항목별,,「통화금융통계」,한국은행 경제통계1 금융통계,02-759-4376,"간접투자자산운용업법 시행(2004년 4월)에 따라 2004년 4월부터 수익증권 취급기관 및 상품 확대분 반영 || 최종월 수치는 잠정치 || 1) 2년 이상 장기금융상품 등: 2014년 12월 31일 정책금융공사가 산업은행에 통합. 만기 2년 이상 예적금, 금융채 등을 비롯한 장기금융상품들과 상호거래조정(-)을 포함 || 2) 생명보험계약 준비금 등: 증권금융예수금 포함 || 3) IFRS17(2023년 1월) 도입 관련 기초자료 보완으로 2023년 1~4월 시계열이 변경되었음"
301,1976015,DT_111Y004,"Lf 상품별 구성내역(평잔, 원계열)",Lf By Type(Average),"한국은행 > 통화금융통계 > 통화 및 유동성지표 > 통화 및 유동성지표(구) > Lf(금융기관 유동성) > Lf 상품별 구성내역(평잔) > Lf 상품별 구성내역(평잔, 원계열)",2025-12-30,월|분기|년,,,0,1,13,Lf 상품별 구성내역(평잔 원계열)|Lf(금융기관유동성) : 상품별(평잔원계열)|예금취급기관|현금통화|요구불예금|보험계약준비금|수시입출식저축성|기타 3)|정기예적금|양도성예금증서|수익증권|환매조건부채권|금융채 1)|금전신탁 등 2),항목|계정항목별,,「통화금융통계」,한국은행 경제통계1 금융통계,02-759-4376,"간접투자자산운용업법 시행(2004년 4월)에 따라 2004년 4월부터 수익증권 취급기관 및 상품 확대분 반영 || 최종월 수치는 잠정치 || 1) 금융채: 2014년 12월 31일 정책금융공사가 산업은행에 통합 || 2) 금전신탁 등: 예금취급기관의 외화예수금, 목적부저축성예금, 어음매출, CMA, 자체발행어음, 청약증거금 포함 || 3) 기타: 한국증권금융의 예수금, 한국증권금융 장단기 금융채, 상호거래 조정(-) 등 || 4) IFRS17(2023년 1월) 도입 관련 기초자료 보완으로 2023년 1~4월 시계열이 변경되었음"
