CMMT_NM,CMMT_DC,ORG_ID_BASE,TBL_ID_BASE,ITM_ID,OBJ_NM,ITM_NM,OBJ_ID
통계표,"경제심리지수는 매년 1월 표준화구간 연장에 따라 전체 시계열이 수정되며, 경제심리지수 순환변동치는 매월 계절성 및 불규칙 변동치를 갱신하여 산출하므로 전체 시계열이 매월 수정됨",301,DT_513Y001,,,,
통계표,"가장 최근 분기는 전망치, 여타 분기는 실적치 기준임",301,DT_514Y003,,,,
통계표,"
[대출수요]: (+)부호는 대출수요 증가, (-)부호는 그 반대를 의미",301,DT_514Y003,,,,
통계표,"
국내은행-차주가중종합지수 : 개별은행의 차주별 대출금액으로 가중평균",301,DT_514Y003,,,,
통계표,"가장 최근 분기는 전망치, 여타 분기는 실적치 기준임",301,DT_514Y001,,,,
통계표,"
[대출태도]: (+)부호는 대출태도 완화, (-)부호는 그 반대를 의미",301,DT_514Y001,,,,
통계표,"
국내은행-차주가중종합지수: 개별은행의 차주별 대출금액으로 가중평균",301,DT_514Y001,,,,
통계표,"가장 최근 분기는 전망치, 여타 분기는 실적치 기준임",301,DT_514Y002,,,,
통계표,"
[신용위험]: (+)부호는 신용위험 증가, (-)부호는 그 반대를 의미",301,DT_514Y002,,,,
통계표,"
국내은행 - 차주가중종합지수 : 개별은행의 차주별 대출금액으로 가중평균",301,DT_514Y002,,,,
통계표,공란은 계산불능 또는 계산식의 분모가 음수(-)인 경우,301,DT_501Y024,,,,
통계표,"1) 연간 기업경영분석 편제대상 법인들의 재무비율을  각 비율별로 오름차순 정렬후 25%(1분위), 50%(2분위, 중위수), 75%(3분위)에 해당하는 값  ",301,DT_501Y086,,,,
통계표,"
2) * 는 이자비용이 0으로 이자보상비율이 정의되지 않거나, 자본잠식 등으로 부채비율이 음수인 경우임",301,DT_501Y086,,,,
통계표,공란은 계산불능 또는 계산식의 분모가 음수(-)인 경우,301,DT_501Y068,,,,
통계표,외부감사대상법인의 업체당 평균수치임,301,DT_501Y013,,,,
통계표,1) 외부감사대상법인 기준,301,DT_501Y014,,,,
통계표,"
2) 재무상태표 항목은 기초와 기말의 평균금액",301,DT_501Y014,,,,
통계표,외부감사대상법인 기준,301,DT_501Y015,,,,
통계표,"1) 금월지수는 잠정치이며, 익월지수 공표시 확정됨",301,DT_405Y006,,,,
통계표,"
2) 2010년 이후 가중치는 매년 변경되며, 2026년 적용되는 가중치를 표기하였음.",301,DT_405Y006,,,,
통계표,"1) 금월지수는 잠정치이며, 익월지수 공표시 확정됨",301,DT_404Y014,,,,
통계표,"
2) 2010년 이후 가중치는 매년 변경되며, 2026년 적용되는 가중치를 표기하였음.",301,DT_404Y014,,,,
통계표,"
* 생산자물가지수는 총지수의 추정을 위해 표본설계되어 있으므로 최하위 분류단위인 품목별 지수는 통계적 유의성이 떨어질 수 있음",301,DT_404Y014,,,,
통계표,"1) 금월지수는 잠정치이며, 익월지수 공표시 확정됨",301,DT_404Y015,,,,
통계표,"
2) 2010년 이후 가중치는 매년 변경되며, 2026년 적용되는 가중치를 표기하였음",301,DT_404Y015,,,,
통계표,"
* 생산자물가지수는 총지수의 추정을 위해 표본설계되어 있으므로 최하위 분류단위인 품목별 지수는 통계적 유의성이 떨어질 수 있음",301,DT_404Y015,,,,
통계표,"1) 금월지수는 잠정치이며, 익월지수 공표시 확정됨",301,DT_404Y016,,,,
통계표,"
2) 2010년 이후 가중치는 매년 변경되며, 2026년 적용되는 가중치를 표기하였음",301,DT_404Y016,,,,
통계표,"
* 생산자물가지수는 총지수의 추정을 위해 표본설계되어 있으므로 최하위 분류단위인 품목별 지수는 통계적 유의성이 떨어질 수 있음",301,DT_404Y016,,,,
통계표,주1) : 생산자 물가지수중 1910년 부터 1964년 까지의 총지수 시계열,301,DT_404Y017,,,,
통계표,,301,DT_404Y017,,,,
통계표,,301,DT_404Y017,,,,
통계표,,301,DT_404Y017,,,,
통계표,"주2) : 1945년 7월, 1950년 7월에서 11월, 1951년 1월에서 3월에는 사회적 혼란으로 가격조사가 이루어지지 않아 월지수, 동기간이 포함된 분기지수 및 년지수가 없음",301,DT_404Y017,,,,
통계표,"1) 금월지수는 잠정치이며, 익월지수 공표시 확정됨",301,DT_405Y007,,,,
통계표,"
2) 2010년 이후 가중치는 매년 변경되며, 2026년 적용되는 가중치를 표기하였음.",301,DT_405Y007,,,,
통계표,"물가인식 (지난 1년) : 지난 1년간 소비자물가상승률에 대한 인식(%), 2013.1월부터 신규 조사",301,DT_511Y003,,,,
통계표,"
향후1년 기대인플레이션율: 향후 1년간 소비자물가상승률 전망",301,DT_511Y003,,,,
통계표,"
3년후 기대인플레이션율: 24개월 ~ 36개월 후 소비자물가상승률 전망",301,DT_511Y003,,,,
통계표,"
5년후 기대인플레이션율: 48개월 ~ 60개월 후 소비자물가상승률 전망",301,DT_511Y003,,,,
통계표,"
",301,DT_511Y003,,,,
통계표,"
*3년후 및 5년후 기대인플레이션율의 2023년 7월 ~ 2024년 9월 수치는 시험조사 결과",301,DT_511Y003,,,,
통계표,"
",301,DT_511Y003,,,,
통계표,"
**2013년 이후 기대인플레이션율은 물가전망 참고지표 미제시 등 조사방식 변경 등으로 ’12.12월이전 자료와 직접 비교는 곤란",301,DT_511Y003,,,,
통계표,CSI =[(매우 좋아짐×1.0＋약간 좋아짐×0.5－약간 나빠짐×0.5－매우 나빠짐×1.0)/전체 응답 소비자수×100]＋100,301,DT_511Y001,,,,
통계표,,301,DT_511Y001,,,,
통계표,"소비자심리지수 = 소비자의 심리에 대한 종합적인 판단에 유용한 중요지수 6개(현재생활형편, 현재경기판단 등)을 ",301,DT_511Y001,,,,
통계표,,301,DT_511Y001,,,,
통계표,                         표준화하여 합성한 지수,301,DT_511Y001,,,,
통계표,"① 계층별 소비자동향지수는 동일 지수, 동일 계층 내 시계열 추이 분석편의*를 위해 제공",301,DT_511Y002,,,,
통계표,"
   * 예시) 현재생활형편CSI 중 100만원 미만 소득계층의 지수가 그동안 어떻게 변해왔는지 분석",301,DT_511Y002,,,,
통계표,"
② 다만, 각 계층별 표본수 및 시계열 변동성에 차이가 있기 때문에 지수 수준 및 변동폭을 계층간에 단순 비교·평가시 주의할 필요",301,DT_511Y002,,,,
통계표,"
",301,DT_511Y002,,,,
통계표,"
  - 표본 개편 시점(2013.1월, 2018.9월, 2022.7월) 전후의 지수를 비교할 때에는 표본개편으로 인한 표본내 계층별 구성비중 및 응답성향 변화로 인한 신·구 표본의 지수 수준에 다소 차이가 있으므로 이용에 유의할 필요",301,DT_511Y002,,,,
통계표,"
",301,DT_511Y002,,,,
통계표,"
  - 소비자동향지수(CSI) = [(매우 좋아짐×1.0＋약간 좋아짐×0.5＋비슷함×0.0－약간 나빠짐×0.5－매우 나빠짐×1.0)/전체 응답 가구수×100]＋100",301,DT_511Y002,,,,
통계표,"
     * ""현재""는 6개월 전과 비교한 현재, ""전망""은 현재와 비교한 6개월 후에 대한 소비자들의 판단을 조사한 결과",301,DT_511Y002,,,,
통계표,"
 　** 다만, 물가수준, 주택가격, 임금수준 전망은 각각 향후 1년 후에 대한 소비자들의 판단을 조사한 결과",301,DT_511Y002,,,,
통계표,"
  - 소비자심리지수(CCSI) = 주요 개별지수(현재생활형편 등 6개)를 표준하여 합성한 지수로, 경제상황에 대한 종합적인 소비자심리지표임",301,DT_511Y002,,,,
통계표,- 무응답 가중치 반영 등 일부 산출방식 개선 등으로 과거 시계열(2008.7월~2012.12월) 수정,301,DT_511Y004,,,,
통계표,"
- 물가수준전망CSI : 1년후 물가수준 전망임(2012.12월이전은 6개월후 전망)",301,DT_511Y004,,,,
통계표,"
- 강릉의 경우 속초시, 동해시, 태백시, 삼척시, 고성군, 양양군, 정선군, 영월군, 평창군 포함",301,DT_511Y004,,,,
통계표,"
",301,DT_511Y004,,,,
통계표,1) 2007년중 발급장수가 감소한 것은 일부 카드사에서 실적이 없는 카드를 통계에서 일괄적으로 제외한 데 기인,301,DT_601Y003,,,,
통계표,"
2) 일부 카드사들이 2017.9월 ~ 2021.4월 중 해외 체크카드 사용실적을 해외 신용카드 사용 실적에 중복 집계한 사실을 통보해옴에 따라 해당 카드사들로부터 수정된 카드사용 통계를 제출받아 수정 반영",301,DT_601Y003,,,,
통계표,1. 전자결제조정전(2009년 1월부터 전자어음 포함),301,DT_801Y002,,,,
통계표,"
2. 신용보증기금 P-CBO 기초자산 채권의 만기차환 과정에서 발생하는 기술적 부도를 제외한 보조지표(2022년 1월~)를 2023년 7월부터 신규 공표",301,DT_801Y002,,,,
통계표,"
3. 2024년 11월부터는 P-CBO 기술적 부도를 제외한 보조지표 편제시 신용보증기금 외에 기술보증기금과 중소벤처기업진흥공단의 P-CBO 기술적 부도도 제외하여 공표",301,DT_801Y002,,,,
통계표,"
4. 전자결제분 포함 어음부도율은 어음교환 금액 감소 및 전자결제 금액 증가로 통계로서의 의미가 축소되어 2024년 1월부터 공표 중단",301,DT_801Y002,,,,
통계표,"
",301,DT_801Y002,,,,
통계표,"
자료 : 금융결제원",301,DT_801Y002,,,,
통계표,1. 전자결제조정전(2009년 1월부터 전자어음 포함),301,DT_801Y003,,,,
통계표,"
2. 전자결제분 포함 어음부도율은 어음교환 금액 감소 및 전자결제 금액 증가로 통계로서의 의미가 축소되어 2024년 1월부터 공표 중단",301,DT_801Y003,,,,
통계표,"
",301,DT_801Y003,,,,
통계표,"
자료 : 금융결제원",301,DT_801Y003,,,,
통계표,- 신규 산출된 계절조정지수를 반영하여 과거 시계열이 매년 2월중 정례 수정,301,DT_301Y017,,,,
통계표,"- 금융계정은 순자산 기준, 자산·부채 증가는 (+), 자산·부채 감소는 (-)",301,DT_301Y013,,,,
통계표,"
- 월별 잠정통계는 매익익월초, 확정통계는 통상 익익년도 2월중 공표",301,DT_301Y013,,,,
통계표,"
- 2019.2월 국제수지 일부 항목에 대한 개편으로 과거 시계열(1980.1월~2018.11월) 수정",301,DT_301Y013,,,,
통계표,"
- 2026.2월 국제수지 일부 항목에 대한 개편으로 과거 시계열(2020.1월~2025.11월) 수정",301,DT_301Y013,,,,
통계표,"- 월별 잠정통계는 매익익월초, 확정통계는 통상 익익년도 2월중 공표",301,DT_301Y014,,,,
통계표,"
- 2019.2월 국제수지 일부 항목에 대한 개편으로 과거 시계열(2006.1월~2018.11월) 수정",301,DT_301Y014,,,,
통계표,"- 연간 잠정통계는 익년도 상반기중, 연간 확정통계는 익익년도 2월중 공표",301,DT_301Y015,,,,
통계표,"
- 2019.2월 국제수지 일부 항목에 대한 개편으로 과거 시계열(1998년~2017년) 수정",301,DT_301Y015,,,,
통계표,"
- 영국의 EU 탈퇴를 반영하여 2020년부터 EU에서 영국을 제외",301,DT_301Y015,,,,
통계표,"- 순자산 기준, 자산·부채 증가는 (+), 자산·부채 감소는 (-)",301,DT_301Y016,,,,
통계표,"
- 연간 잠정통계는 익년도 상반기중, 연간 확정통계는 익익년도 2월중 공표",301,DT_301Y016,,,,
통계표,"
- 2019.2월 국제수지 일부 항목에 대한 개편으로 과거 시계열(2006년~2017년) 수정",301,DT_301Y016,,,,
통계표,"
- 금융계정 일부 항목의 과거 시계열이 수정",301,DT_301Y016,,,,
통계표,"
- 영국의 EU 탈퇴를 반영하여 2020년부터 EU에서 영국을 제외",301,DT_301Y016,,,,
통계표,- 기업심리지수,301,DT_512Y013,,,,
통계표,"
",301,DT_512Y013,,,,
통계표,"
지수 = 주요 개별지수(제조업 5개, 비제조업 4개)를 표준하여 합성한 지수로, 기업들의 심리를 종합적으로 판단하기 위한 지수임",301,DT_512Y013,,,,
통계표,"
",301,DT_512Y013,,,,
통계표,"
- 기업심리지수(S.A.)",301,DT_512Y013,,,,
통계표,"
",301,DT_512Y013,,,,
통계표,"
기업심리지수 계절조정 계열로, 주기적으로 계절성 검토 후 계절성이 나타나는 계열에 대해서 공표",301,DT_512Y013,,,,
통계표,"
",301,DT_512Y013,,,,
통계표,"
1) 업황",301,DT_512Y013,,,,
통계표,"
",301,DT_512Y013,,,,
통계표,"
지수 = 기준값(100) + 「좋음」 응답업체 구성비(%) - 「나쁨」 응답없체 구성비(%)",301,DT_512Y013,,,,
통계표,"
",301,DT_512Y013,,,,
통계표,"
2) 매출, 수출, 내수판매, 생산, 신규수주 ",301,DT_512Y013,,,,
통계표,"
",301,DT_512Y013,,,,
통계표,"
지수 = 기준값(100) + 「확대」 응답업체 구성비(%) - 「둔화」 응답없체 구성비(%)",301,DT_512Y013,,,,
통계표,"
",301,DT_512Y013,,,,
통계표,"
3) 제품재고수준, 생산설비수준*, 인력사정",301,DT_512Y013,,,,
통계표,"
",301,DT_512Y013,,,,
통계표,"
지수 = 기준값(100) + 「과잉」 응답업체 구성비(%) - 「부족」 응답없체 구성비(%)",301,DT_512Y013,,,,
통계표,"
",301,DT_512Y013,,,,
통계표,"
*24.6월부터 생산설비 항목은 조사 중단",301,DT_512Y013,,,,
통계표,"
",301,DT_512Y013,,,,
통계표,"
4) 가동률, 원자재구입가격, 제품판매가격",301,DT_512Y013,,,,
통계표,"
",301,DT_512Y013,,,,
통계표,"
지수 = 기준값(100) + 「상승」 응답업체 구성비(%) - 「하락」 응답없체 구성비(%)",301,DT_512Y013,,,,
통계표,"
",301,DT_512Y013,,,,
통계표,"
",301,DT_512Y013,,,,
통계표,"
5) 설비투자실행",301,DT_512Y013,,,,
통계표,"
",301,DT_512Y013,,,,
통계표,"
지수 = 기준값(100) + 「계획대비 수정증액」 응답업체 구성비(%) - 「계획대비 수정감액」 응답없체 구성비(%)",301,DT_512Y013,,,,
통계표,"
",301,DT_512Y013,,,,
통계표,"
6) 채산성, 자금사정",301,DT_512Y013,,,,
통계표,"
",301,DT_512Y013,,,,
통계표,"
지수 = 기준값(100) + 「호전」 응답업체 구성비(%) - 「악화」 응답없체 구성비(%)",301,DT_512Y013,,,,
통계표,기업심리지수(CBSI) ,301,DT_512Y014,,,,
통계표,"
",301,DT_512Y014,,,,
통계표,"
지수 = 주요 개별지수(제조업 5개, 비제조업 4개)를 표준하여 합성한 지수로, 기업들의 심리를 종합적으로 판단하기 위한 지수임",301,DT_512Y014,,,,
통계표,"
",301,DT_512Y014,,,,
통계표,"
  * 기업심리지수는 매년 1월 표준화구간 연장에 따라 전체 시계열이 수정됨",301,DT_512Y014,,,,
통계표,"
",301,DT_512Y014,,,,
통계표,"
1) 업황",301,DT_512Y014,,,,
통계표,"
",301,DT_512Y014,,,,
통계표,"
지수 = 기준값(100) + 「좋음」 응답업체 구성비(%) - 「나쁨」 응답없체 구성비(%)",301,DT_512Y014,,,,
통계표,"
",301,DT_512Y014,,,,
통계표,"
2) 매출, 수출, 내수판매, 생산, 신규수주 ",301,DT_512Y014,,,,
통계표,"
",301,DT_512Y014,,,,
통계표,"
지수 = 기준값(100) + 「확대」 응답업체 구성비(%) - 「둔화」 응답없체 구성비(%)",301,DT_512Y014,,,,
통계표,"
",301,DT_512Y014,,,,
통계표,"
3) 제품재고수준, 생산설비수준, 인력사정",301,DT_512Y014,,,,
통계표,"
",301,DT_512Y014,,,,
통계표,"
지수 = 기준값(100) + 「과잉」 응답업체 구성비(%) - 「부족」 응답없체 구성비(%)",301,DT_512Y014,,,,
통계표,"
",301,DT_512Y014,,,,
통계표,"
",301,DT_512Y014,,,,
통계표,"
4) 가동률, 원자재구입가격, 제품판매가격",301,DT_512Y014,,,,
통계표,"
",301,DT_512Y014,,,,
통계표,"
지수 = 기준값(100) + 「상승」 응답업체 구성비(%) - 「하락」 응답없체 구성비(%)",301,DT_512Y014,,,,
통계표,"
*24.6월부터 생산설비 항목은 조사 중단",301,DT_512Y014,,,,
통계표,"
",301,DT_512Y014,,,,
통계표,"
5) 설비투자실행",301,DT_512Y014,,,,
통계표,"
",301,DT_512Y014,,,,
통계표,"
지수 = 기준값(100) + 「계획대비 수정증액」 응답업체 구성비(%) - 「계획대비 수정감액」 응답없체 구성비(%)",301,DT_512Y014,,,,
통계표,"
",301,DT_512Y014,,,,
통계표,"
6) 채산성, 자금사정",301,DT_512Y014,,,,
통계표,"
",301,DT_512Y014,,,,
통계표,"
지수 = 기준값(100) + 「호전」 응답업체 구성비(%) - 「악화」 응답없체 구성비(%)",301,DT_512Y014,,,,
통계표,1) 업황,301,DT_512Y007,,,,
통계표,"
",301,DT_512Y007,,,,
통계표,"
지수 = 기준값(100) + 「좋음」 응답업체 구성비(%) - 「나쁨」 응답없체 구성비(%)",301,DT_512Y007,,,,
통계표,"
",301,DT_512Y007,,,,
통계표,"
2) 매출, 수출, 내수판매, 생산, 신규수주 ",301,DT_512Y007,,,,
통계표,"
",301,DT_512Y007,,,,
통계표,"
지수 = 기준값(100) + 「확대」 응답업체 구성비(%) - 「둔화」 응답없체 구성비(%)",301,DT_512Y007,,,,
통계표,"
",301,DT_512Y007,,,,
통계표,"
3) 제품재고수준, 생산설비수준, 인력사정",301,DT_512Y007,,,,
통계표,"
",301,DT_512Y007,,,,
통계표,"
지수 = 기준값(100) + 「과잉」 응답업체 구성비(%) - 「부족」 응답없체 구성비(%)",301,DT_512Y007,,,,
통계표,"
",301,DT_512Y007,,,,
통계표,"
4) 가동률, 원자재구입가격, 제품판매가격",301,DT_512Y007,,,,
통계표,"
",301,DT_512Y007,,,,
통계표,"
지수 = 기준값(100) + 「상승」 응답업체 구성비(%) - 「하락」 응답없체 구성비(%)",301,DT_512Y007,,,,
통계표,"
",301,DT_512Y007,,,,
통계표,"
5) 설비투자실행",301,DT_512Y007,,,,
통계표,"
",301,DT_512Y007,,,,
통계표,"
지수 = 기준값(100) + 「계획대비 수정증액」 응답업체 구성비(%) - 「계획대비 수정감액」 응답없체 구성비(%)",301,DT_512Y007,,,,
통계표,"
",301,DT_512Y007,,,,
통계표,"
6) 채산성, 자금사정",301,DT_512Y007,,,,
통계표,"
",301,DT_512Y007,,,,
통계표,"
지수 = 기준값(100) + 「호전」 응답업체 구성비(%) - 「악화」 응답없체 구성비(%)",301,DT_512Y007,,,,
통계표,"
",301,DT_512Y007,,,,
통계표,"
7) 2018.4월 이전은 '부동산업 및 임대업'(일반 임대업 포함)",301,DT_512Y007,,,,
통계표,"
",301,DT_512Y007,,,,
통계표,"
8) 2018.4월 이전은 '사업시설, 사업지원'(일반 임대업 미포함)",301,DT_512Y007,,,,
통계표,1) 2018.4월 이전은 '부동산업 및 임대업'(일반 임대업 포함),301,DT_512Y008,,,,
통계표,"
2) 2018.4월 이전은 '사업시설, 사업지원'(일반 임대업 미포함)",301,DT_512Y008,,,,
통계표,"
",301,DT_512Y008,,,,
통계표,1) 업황,301,DT_512Y001,,,,
통계표,,301,DT_512Y001,,,,
통계표,,301,DT_512Y001,,,,
통계표,,301,DT_512Y001,,,,
통계표,지수 = 기준값(100) + 「좋음」 응답업체 구성비(%) - 「나쁨」 응답없체 구성비(%),301,DT_512Y001,,,,
통계표,,301,DT_512Y001,,,,
통계표,,301,DT_512Y001,,,,
통계표,,301,DT_512Y001,,,,
통계표,"2) 매출, 수출, 내수판매, 생산, 신규수주 ",301,DT_512Y001,,,,
통계표,,301,DT_512Y001,,,,
통계표,,301,DT_512Y001,,,,
통계표,,301,DT_512Y001,,,,
통계표,지수 = 기준값(100) + 「확대」 응답업체 구성비(%) - 「둔화」 응답없체 구성비(%),301,DT_512Y001,,,,
통계표,,301,DT_512Y001,,,,
통계표,,301,DT_512Y001,,,,
통계표,,301,DT_512Y001,,,,
통계표,"3) 제품재고수준, 생산설비수준, 인력사정",301,DT_512Y001,,,,
통계표,,301,DT_512Y001,,,,
통계표,,301,DT_512Y001,,,,
통계표,,301,DT_512Y001,,,,
통계표,지수 = 기준값(100) + 「과잉」 응답업체 구성비(%) - 「부족」 응답없체 구성비(%),301,DT_512Y001,,,,
통계표,,301,DT_512Y001,,,,
통계표,,301,DT_512Y001,,,,
통계표,,301,DT_512Y001,,,,
통계표,"4) 가동률, 원자재구입가격, 제품판매가격",301,DT_512Y001,,,,
통계표,,301,DT_512Y001,,,,
통계표,,301,DT_512Y001,,,,
통계표,,301,DT_512Y001,,,,
통계표,지수 = 기준값(100) + 「상승」 응답업체 구성비(%) - 「하락」 응답없체 구성비(%),301,DT_512Y001,,,,
통계표,,301,DT_512Y001,,,,
통계표,,301,DT_512Y001,,,,
통계표,,301,DT_512Y001,,,,
통계표,5) 설비투자실행,301,DT_512Y001,,,,
통계표,,301,DT_512Y001,,,,
통계표,,301,DT_512Y001,,,,
통계표,,301,DT_512Y001,,,,
통계표,지수 = 기준값(100) + 「계획대비 수정증액」 응답업체 구성비(%) - 「계획대비 수정감액」 응답없체 구성비(%),301,DT_512Y001,,,,
통계표,,301,DT_512Y001,,,,
통계표,,301,DT_512Y001,,,,
통계표,,301,DT_512Y001,,,,
통계표,"6) 채산성, 자금사정",301,DT_512Y001,,,,
통계표,,301,DT_512Y001,,,,
통계표,,301,DT_512Y001,,,,
통계표,,301,DT_512Y001,,,,
통계표,지수 = 기준값(100) + 「호전」 응답업체 구성비(%) - 「악화」 응답없체 구성비(%),301,DT_512Y001,,,,
통계표,설문 조사 항목 변경으로 2004.8월 이전의 환율 및 비수기 등 계절적 요인 항목 공란 처리,301,DT_512Y021,,,,
통계표,"
- 2004.8월 전후의 지수를 단순 비교·평가시 주의할 필요",301,DT_512Y021,,,,
통계표,"1) 목포, 강릉, 포항의 경우 다음의 지역을 포함",301,DT_512Y019,,,,
통계표,"
    목포: 전남지역의 무안군, 신안군, 진도군, 완도군, 강진군, 해남군, 영암군, 장흥군 포함",301,DT_512Y019,,,,
통계표,"
    강릉: 강원지역의 속초시, 동해시, 태백시, 삼척시, 고성군, 양양군, 정선군, 영월군, 평창군 포함",301,DT_512Y019,,,,
통계표,"
    포항: 경북지역의 경주시, 영덕군, 울진군, 울릉군 포함",301,DT_512Y019,,,,
통계표,"
2) 각 지역별 보도자료는 한국은행 지역본부 보도자료를 참고하시기 바람",301,DT_512Y019,,,,
통계표,"1) 목포, 강릉, 포항의 경우 다음의 지역을 포함",301,DT_512Y020,,,,
통계표,"
    목포: 전남지역의 무안군, 신안군, 진도군, 완도군, 강진군, 해남군, 영암군, 장흥군 포함",301,DT_512Y020,,,,
통계표,"
    강릉: 강원지역의 속초시, 동해시, 태백시, 삼척시, 고성군, 양양군, 정선군, 영월군, 평창군 포함",301,DT_512Y020,,,,
통계표,"
    포항: 경북지역의 경주시, 영덕군, 울진군, 울릉군 포함",301,DT_512Y020,,,,
통계표,"
2) 각 지역별 보도자료는 한국은행 지역본부 보도자료를 참고하시기 바람",301,DT_512Y020,,,,
통계표,본 통계와 관련한 문의사항은 해당지역 지역본부에 문의하시기 바람,301,DT_512Y011,,,,
통계표,,301,DT_512Y011,,,,
통계표,,301,DT_512Y011,,,,
통계표,,301,DT_512Y011,,,,
통계표,한국은행 부산본부	경제조사팀	051-240-3808,301,DT_512Y011,,,,
통계표,,301,DT_512Y011,,,,
통계표,한국은행 대구경북본부	경제조사팀	053-4290-252,301,DT_512Y011,,,,
통계표,,301,DT_512Y011,,,,
통계표,한국은행 포항본부	기획조사팀	054-289-2822,301,DT_512Y011,,,,
통계표,,301,DT_512Y011,,,,
통계표,한국은행 광주전남본부	경제조사팀	062-601-1107,301,DT_512Y011,,,,
통계표,,301,DT_512Y011,,,,
통계표,한국은행 목포본부	기획조사팀	061-241-1124,301,DT_512Y011,,,,
통계표,,301,DT_512Y011,,,,
통계표,한국은행 전북본부	기획조사팀	063-250-4090,301,DT_512Y011,,,,
통계표,,301,DT_512Y011,,,,
통계표,한국은행 대전충남본부	경제조사팀	042-601-1228,301,DT_512Y011,,,,
통계표,,301,DT_512Y011,,,,
통계표,한국은행 충북본부 	기획조사팀	043-220-0597,301,DT_512Y011,,,,
통계표,,301,DT_512Y011,,,,
통계표,한국은행 강원본부	경제조사팀	033-2583-286,301,DT_512Y011,,,,
통계표,,301,DT_512Y011,,,,
통계표,한국은행 강릉본부	기획조사팀	033-6400-161,301,DT_512Y011,,,,
통계표,,301,DT_512Y011,,,,
통계표,한국은행 인천본부	기획조사팀	032-8800-044,301,DT_512Y011,,,,
통계표,,301,DT_512Y011,,,,
통계표,한국은행 제주본부	경제조사팀	064-720-2513,301,DT_512Y011,,,,
통계표,,301,DT_512Y011,,,,
통계표,한국은행 경기본부	경제조사팀	031-2500-087,301,DT_512Y011,,,,
통계표,,301,DT_512Y011,,,,
통계표,한국은행 경남본부	기획조사팀	055-260-5092,301,DT_512Y011,,,,
통계표,,301,DT_512Y011,,,,
통계표,한국은행 울산본부	기획조사팀	052-259-7413,301,DT_512Y011,,,,
통계표,본 통계와 관련한 문의사항은 해당지역 지역본부에 문의하시기 바람,301,DT_512Y012,,,,
통계표,,301,DT_512Y012,,,,
통계표,,301,DT_512Y012,,,,
통계표,,301,DT_512Y012,,,,
통계표,한국은행 부산본부	경제조사팀	051-240-3808,301,DT_512Y012,,,,
통계표,,301,DT_512Y012,,,,
통계표,한국은행 대구경북본부	경제조사팀	053-4290-252,301,DT_512Y012,,,,
통계표,,301,DT_512Y012,,,,
통계표,한국은행 포항본부	기획조사팀	054-289-2822,301,DT_512Y012,,,,
통계표,,301,DT_512Y012,,,,
통계표,한국은행 광주전남본부	경제조사팀	062-601-1107,301,DT_512Y012,,,,
통계표,,301,DT_512Y012,,,,
통계표,한국은행 목포본부	기획조사팀	061-241-1124,301,DT_512Y012,,,,
통계표,,301,DT_512Y012,,,,
통계표,한국은행 전북본부	기획조사팀	063-250-4090,301,DT_512Y012,,,,
통계표,,301,DT_512Y012,,,,
통계표,한국은행 대전충남본부	경제조사팀	042-601-1228,301,DT_512Y012,,,,
통계표,,301,DT_512Y012,,,,
통계표,한국은행 충북본부 	기획조사팀	043-220-0597,301,DT_512Y012,,,,
통계표,,301,DT_512Y012,,,,
통계표,한국은행 강원본부	경제조사팀	033-2583-286,301,DT_512Y012,,,,
통계표,,301,DT_512Y012,,,,
통계표,한국은행 강릉본부	기획조사팀	033-6400-161,301,DT_512Y012,,,,
통계표,,301,DT_512Y012,,,,
통계표,한국은행 인천본부	기획조사팀	032-8800-044,301,DT_512Y012,,,,
통계표,,301,DT_512Y012,,,,
통계표,한국은행 제주본부	경제조사팀	064-720-2513,301,DT_512Y012,,,,
통계표,,301,DT_512Y012,,,,
통계표,한국은행 경기본부	경제조사팀	031-2500-087,301,DT_512Y012,,,,
통계표,,301,DT_512Y012,,,,
통계표,한국은행 경남본부	기획조사팀	055-260-5092,301,DT_512Y012,,,,
통계표,,301,DT_512Y012,,,,
통계표,한국은행 울산본부	기획조사팀	052-259-7413,301,DT_512Y012,,,,
통계표,외부감사대상법인의 업체당 평균수치임,301,DT_501Y079,,,,
통계표,1) 외부감사대상법인 기준,301,DT_501Y081,,,,
통계표,,301,DT_501Y081,,,,
통계표,2) 재무상태표 항목은 기초와 기말의 평균금액,301,DT_501Y081,,,,
통계표,외부감사대상법인 기준,301,DT_501Y083,,,,
통계표,* 부가가치 구성내역 변경(2007년 기업경영분석 책자 64쪽 참조-한국은행 홈페이지_한은DB_발간자료_연간자료),301,DT_501Y076,,,,
통계표,* 부가가치 구성내역 변경(2007년 기업경영분석 책자 64쪽 참조-한국은행 홈페이지_한은DB_발간자료_연간자료),301,DT_501Y042,,,,
통계표,* 회계기준변경에 따른 지표변경(2007년 기업경영분석 책자 64쪽 참조-한국은행 홈페이지_한은DB_발간자료_연간자료),301,DT_501Y027,,,,
통계표,* 회계기준변경에 따른 지표변경(2007년 기업경영분석 책자 64쪽 참조-한국은행 홈페이지_한은DB_발간자료_연간자료),301,DT_501Y032,,,,
통계표,회계기준변경에 따른 지표변경(2007년 기업경영분석 책자 64쪽 참조-한국은행 홈페이지_한은DB_발간자료_연간자료),301,DT_501Y037,,,,
통계표,1) 외부감사대상법인 기준,301,DT_501Y082,,,,
통계표,,301,DT_501Y082,,,,
통계표,2) 재무상태표 항목은 기초와 기말의 평균금액,301,DT_501Y082,,,,
통계표,외부감사대상법인 기준,301,DT_501Y084,,,,
통계표,외부감사대상법인의 업체당 평균수치임,301,DT_501Y080,,,,
통계표,"주1) : 금월지수는 잠정치이며, 익월지수 공표시 확정됨",301,DT_401Y015,,,,
통계표,"
주2) : 2010년 이후 가중치는 매년 변경되며, 2026년 적용되는 가중치를 표기하였음.",301,DT_401Y015,,,,
통계표,"주1) : 금월지수는 잠정치이며, 익월지수 공표시 확정됨",301,DT_401Y018,,,,
통계표,"
주2) : 2010년 이후 가중치는 매년 변경되며, 2026년 적용되는 가중치를 표기하였음.",301,DT_401Y018,,,,
통계표,"주1) : 금월지수는 잠정치이며, 익월지수 공표시 확정됨",301,DT_401Y016,,,,
통계표,"
주2) : 2010년 이후 가중치는 매년 변경되며, 2026년 적용되는 가중치를 표기하였음.",301,DT_401Y016,,,,
통계표,"주1) : 금월지수는 잠정치이며, 익월지수 공표시 확정됨",301,DT_401Y017,,,,
통계표,"
주2) : 2010년 이후 가중치는 매년 변경되며, 2026년 적용되는 가중치를 표기하였음.",301,DT_401Y017,,,,
통계표,"주1) : 금월지수는 잠정치이며, 익월지수 공표시 확정됨",301,DT_402Y014,,,,
통계표,"
주2) : 2010년 이후 가중치는 매년 변경되며, 2026년 적용되는 가중치를 표기하였음.",301,DT_402Y014,,,,
통계표,"주1) : 금월지수는 잠정치이며, 익월지수 공표시 확정됨",301,DT_402Y015,,,,
통계표,"
주2) : 2010년 이후 가중치는 매년 변경되며, 2026년 적용되는 가중치를 표기하였음.",301,DT_402Y015,,,,
통계표,"주1) : 금월지수는 잠정치이며, 익월지수 공표시 확정됨",301,DT_402Y016,,,,
통계표,"
주2) : 2010년 이후 가중치는 매년 변경되며, 2026년 적용되는 가중치를 표기하였음.",301,DT_402Y016,,,,
통계표,"1) 당월 무역지수 및 교역조건지수는 잠정치(preliminary)이며 익월 지수 공표시 수정될 수 있음. 또한, 해당연도 지수는 수출입통관자료 등이 확정되는 익년도 2월 보도자료 공표시 확정(익년 3월중)",301,DT_403Y005,,,,
통계표,"
",301,DT_403Y005,,,,
통계표,"
2) 무역지수 및 교역조건지수는 '달러기준' 수출입통관자료 및 물가지수를 이용하여 작성됨.",301,DT_403Y005,,,,
통계표,"1) 수출입물가지수와 포괄범위를 일치시키기 위해 통관금액 중 선박, 무기류, 항공기, 예술품 등의 수출입액을 제외하여 금액지수를 작성하기 때문에 수출입금액지수는 산업통상자원부가 매월 공표하는 수출입동향의 금액 움직임과 다를 수 있음",301,DT_403Y003,,,,
통계표,"
       ",301,DT_403Y003,,,,
통계표,"
2) 시차적용 수출입물가지수의 이용으로 인해 수출입금액지수를 수출입물량지수로 나누었을 때 산출되는 값과 매월 공표되는 수출입물가지수는 일치하지 않을 수 있음",301,DT_403Y003,,,,
통계표,"
      ",301,DT_403Y003,,,,
통계표,"
3) 1988년 1월부터 1999년 12월 수출금액(물량)지수 및 수입금액(물량)지수 시계열은 중분류* 수준으로 수록",301,DT_403Y003,,,,
통계표,"
         ",301,DT_403Y003,,,,
통계표,"
* 농림수산품, 광산품(수입), 공산품, 음식료품, 섬유및가죽제품, 목재및종이제품, 석탄및석유제품, 화학제품, 비금속광물제품, 1차금속제품, 금속가공제품, 컴퓨터·전자및광학기기, 전기장비, 기계및장비, 운송장비, 기타제조업제품",301,DT_403Y003,,,,
통계표,"
      ",301,DT_403Y003,,,,
통계표,"
 4) 당월 무역지수 및 교역조건지수는 잠정치(preliminary)이며 익월 지수 공표시 수정될 수 있음. 또한, 해당연도 지수는 수출입통관자료 등이 확정되는 익년도 2월 보도자료 공표시 확정(익년 3월중)",301,DT_403Y003,,,,
통계표,"
",301,DT_403Y003,,,,
통계표,"
 5) 무역지수 및 교역조건지수는 '달러기준' 수출입통관자료 및 물가지수를 이용하여 작성됨.",301,DT_403Y003,,,,
자료코드,2020,301,DT_403Y003,13102134563ACC_CD.*AA,계정코드별,총지수,13101134563ACC_CD
자료코드,2020,301,DT_403Y003,13102134563ACC_CD.101111AA,계정코드별,곡류,13101134563ACC_CD
자료코드,2020,301,DT_403Y003,13102134563ACC_CD.101112AA,계정코드별,맥류및잡곡,13101134563ACC_CD
자료코드,2020,301,DT_403Y003,13102134563ACC_CD.101113AA,계정코드별,콩류,13101134563ACC_CD
자료코드,2020,301,DT_403Y003,13102134563ACC_CD.10111AA,계정코드별,곡물및식량작물,13101134563ACC_CD
자료코드,2020,301,DT_403Y003,13102134563ACC_CD.101122AA,계정코드별,과일,13101134563ACC_CD
자료코드,2020,301,DT_403Y003,13102134563ACC_CD.10112AA,계정코드별,채소및과실,13101134563ACC_CD
자료코드,2020,301,DT_403Y003,13102134563ACC_CD.101133AA,계정코드별,잎담배,13101134563ACC_CD
자료코드,2020,301,DT_403Y003,13102134563ACC_CD.101134AA,계정코드별,천연고무,13101134563ACC_CD
자료코드,2020,301,DT_403Y003,13102134563ACC_CD.101135AA,계정코드별,기타식용작물,13101134563ACC_CD
자료코드,2020,301,DT_403Y003,13102134563ACC_CD.101136AA,계정코드별,기타비식용작물,13101134563ACC_CD
자료코드,2020,301,DT_403Y003,13102134563ACC_CD.10113AA,계정코드별,기타작물,13101134563ACC_CD
자료코드,2020,301,DT_403Y003,13102134563ACC_CD.1011AA,계정코드별,농산물,13101134563ACC_CD
자료코드,2020,301,DT_403Y003,13102134563ACC_CD.101212AA,계정코드별,도축육,13101134563ACC_CD
자료코드,2020,301,DT_403Y003,13102134563ACC_CD.101213AA,계정코드별,가금육,13101134563ACC_CD
자료코드,2020,301,DT_403Y003,13102134563ACC_CD.10121AA,계정코드별,낙농및육류,13101134563ACC_CD
자료코드,2020,301,DT_403Y003,13102134563ACC_CD.1012AA,계정코드별,축산물,13101134563ACC_CD
자료코드,2020,301,DT_403Y003,13102134563ACC_CD.101311AA,계정코드별,원목,13101134563ACC_CD
자료코드,2020,301,DT_403Y003,13102134563ACC_CD.10131AA,계정코드별,임산물,13101134563ACC_CD
자료코드,2020,301,DT_403Y003,13102134563ACC_CD.1013AA,계정코드별,임산물,13101134563ACC_CD
자료코드,2020,301,DT_403Y003,13102134563ACC_CD.101411AA,계정코드별,신선수산물,13101134563ACC_CD
자료코드,2020,301,DT_403Y003,13102134563ACC_CD.10141AA,계정코드별,신선수산물,13101134563ACC_CD
자료코드,2020,301,DT_403Y003,13102134563ACC_CD.101421AA,계정코드별,냉동수산물,13101134563ACC_CD
자료코드,2020,301,DT_403Y003,13102134563ACC_CD.10142AA,계정코드별,냉동건조수산물,13101134563ACC_CD
자료코드,2020,301,DT_403Y003,13102134563ACC_CD.1014AA,계정코드별,수산물,13101134563ACC_CD
자료코드,2020,301,DT_403Y003,13102134563ACC_CD.101AA,계정코드별,농림수산품,13101134563ACC_CD
자료코드,2020,301,DT_403Y003,13102134563ACC_CD.1AA,계정코드별,농림수산품,13101134563ACC_CD
자료코드,2020,301,DT_403Y003,13102134563ACC_CD.201111AA,계정코드별,무연탄,13101134563ACC_CD
자료코드,2020,301,DT_403Y003,13102134563ACC_CD.201112AA,계정코드별,유연탄,13101134563ACC_CD
자료코드,2020,301,DT_403Y003,13102134563ACC_CD.20111AA,계정코드별,석탄,13101134563ACC_CD
자료코드,2020,301,DT_403Y003,13102134563ACC_CD.201121AA,계정코드별,원유,13101134563ACC_CD
자료코드,2020,301,DT_403Y003,13102134563ACC_CD.201122AA,계정코드별,천연가스(LNG),13101134563ACC_CD
자료코드,2020,301,DT_403Y003,13102134563ACC_CD.20112AA,계정코드별,원유및천연가스,13101134563ACC_CD
자료코드,2020,301,DT_403Y003,13102134563ACC_CD.2011AA,계정코드별,석탄원유및천연가스,13101134563ACC_CD
자료코드,2020,301,DT_403Y003,13102134563ACC_CD.201211AA,계정코드별,철광석,13101134563ACC_CD
자료코드,2020,301,DT_403Y003,13102134563ACC_CD.201212AA,계정코드별,기타비철금속광석,13101134563ACC_CD
자료코드,2020,301,DT_403Y003,13102134563ACC_CD.20121AA,계정코드별,금속광물,13101134563ACC_CD
자료코드,2020,301,DT_403Y003,13102134563ACC_CD.201223AA,계정코드별,기타비금속광물,13101134563ACC_CD
자료코드,2020,301,DT_403Y003,13102134563ACC_CD.20122AA,계정코드별,비금속광물,13101134563ACC_CD
자료코드,2020,301,DT_403Y003,13102134563ACC_CD.2012AA,계정코드별,금속및비금속광물,13101134563ACC_CD
자료코드,2020,301,DT_403Y003,13102134563ACC_CD.201AA,계정코드별,광산품,13101134563ACC_CD
자료코드,2020,301,DT_403Y003,13102134563ACC_CD.2AA,계정코드별,광산품,13101134563ACC_CD
자료코드,2020,301,DT_403Y003,13102134563ACC_CD.301112AA,계정코드별,낙농품,13101134563ACC_CD
자료코드,2020,301,DT_403Y003,13102134563ACC_CD.30111AA,계정코드별,육가공품및낙농품,13101134563ACC_CD
자료코드,2020,301,DT_403Y003,13102134563ACC_CD.301121AA,계정코드별,수산물가공품,13101134563ACC_CD
자료코드,2020,301,DT_403Y003,13102134563ACC_CD.30112AA,계정코드별,수산가공품,13101134563ACC_CD
자료코드,2020,301,DT_403Y003,13102134563ACC_CD.301141AA,계정코드별,원당,13101134563ACC_CD
자료코드,2020,301,DT_403Y003,13102134563ACC_CD.30114AA,계정코드별,제당및전분,13101134563ACC_CD
자료코드,2025,301,DT_403Y003,13102134563ACC_CD.301151AA,계정코드별,떡빵및과자류,13101134563ACC_CD
자료코드,2025,301,DT_403Y003,13102134563ACC_CD.30115AA,계정코드별,떡과자및면류,13101134563ACC_CD
자료코드,2020,301,DT_403Y003,13102134563ACC_CD.301162AA,계정코드별,유지,13101134563ACC_CD
자료코드,2020,301,DT_403Y003,13102134563ACC_CD.30116AA,계정코드별,조미료및유지,13101134563ACC_CD
자료코드,2020,301,DT_403Y003,13102134563ACC_CD.301171AA,계정코드별,과실및채소가공품,13101134563ACC_CD
자료코드,2020,301,DT_403Y003,13102134563ACC_CD.301173AA,계정코드별,인삼및건강보조식품,13101134563ACC_CD
자료코드,2020,301,DT_403Y003,13102134563ACC_CD.30117AA,계정코드별,기타식료품,13101134563ACC_CD
자료코드,2020,301,DT_403Y003,13102134563ACC_CD.3011AA,계정코드별,식료품,13101134563ACC_CD
자료코드,2021,301,DT_403Y003,13102134563ACC_CD.301213AA,계정코드별,맥주,13101134563ACC_CD
자료코드,2020,301,DT_403Y003,13102134563ACC_CD.301214AA,계정코드별,기타주류,13101134563ACC_CD
자료코드,2020,301,DT_403Y003,13102134563ACC_CD.30121AA,계정코드별,주류,13101134563ACC_CD
자료코드,2020,301,DT_403Y003,13102134563ACC_CD.3012AA,계정코드별,음료품,13101134563ACC_CD
자료코드,2020,301,DT_403Y003,13102134563ACC_CD.301AA,계정코드별,음식료품,13101134563ACC_CD
자료코드,2020,301,DT_403Y003,13102134563ACC_CD.302111AA,계정코드별,천연및화학섬유사,13101134563ACC_CD
자료코드,2020,301,DT_403Y003,13102134563ACC_CD.30211AA,계정코드별,섬유사,13101134563ACC_CD
자료코드,2020,301,DT_403Y003,13102134563ACC_CD.302121AA,계정코드별,천연및화학섬유직물,13101134563ACC_CD
자료코드,2020,301,DT_403Y003,13102134563ACC_CD.30212AA,계정코드별,섬유직물,13101134563ACC_CD
자료코드,2020,301,DT_403Y003,13102134563ACC_CD.302132AA,계정코드별,부직포및펠트,13101134563ACC_CD
자료코드,2020,301,DT_403Y003,13102134563ACC_CD.30213AA,계정코드별,직물제품,13101134563ACC_CD
자료코드,2020,301,DT_403Y003,13102134563ACC_CD.302141AA,계정코드별,봉제의류,13101134563ACC_CD
자료코드,2020,301,DT_403Y003,13102134563ACC_CD.302142AA,계정코드별,편조의류,13101134563ACC_CD
자료코드,2020,301,DT_403Y003,13102134563ACC_CD.30214AA,계정코드별,의복제품,13101134563ACC_CD
자료코드,2020,301,DT_403Y003,13102134563ACC_CD.3021AA,계정코드별,섬유및의복,13101134563ACC_CD
자료코드,2020,301,DT_403Y003,13102134563ACC_CD.302211AA,계정코드별,가죽,13101134563ACC_CD
자료코드,2020,301,DT_403Y003,13102134563ACC_CD.302213AA,계정코드별,가방및핸드백,13101134563ACC_CD
자료코드,2020,301,DT_403Y003,13102134563ACC_CD.302214AA,계정코드별,신발,13101134563ACC_CD
자료코드,2020,301,DT_403Y003,13102134563ACC_CD.30221AA,계정코드별,가죽제품,13101134563ACC_CD
자료코드,2020,301,DT_403Y003,13102134563ACC_CD.3022AA,계정코드별,가죽제품,13101134563ACC_CD
자료코드,2020,301,DT_403Y003,13102134563ACC_CD.302AA,계정코드별,섬유및가죽제품,13101134563ACC_CD
자료코드,2020,301,DT_403Y003,13102134563ACC_CD.303111AA,계정코드별,제재목,13101134563ACC_CD
자료코드,2020,301,DT_403Y003,13102134563ACC_CD.303112AA,계정코드별,합판,13101134563ACC_CD
자료코드,2020,301,DT_403Y003,13102134563ACC_CD.303113AA,계정코드별,강화및재생목재,13101134563ACC_CD
자료코드,2020,301,DT_403Y003,13102134563ACC_CD.30311AA,계정코드별,목재,13101134563ACC_CD
자료코드,2020,301,DT_403Y003,13102134563ACC_CD.3031AA,계정코드별,목재및목제품,13101134563ACC_CD
자료코드,2020,301,DT_403Y003,13102134563ACC_CD.303211AA,계정코드별,펄프,13101134563ACC_CD
자료코드,2020,301,DT_403Y003,13102134563ACC_CD.30321AA,계정코드별,펄프,13101134563ACC_CD
자료코드,2020,301,DT_403Y003,13102134563ACC_CD.303221AA,계정코드별,인쇄용지,13101134563ACC_CD
자료코드,2020,301,DT_403Y003,13102134563ACC_CD.303222AA,계정코드별,기타원지및판지,13101134563ACC_CD
자료코드,2020,301,DT_403Y003,13102134563ACC_CD.30322AA,계정코드별,종이류,13101134563ACC_CD
자료코드,2020,301,DT_403Y003,13102134563ACC_CD.3032AA,계정코드별,펄프및종이제품,13101134563ACC_CD
자료코드,2020,301,DT_403Y003,13102134563ACC_CD.303AA,계정코드별,목재및종이제품,13101134563ACC_CD
자료코드,2020,301,DT_403Y003,13102134563ACC_CD.304111AA,계정코드별,석탄코크스및석탄관련제품,13101134563ACC_CD
자료코드,2020,301,DT_403Y003,13102134563ACC_CD.30411AA,계정코드별,석탄제품,13101134563ACC_CD
자료코드,2020,301,DT_403Y003,13102134563ACC_CD.304121AA,계정코드별,나프타,13101134563ACC_CD
자료코드,2020,301,DT_403Y003,13102134563ACC_CD.304123AA,계정코드별,제트유,13101134563ACC_CD
자료코드,2020,301,DT_403Y003,13102134563ACC_CD.304125AA,계정코드별,경유,13101134563ACC_CD
자료코드,2020,301,DT_403Y003,13102134563ACC_CD.304126AA,계정코드별,중유,13101134563ACC_CD
자료코드,2020,301,DT_403Y003,13102134563ACC_CD.304127AA,계정코드별,액화석유가스,13101134563ACC_CD
자료코드,2020,301,DT_403Y003,13102134563ACC_CD.304128AA,계정코드별,정제혼합용원료유,13101134563ACC_CD
자료코드,2020,301,DT_403Y003,13102134563ACC_CD.30412AA,계정코드별,원유정제처리제품,13101134563ACC_CD
자료코드,2020,301,DT_403Y003,13102134563ACC_CD.3041AA,계정코드별,석탄및석유제품,13101134563ACC_CD
자료코드,2020,301,DT_403Y003,13102134563ACC_CD.304AA,계정코드별,석탄및석유제품,13101134563ACC_CD
자료코드,2020,301,DT_403Y003,13102134563ACC_CD.305111AA,계정코드별,지방족기초유분,13101134563ACC_CD
자료코드,2020,301,DT_403Y003,13102134563ACC_CD.305112AA,계정코드별,방향족기초유분,13101134563ACC_CD
자료코드,2020,301,DT_403Y003,13102134563ACC_CD.305113AA,계정코드별,석유화학중간제품,13101134563ACC_CD
자료코드,2020,301,DT_403Y003,13102134563ACC_CD.305114AA,계정코드별,기타기초유기화합물,13101134563ACC_CD
자료코드,2020,301,DT_403Y003,13102134563ACC_CD.30511AA,계정코드별,기초유기화학물질,13101134563ACC_CD
자료코드,2020,301,DT_403Y003,13102134563ACC_CD.305122AA,계정코드별,기초무기화합물,13101134563ACC_CD
자료코드,2020,301,DT_403Y003,13102134563ACC_CD.305123AA,계정코드별,염료안료및유연제,13101134563ACC_CD
자료코드,2020,301,DT_403Y003,13102134563ACC_CD.30512AA,계정코드별,기초무기화학물질,13101134563ACC_CD
자료코드,2020,301,DT_403Y003,13102134563ACC_CD.3051AA,계정코드별,기초화학물질,13101134563ACC_CD
자료코드,2020,301,DT_403Y003,13102134563ACC_CD.305211AA,계정코드별,합성수지,13101134563ACC_CD
자료코드,2020,301,DT_403Y003,13102134563ACC_CD.305212AA,계정코드별,합성고무,13101134563ACC_CD
자료코드,2020,301,DT_403Y003,13102134563ACC_CD.30521AA,계정코드별,합성수지및합성고무,13101134563ACC_CD
자료코드,2020,301,DT_403Y003,13102134563ACC_CD.3052AA,계정코드별,합성수지및합성고무,13101134563ACC_CD
자료코드,2020,301,DT_403Y003,13102134563ACC_CD.305311AA,계정코드별,화학섬유,13101134563ACC_CD
자료코드,2020,301,DT_403Y003,13102134563ACC_CD.30531AA,계정코드별,화학섬유,13101134563ACC_CD
자료코드,2020,301,DT_403Y003,13102134563ACC_CD.3053AA,계정코드별,화학섬유,13101134563ACC_CD
자료코드,2020,301,DT_403Y003,13102134563ACC_CD.305411AA,계정코드별,의약품,13101134563ACC_CD
자료코드,2020,301,DT_403Y003,13102134563ACC_CD.30541AA,계정코드별,의약품,13101134563ACC_CD
자료코드,2020,301,DT_403Y003,13102134563ACC_CD.3054AA,계정코드별,의약품,13101134563ACC_CD
자료코드,2020,301,DT_403Y003,13102134563ACC_CD.305511AA,계정코드별,비료및질소화합물,13101134563ACC_CD
자료코드,2020,301,DT_403Y003,13102134563ACC_CD.30551AA,계정코드별,비료및농약,13101134563ACC_CD
자료코드,2020,301,DT_403Y003,13102134563ACC_CD.3055AA,계정코드별,비료및농약,13101134563ACC_CD
자료코드,2020,301,DT_403Y003,13102134563ACC_CD.305611AA,계정코드별,도료,13101134563ACC_CD
자료코드,2020,301,DT_403Y003,13102134563ACC_CD.30561AA,계정코드별,도료및잉크,13101134563ACC_CD
자료코드,2020,301,DT_403Y003,13102134563ACC_CD.305622AA,계정코드별,화장품,13101134563ACC_CD
자료코드,2020,301,DT_403Y003,13102134563ACC_CD.30562AA,계정코드별,비누및화장품,13101134563ACC_CD
자료코드,2020,301,DT_403Y003,13102134563ACC_CD.305631AA,계정코드별,접착제및젤라틴,13101134563ACC_CD
자료코드,2020,301,DT_403Y003,13102134563ACC_CD.305632AA,계정코드별,사진용화학제품및감광재료,13101134563ACC_CD
자료코드,2020,301,DT_403Y003,13102134563ACC_CD.305633AA,계정코드별,기타화학제품,13101134563ACC_CD
자료코드,2020,301,DT_403Y003,13102134563ACC_CD.30563AA,계정코드별,기타화학제품,13101134563ACC_CD
자료코드,2020,301,DT_403Y003,13102134563ACC_CD.3056AA,계정코드별,기타화학제품,13101134563ACC_CD
자료코드,2020,301,DT_403Y003,13102134563ACC_CD.305711AA,계정코드별,플라스틱1차제품,13101134563ACC_CD
자료코드,2020,301,DT_403Y003,13102134563ACC_CD.30571AA,계정코드별,플라스틱1차제품,13101134563ACC_CD
자료코드,2020,301,DT_403Y003,13102134563ACC_CD.3057AA,계정코드별,플라스틱제품,13101134563ACC_CD
자료코드,2020,301,DT_403Y003,13102134563ACC_CD.305811AA,계정코드별,타이어및튜브,13101134563ACC_CD
자료코드,2020,301,DT_403Y003,13102134563ACC_CD.30581AA,계정코드별,타이어및튜브,13101134563ACC_CD
자료코드,2020,301,DT_403Y003,13102134563ACC_CD.3058AA,계정코드별,고무제품,13101134563ACC_CD
자료코드,2020,301,DT_403Y003,13102134563ACC_CD.305AA,계정코드별,화학제품,13101134563ACC_CD
자료코드,2020,301,DT_403Y003,13102134563ACC_CD.306111AA,계정코드별,판유리및1차유리제품,13101134563ACC_CD
자료코드,2020,301,DT_403Y003,13102134563ACC_CD.306113AA,계정코드별,산업용유리제품(전자기기용제외),13101134563ACC_CD
자료코드,2020,301,DT_403Y003,13102134563ACC_CD.30611AA,계정코드별,유리및유리제품,13101134563ACC_CD
자료코드,2020,301,DT_403Y003,13102134563ACC_CD.3061AA,계정코드별,유리및유리제품,13101134563ACC_CD
자료코드,2020,301,DT_403Y003,13102134563ACC_CD.306242AA,계정코드별,석제품,13101134563ACC_CD
자료코드,2020,301,DT_403Y003,13102134563ACC_CD.306245AA,계정코드별,기타비금속광물제품,13101134563ACC_CD
자료코드,2020,301,DT_403Y003,13102134563ACC_CD.30624AA,계정코드별,기타비금속광물제품,13101134563ACC_CD
자료코드,2020,301,DT_403Y003,13102134563ACC_CD.3062AA,계정코드별,기타비금속광물제품,13101134563ACC_CD
자료코드,2020,301,DT_403Y003,13102134563ACC_CD.306AA,계정코드별,비금속광물제품,13101134563ACC_CD
자료코드,2020,301,DT_403Y003,13102134563ACC_CD.307111AA,계정코드별,선철,13101134563ACC_CD
자료코드,2020,301,DT_403Y003,13102134563ACC_CD.307112AA,계정코드별,합금철,13101134563ACC_CD
자료코드,2020,301,DT_403Y003,13102134563ACC_CD.307113AA,계정코드별,조강,13101134563ACC_CD
자료코드,2020,301,DT_403Y003,13102134563ACC_CD.30711AA,계정코드별,선철및조강,13101134563ACC_CD
자료코드,2020,301,DT_403Y003,13102134563ACC_CD.307121AA,계정코드별,철근및봉강,13101134563ACC_CD
자료코드,2020,301,DT_403Y003,13102134563ACC_CD.307122AA,계정코드별,형강,13101134563ACC_CD
자료코드,2020,301,DT_403Y003,13102134563ACC_CD.307124AA,계정코드별,중후판(두께3mm이상),13101134563ACC_CD
자료코드,2020,301,DT_403Y003,13102134563ACC_CD.307125AA,계정코드별,열연강판,13101134563ACC_CD
자료코드,2020,301,DT_403Y003,13102134563ACC_CD.307127AA,계정코드별,철강관,13101134563ACC_CD
자료코드,2020,301,DT_403Y003,13102134563ACC_CD.30712AA,계정코드별,열간압연강재,13101134563ACC_CD
자료코드,2020,301,DT_403Y003,13102134563ACC_CD.307131AA,계정코드별,냉간압연강재,13101134563ACC_CD
자료코드,2020,301,DT_403Y003,13102134563ACC_CD.30713AA,계정코드별,냉간압연강재,13101134563ACC_CD
자료코드,2020,301,DT_403Y003,13102134563ACC_CD.307141AA,계정코드별,표면처리강재,13101134563ACC_CD
자료코드,2020,301,DT_403Y003,13102134563ACC_CD.30714AA,계정코드별,기타철강1차제품,13101134563ACC_CD
자료코드,2020,301,DT_403Y003,13102134563ACC_CD.3071AA,계정코드별,철강1차제품,13101134563ACC_CD
자료코드,2020,301,DT_403Y003,13102134563ACC_CD.307211AA,계정코드별,동제련정련및합금제품,13101134563ACC_CD
자료코드,2020,301,DT_403Y003,13102134563ACC_CD.307212AA,계정코드별,알루미늄제련정련및합금제품,13101134563ACC_CD
자료코드,2020,301,DT_403Y003,13102134563ACC_CD.307213AA,계정코드별,연및아연제련정련및합금제품,13101134563ACC_CD
자료코드,2020,301,DT_403Y003,13102134563ACC_CD.307214AA,계정코드별,금은괴,13101134563ACC_CD
자료코드,2020,301,DT_403Y003,13102134563ACC_CD.307215AA,계정코드별,기타비철금속제련정련및합금제품,13101134563ACC_CD
자료코드,2020,301,DT_403Y003,13102134563ACC_CD.30721AA,계정코드별,비철금속괴,13101134563ACC_CD
자료코드,2020,301,DT_403Y003,13102134563ACC_CD.307221AA,계정코드별,동1차제품,13101134563ACC_CD
자료코드,2020,301,DT_403Y003,13102134563ACC_CD.307222AA,계정코드별,알루미늄1차제품,13101134563ACC_CD
자료코드,2020,301,DT_403Y003,13102134563ACC_CD.307223AA,계정코드별,기타비철금속1차제품,13101134563ACC_CD
자료코드,2020,301,DT_403Y003,13102134563ACC_CD.30722AA,계정코드별,비철금속1차제품,13101134563ACC_CD
자료코드,2020,301,DT_403Y003,13102134563ACC_CD.3072AA,계정코드별,비철금속괴및1차제품,13101134563ACC_CD
자료코드,2020,301,DT_403Y003,13102134563ACC_CD.307AA,계정코드별,1차금속제품,13101134563ACC_CD
자료코드,2020,301,DT_403Y003,13102134563ACC_CD.308143AA,계정코드별,공구류,13101134563ACC_CD
자료코드,2020,301,DT_403Y003,13102134563ACC_CD.308144AA,계정코드별,나사및철선제품,13101134563ACC_CD
자료코드,2020,301,DT_403Y003,13102134563ACC_CD.30814AA,계정코드별,기타금속가공제품,13101134563ACC_CD
자료코드,2020,301,DT_403Y003,13102134563ACC_CD.3081AA,계정코드별,금속가공제품,13101134563ACC_CD
자료코드,2020,301,DT_403Y003,13102134563ACC_CD.308AA,계정코드별,금속가공제품,13101134563ACC_CD
자료코드,2020,301,DT_403Y003,13102134563ACC_CD.309111AA,계정코드별,개별소자,13101134563ACC_CD
자료코드,2020,301,DT_403Y003,13102134563ACC_CD.309112AA,계정코드별,집적회로,13101134563ACC_CD
자료코드,2020,301,DT_403Y003,13102134563ACC_CD.30911AA,계정코드별,반도체,13101134563ACC_CD
자료코드,2020,301,DT_403Y003,13102134563ACC_CD.3091AA,계정코드별,반도체,13101134563ACC_CD
자료코드,2020,301,DT_403Y003,13102134563ACC_CD.309211AA,계정코드별,LCD평판디스플레이,13101134563ACC_CD
자료코드,2020,301,DT_403Y003,13102134563ACC_CD.30921AA,계정코드별,전자표시장치,13101134563ACC_CD
자료코드,2020,301,DT_403Y003,13102134563ACC_CD.3092AA,계정코드별,전자표시장치,13101134563ACC_CD
자료코드,2020,301,DT_403Y003,13102134563ACC_CD.309311AA,계정코드별,인쇄회로기판및실장기판,13101134563ACC_CD
자료코드,2020,301,DT_403Y003,13102134563ACC_CD.30931AA,계정코드별,인쇄회로기판,13101134563ACC_CD
자료코드,2020,301,DT_403Y003,13102134563ACC_CD.309321AA,계정코드별,축전기저항기전자코일및변성기,13101134563ACC_CD
자료코드,2020,301,DT_403Y003,13102134563ACC_CD.309322AA,계정코드별,기타전자부품,13101134563ACC_CD
자료코드,2020,301,DT_403Y003,13102134563ACC_CD.30932AA,계정코드별,기타전자부품,13101134563ACC_CD
자료코드,2020,301,DT_403Y003,13102134563ACC_CD.3093AA,계정코드별,기타전자부품,13101134563ACC_CD
자료코드,2020,301,DT_403Y003,13102134563ACC_CD.309411AA,계정코드별,컴퓨터,13101134563ACC_CD
자료코드,2020,301,DT_403Y003,13102134563ACC_CD.309412AA,계정코드별,컴퓨터기억장치,13101134563ACC_CD
자료코드,2020,301,DT_403Y003,13102134563ACC_CD.309413AA,계정코드별,컴퓨터주변기기,13101134563ACC_CD
자료코드,2020,301,DT_403Y003,13102134563ACC_CD.30941AA,계정코드별,컴퓨터및주변기기,13101134563ACC_CD
자료코드,2020,301,DT_403Y003,13102134563ACC_CD.3094AA,계정코드별,컴퓨터및주변기기,13101134563ACC_CD
자료코드,2020,301,DT_403Y003,13102134563ACC_CD.309511AA,계정코드별,유선통신기기,13101134563ACC_CD
자료코드,2020,301,DT_403Y003,13102134563ACC_CD.309512AA,계정코드별,이동전화기,13101134563ACC_CD
자료코드,2020,301,DT_403Y003,13102134563ACC_CD.309513AA,계정코드별,기타무선통신장비및방송장비,13101134563ACC_CD
자료코드,2020,301,DT_403Y003,13102134563ACC_CD.30951AA,계정코드별,통신및방송장비,13101134563ACC_CD
자료코드,2022,301,DT_403Y003,13102134563ACC_CD.309521AA,계정코드별,TV,13101134563ACC_CD
자료코드,2020,301,DT_403Y003,13102134563ACC_CD.309523AA,계정코드별,오디오및음향기기,13101134563ACC_CD
자료코드,2020,301,DT_403Y003,13102134563ACC_CD.30952AA,계정코드별,영상및음향기기,13101134563ACC_CD
자료코드,2020,301,DT_403Y003,13102134563ACC_CD.3095AA,계정코드별,통신방송및영상음향기기,13101134563ACC_CD
자료코드,2020,301,DT_403Y003,13102134563ACC_CD.309611AA,계정코드별,의료용기기,13101134563ACC_CD
자료코드,2020,301,DT_403Y003,13102134563ACC_CD.309612AA,계정코드별,측정및분석기기,13101134563ACC_CD
자료코드,2020,301,DT_403Y003,13102134563ACC_CD.30961AA,계정코드별,의료및측정기기,13101134563ACC_CD
자료코드,2020,301,DT_403Y003,13102134563ACC_CD.309621AA,계정코드별,사진기및영사기,13101134563ACC_CD
자료코드,2020,301,DT_403Y003,13102134563ACC_CD.309622AA,계정코드별,기타광학기기,13101134563ACC_CD
자료코드,2020,301,DT_403Y003,13102134563ACC_CD.309623AA,계정코드별,시계,13101134563ACC_CD
자료코드,2020,301,DT_403Y003,13102134563ACC_CD.30962AA,계정코드별,기타정밀기기,13101134563ACC_CD
자료코드,2020,301,DT_403Y003,13102134563ACC_CD.3096AA,계정코드별,정밀기기,13101134563ACC_CD
자료코드,2020,301,DT_403Y003,13102134563ACC_CD.309AA,계정코드별,컴퓨터전자및광학기기,13101134563ACC_CD
자료코드,2020,301,DT_403Y003,13102134563ACC_CD.310111AA,계정코드별,발전기및전동기,13101134563ACC_CD
자료코드,2020,301,DT_403Y003,13102134563ACC_CD.31011AA,계정코드별,발전기및전동기,13101134563ACC_CD
자료코드,2020,301,DT_403Y003,13102134563ACC_CD.310122AA,계정코드별,전기변환장치,13101134563ACC_CD
자료코드,2020,301,DT_403Y003,13102134563ACC_CD.310123AA,계정코드별,전기회로개폐및접속장치,13101134563ACC_CD
자료코드,2020,301,DT_403Y003,13102134563ACC_CD.310124AA,계정코드별,배전반및전기자동제어반,13101134563ACC_CD
자료코드,2020,301,DT_403Y003,13102134563ACC_CD.31012AA,계정코드별,전기변환.공급제어장치,13101134563ACC_CD
자료코드,2020,301,DT_403Y003,13102134563ACC_CD.310131AA,계정코드별,전지,13101134563ACC_CD
자료코드,2020,301,DT_403Y003,13102134563ACC_CD.31013AA,계정코드별,전지,13101134563ACC_CD
자료코드,2020,301,DT_403Y003,13102134563ACC_CD.310141AA,계정코드별,전선및케이블,13101134563ACC_CD
자료코드,2020,301,DT_403Y003,13102134563ACC_CD.31014AA,계정코드별,전선및케이블,13101134563ACC_CD
자료코드,2021,301,DT_403Y003,13102134563ACC_CD.310152AA,계정코드별,주방용및난방용전기기기,13101134563ACC_CD
자료코드,2020,301,DT_403Y003,13102134563ACC_CD.310153AA,계정코드별,기타가정용전기기기,13101134563ACC_CD
자료코드,2020,301,DT_403Y003,13102134563ACC_CD.31015AA,계정코드별,가정용전기기기,13101134563ACC_CD
자료코드,2020,301,DT_403Y003,13102134563ACC_CD.310161AA,계정코드별,전구및램프,13101134563ACC_CD
자료코드,2020,301,DT_403Y003,13102134563ACC_CD.310163AA,계정코드별,기타전기장비,13101134563ACC_CD
자료코드,2020,301,DT_403Y003,13102134563ACC_CD.31016AA,계정코드별,기타전기장비,13101134563ACC_CD
자료코드,2020,301,DT_403Y003,13102134563ACC_CD.3101AA,계정코드별,전기장비,13101134563ACC_CD
자료코드,2020,301,DT_403Y003,13102134563ACC_CD.310AA,계정코드별,전기장비,13101134563ACC_CD
자료코드,2020,301,DT_403Y003,13102134563ACC_CD.311111AA,계정코드별,내연기관및터빈,13101134563ACC_CD
자료코드,2020,301,DT_403Y003,13102134563ACC_CD.31111AA,계정코드별,내연기관및터빈,13101134563ACC_CD
자료코드,2020,301,DT_403Y003,13102134563ACC_CD.311121AA,계정코드별,펌프및압축기,13101134563ACC_CD
자료코드,2020,301,DT_403Y003,13102134563ACC_CD.31112AA,계정코드별,펌프및압축기,13101134563ACC_CD
자료코드,2020,301,DT_403Y003,13102134563ACC_CD.311131AA,계정코드별,밸브,13101134563ACC_CD
자료코드,2020,301,DT_403Y003,13102134563ACC_CD.311132AA,계정코드별,베어링기어및동력전달장치,13101134563ACC_CD
자료코드,2020,301,DT_403Y003,13102134563ACC_CD.31113AA,계정코드별,일반목적용기계부품,13101134563ACC_CD
자료코드,2020,301,DT_403Y003,13102134563ACC_CD.311141AA,계정코드별,산업용운반기계,13101134563ACC_CD
자료코드,2020,301,DT_403Y003,13102134563ACC_CD.31114AA,계정코드별,산업용운반기계,13101134563ACC_CD
자료코드,2020,301,DT_403Y003,13102134563ACC_CD.311151AA,계정코드별,공기조절장치및냉장냉동장비,13101134563ACC_CD
자료코드,2020,301,DT_403Y003,13102134563ACC_CD.311152AA,계정코드별,공기및액체여과기,13101134563ACC_CD
자료코드,2020,301,DT_403Y003,13102134563ACC_CD.31115AA,계정코드별,공기및액체조절장치,13101134563ACC_CD
자료코드,2020,301,DT_403Y003,13102134563ACC_CD.311162AA,계정코드별,기타일반목적용기계,13101134563ACC_CD
자료코드,2020,301,DT_403Y003,13102134563ACC_CD.31116AA,계정코드별,기타일반목적용기계,13101134563ACC_CD
자료코드,2020,301,DT_403Y003,13102134563ACC_CD.3111AA,계정코드별,일반목적용기계,13101134563ACC_CD
자료코드,2020,301,DT_403Y003,13102134563ACC_CD.311221AA,계정코드별,금속가공용기계,13101134563ACC_CD
자료코드,2020,301,DT_403Y003,13102134563ACC_CD.31122AA,계정코드별,금속가공용기계,13101134563ACC_CD
자료코드,2020,301,DT_403Y003,13102134563ACC_CD.311241AA,계정코드별,반도체제조용기계,13101134563ACC_CD
자료코드,2020,301,DT_403Y003,13102134563ACC_CD.311242AA,계정코드별,디스플레이제조용기계,13101134563ACC_CD
자료코드,2020,301,DT_403Y003,13102134563ACC_CD.31124AA,계정코드별,반도체및디스플레이제조용기계,13101134563ACC_CD
자료코드,2020,301,DT_403Y003,13102134563ACC_CD.311253AA,계정코드별,산업용로봇,13101134563ACC_CD
자료코드,2020,301,DT_403Y003,13102134563ACC_CD.311254AA,계정코드별,제지및인쇄기계,13101134563ACC_CD
자료코드,2020,301,DT_403Y003,13102134563ACC_CD.31125AA,계정코드별,기타특수목적용기계,13101134563ACC_CD
자료코드,2020,301,DT_403Y003,13102134563ACC_CD.3112AA,계정코드별,특수목적용기계,13101134563ACC_CD
자료코드,2020,301,DT_403Y003,13102134563ACC_CD.311AA,계정코드별,기계및장비,13101134563ACC_CD
자료코드,2020,301,DT_403Y003,13102134563ACC_CD.312111AA,계정코드별,승용차,13101134563ACC_CD
자료코드,2020,301,DT_403Y003,13102134563ACC_CD.312113AA,계정코드별,트럭,13101134563ACC_CD
자료코드,2020,301,DT_403Y003,13102134563ACC_CD.31211AA,계정코드별,자동차,13101134563ACC_CD
자료코드,2020,301,DT_403Y003,13102134563ACC_CD.312131AA,계정코드별,자동차용엔진,13101134563ACC_CD
자료코드,2020,301,DT_403Y003,13102134563ACC_CD.312132AA,계정코드별,자동차부분품,13101134563ACC_CD
자료코드,2020,301,DT_403Y003,13102134563ACC_CD.31213AA,계정코드별,자동차부품,13101134563ACC_CD
자료코드,2020,301,DT_403Y003,13102134563ACC_CD.3121AA,계정코드별,자동차및부품,13101134563ACC_CD
자료코드,2021,301,DT_403Y003,13102134563ACC_CD.312211AA,계정코드별,모터사이클,13101134563ACC_CD
자료코드,2021,301,DT_403Y003,13102134563ACC_CD.31221AA,계정코드별,기타운송장비,13101134563ACC_CD
자료코드,2021,301,DT_403Y003,13102134563ACC_CD.3122AA,계정코드별,기타운송장비,13101134563ACC_CD
자료코드,2020,301,DT_403Y003,13102134563ACC_CD.312AA,계정코드별,운송장비,13101134563ACC_CD
자료코드,2020,301,DT_403Y003,13102134563ACC_CD.313113AA,계정코드별,기타가구,13101134563ACC_CD
자료코드,2020,301,DT_403Y003,13102134563ACC_CD.31311AA,계정코드별,가구,13101134563ACC_CD
자료코드,2020,301,DT_403Y003,13102134563ACC_CD.313121AA,계정코드별,장난감및오락용품,13101134563ACC_CD
자료코드,2020,301,DT_403Y003,13102134563ACC_CD.313122AA,계정코드별,운동및경기용품,13101134563ACC_CD
자료코드,2020,301,DT_403Y003,13102134563ACC_CD.31312AA,계정코드별,기타제조업제품,13101134563ACC_CD
자료코드,2020,301,DT_403Y003,13102134563ACC_CD.3131AA,계정코드별,기타제조업제품,13101134563ACC_CD
자료코드,2020,301,DT_403Y003,13102134563ACC_CD.313AA,계정코드별,기타제조업제품,13101134563ACC_CD
자료코드,2020,301,DT_403Y003,13102134563ACC_CD.3AA,계정코드별,공산품,13101134563ACC_CD
통계표,"1) 수출입물가지수와 포괄범위를 일치시키기 위해 통관금액 중 선박, 무기류, 항공기, 예술품 등의 수출입액을 제외하여 금액지수를 작성하기 때문에 수출입금액지수는 산업통상자원부가 매월 공표하는 수출입동향의 금액 움직임과 다를 수 있음",301,DT_403Y004,,,,
통계표,"
       ",301,DT_403Y004,,,,
통계표,"
2) 시차적용 수출입물가지수의 이용으로 인해 수출입금액지수를 수출입물량지수로 나누었을 때 산출되는 값과 매월 공표되는 수출입물가지수는 일치하지 않을 수 있음",301,DT_403Y004,,,,
통계표,"
      ",301,DT_403Y004,,,,
통계표,"
3) 1988년 1월부터 1999년 12월 수출금액(물량)지수 및 수입금액(물량)지수 시계열은 중분류* 수준으로 수록",301,DT_403Y004,,,,
통계표,"
         ",301,DT_403Y004,,,,
통계표,"
* 농림수산품, 광산품(수입), 공산품, 음식료품, 섬유및가죽제품, 목재및종이제품, 석탄및석유제품, 화학제품, 비금속광물제품, 1차금속제품, 금속가공제품, 컴퓨터·전자및광학기기, 전기장비, 기계및장비, 운송장비, 기타제조업제품",301,DT_403Y004,,,,
통계표,"
      ",301,DT_403Y004,,,,
통계표,"
 4) 당월 무역지수 및 교역조건지수는 잠정치(preliminary)이며 익월 지수 공표시 수정될 수 있음. 또한, 해당연도 지수는 수출입통관자료 등이 확정되는 익년도 2월 보도자료 공표시 확정(익년 3월중)",301,DT_403Y004,,,,
통계표,"
",301,DT_403Y004,,,,
통계표,"
 5) 무역지수 및 교역조건지수는 '달러기준' 수출입통관자료 및 물가지수를 이용하여 작성됨.",301,DT_403Y004,,,,
자료코드,2020,301,DT_403Y004,13102134626ACC_CD.*AA,계정코드별,총지수,13101134626ACC_CD
자료코드,2020,301,DT_403Y004,13102134626ACC_CD.101111AA,계정코드별,곡류,13101134626ACC_CD
자료코드,2020,301,DT_403Y004,13102134626ACC_CD.101112AA,계정코드별,맥류및잡곡,13101134626ACC_CD
자료코드,2020,301,DT_403Y004,13102134626ACC_CD.101113AA,계정코드별,콩류,13101134626ACC_CD
자료코드,2020,301,DT_403Y004,13102134626ACC_CD.10111AA,계정코드별,곡물및식량작물,13101134626ACC_CD
자료코드,2020,301,DT_403Y004,13102134626ACC_CD.101122AA,계정코드별,과일,13101134626ACC_CD
자료코드,2020,301,DT_403Y004,13102134626ACC_CD.10112AA,계정코드별,채소및과실,13101134626ACC_CD
자료코드,2020,301,DT_403Y004,13102134626ACC_CD.101133AA,계정코드별,잎담배,13101134626ACC_CD
자료코드,2020,301,DT_403Y004,13102134626ACC_CD.101134AA,계정코드별,천연고무,13101134626ACC_CD
자료코드,2020,301,DT_403Y004,13102134626ACC_CD.101135AA,계정코드별,기타식용작물,13101134626ACC_CD
자료코드,2020,301,DT_403Y004,13102134626ACC_CD.101136AA,계정코드별,기타비식용작물,13101134626ACC_CD
자료코드,2020,301,DT_403Y004,13102134626ACC_CD.10113AA,계정코드별,기타작물,13101134626ACC_CD
자료코드,2020,301,DT_403Y004,13102134626ACC_CD.1011AA,계정코드별,농산물,13101134626ACC_CD
자료코드,2020,301,DT_403Y004,13102134626ACC_CD.101212AA,계정코드별,도축육,13101134626ACC_CD
자료코드,2020,301,DT_403Y004,13102134626ACC_CD.101213AA,계정코드별,가금육,13101134626ACC_CD
자료코드,2020,301,DT_403Y004,13102134626ACC_CD.10121AA,계정코드별,낙농및육류,13101134626ACC_CD
자료코드,2020,301,DT_403Y004,13102134626ACC_CD.1012AA,계정코드별,축산물,13101134626ACC_CD
자료코드,2020,301,DT_403Y004,13102134626ACC_CD.101311AA,계정코드별,원목,13101134626ACC_CD
자료코드,2020,301,DT_403Y004,13102134626ACC_CD.10131AA,계정코드별,임산물,13101134626ACC_CD
자료코드,2020,301,DT_403Y004,13102134626ACC_CD.1013AA,계정코드별,임산물,13101134626ACC_CD
자료코드,2020,301,DT_403Y004,13102134626ACC_CD.101411AA,계정코드별,신선수산물,13101134626ACC_CD
자료코드,2020,301,DT_403Y004,13102134626ACC_CD.10141AA,계정코드별,신선수산물,13101134626ACC_CD
자료코드,2020,301,DT_403Y004,13102134626ACC_CD.101421AA,계정코드별,냉동수산물,13101134626ACC_CD
자료코드,2020,301,DT_403Y004,13102134626ACC_CD.10142AA,계정코드별,냉동건조수산물,13101134626ACC_CD
자료코드,2020,301,DT_403Y004,13102134626ACC_CD.1014AA,계정코드별,수산물,13101134626ACC_CD
자료코드,2020,301,DT_403Y004,13102134626ACC_CD.101AA,계정코드별,농림수산품,13101134626ACC_CD
자료코드,2020,301,DT_403Y004,13102134626ACC_CD.1AA,계정코드별,농림수산품,13101134626ACC_CD
자료코드,2020,301,DT_403Y004,13102134626ACC_CD.201111AA,계정코드별,무연탄,13101134626ACC_CD
자료코드,2020,301,DT_403Y004,13102134626ACC_CD.201112AA,계정코드별,유연탄,13101134626ACC_CD
자료코드,2020,301,DT_403Y004,13102134626ACC_CD.20111AA,계정코드별,석탄,13101134626ACC_CD
자료코드,2020,301,DT_403Y004,13102134626ACC_CD.201121AA,계정코드별,원유,13101134626ACC_CD
자료코드,2020,301,DT_403Y004,13102134626ACC_CD.201122AA,계정코드별,천연가스(LNG),13101134626ACC_CD
자료코드,2020,301,DT_403Y004,13102134626ACC_CD.20112AA,계정코드별,원유및천연가스,13101134626ACC_CD
자료코드,2020,301,DT_403Y004,13102134626ACC_CD.2011AA,계정코드별,석탄원유및천연가스,13101134626ACC_CD
자료코드,2020,301,DT_403Y004,13102134626ACC_CD.201211AA,계정코드별,철광석,13101134626ACC_CD
자료코드,2020,301,DT_403Y004,13102134626ACC_CD.201212AA,계정코드별,기타비철금속광석,13101134626ACC_CD
자료코드,2020,301,DT_403Y004,13102134626ACC_CD.20121AA,계정코드별,금속광물,13101134626ACC_CD
자료코드,2020,301,DT_403Y004,13102134626ACC_CD.201223AA,계정코드별,기타비금속광물,13101134626ACC_CD
자료코드,2020,301,DT_403Y004,13102134626ACC_CD.20122AA,계정코드별,비금속광물,13101134626ACC_CD
자료코드,2020,301,DT_403Y004,13102134626ACC_CD.2012AA,계정코드별,금속및비금속광물,13101134626ACC_CD
자료코드,2020,301,DT_403Y004,13102134626ACC_CD.201AA,계정코드별,광산품,13101134626ACC_CD
자료코드,2020,301,DT_403Y004,13102134626ACC_CD.2AA,계정코드별,광산품,13101134626ACC_CD
자료코드,2020,301,DT_403Y004,13102134626ACC_CD.301112AA,계정코드별,낙농품,13101134626ACC_CD
자료코드,2020,301,DT_403Y004,13102134626ACC_CD.30111AA,계정코드별,육가공품및낙농품,13101134626ACC_CD
자료코드,2020,301,DT_403Y004,13102134626ACC_CD.301121AA,계정코드별,수산물가공품,13101134626ACC_CD
자료코드,2020,301,DT_403Y004,13102134626ACC_CD.30112AA,계정코드별,수산가공품,13101134626ACC_CD
자료코드,2020,301,DT_403Y004,13102134626ACC_CD.301141AA,계정코드별,원당,13101134626ACC_CD
자료코드,2020,301,DT_403Y004,13102134626ACC_CD.30114AA,계정코드별,제당및전분,13101134626ACC_CD
자료코드,2025,301,DT_403Y004,13102134626ACC_CD.301151AA,계정코드별,떡빵및과자류,13101134626ACC_CD
자료코드,2025,301,DT_403Y004,13102134626ACC_CD.30115AA,계정코드별,떡과자및면류,13101134626ACC_CD
자료코드,2020,301,DT_403Y004,13102134626ACC_CD.301162AA,계정코드별,유지,13101134626ACC_CD
자료코드,2020,301,DT_403Y004,13102134626ACC_CD.30116AA,계정코드별,조미료및유지,13101134626ACC_CD
자료코드,2020,301,DT_403Y004,13102134626ACC_CD.301171AA,계정코드별,과실및채소가공품,13101134626ACC_CD
자료코드,2020,301,DT_403Y004,13102134626ACC_CD.301173AA,계정코드별,인삼및건강보조식품,13101134626ACC_CD
자료코드,2020,301,DT_403Y004,13102134626ACC_CD.30117AA,계정코드별,기타식료품,13101134626ACC_CD
자료코드,2020,301,DT_403Y004,13102134626ACC_CD.3011AA,계정코드별,식료품,13101134626ACC_CD
자료코드,2021,301,DT_403Y004,13102134626ACC_CD.301213AA,계정코드별,맥주,13101134626ACC_CD
자료코드,2020,301,DT_403Y004,13102134626ACC_CD.301214AA,계정코드별,기타주류,13101134626ACC_CD
자료코드,2020,301,DT_403Y004,13102134626ACC_CD.30121AA,계정코드별,주류,13101134626ACC_CD
자료코드,2020,301,DT_403Y004,13102134626ACC_CD.3012AA,계정코드별,음료품,13101134626ACC_CD
자료코드,2020,301,DT_403Y004,13102134626ACC_CD.301AA,계정코드별,음식료품,13101134626ACC_CD
자료코드,2020,301,DT_403Y004,13102134626ACC_CD.302111AA,계정코드별,천연및화학섬유사,13101134626ACC_CD
자료코드,2020,301,DT_403Y004,13102134626ACC_CD.30211AA,계정코드별,섬유사,13101134626ACC_CD
자료코드,2020,301,DT_403Y004,13102134626ACC_CD.302121AA,계정코드별,천연및화학섬유직물,13101134626ACC_CD
자료코드,2020,301,DT_403Y004,13102134626ACC_CD.30212AA,계정코드별,섬유직물,13101134626ACC_CD
자료코드,2020,301,DT_403Y004,13102134626ACC_CD.302132AA,계정코드별,부직포및펠트,13101134626ACC_CD
자료코드,2020,301,DT_403Y004,13102134626ACC_CD.30213AA,계정코드별,직물제품,13101134626ACC_CD
자료코드,2020,301,DT_403Y004,13102134626ACC_CD.302141AA,계정코드별,봉제의류,13101134626ACC_CD
자료코드,2020,301,DT_403Y004,13102134626ACC_CD.302142AA,계정코드별,편조의류,13101134626ACC_CD
자료코드,2020,301,DT_403Y004,13102134626ACC_CD.30214AA,계정코드별,의복제품,13101134626ACC_CD
자료코드,2020,301,DT_403Y004,13102134626ACC_CD.3021AA,계정코드별,섬유및의복,13101134626ACC_CD
자료코드,2020,301,DT_403Y004,13102134626ACC_CD.302211AA,계정코드별,가죽,13101134626ACC_CD
자료코드,2020,301,DT_403Y004,13102134626ACC_CD.302213AA,계정코드별,가방및핸드백,13101134626ACC_CD
자료코드,2020,301,DT_403Y004,13102134626ACC_CD.302214AA,계정코드별,신발,13101134626ACC_CD
자료코드,2020,301,DT_403Y004,13102134626ACC_CD.30221AA,계정코드별,가죽제품,13101134626ACC_CD
자료코드,2020,301,DT_403Y004,13102134626ACC_CD.3022AA,계정코드별,가죽제품,13101134626ACC_CD
자료코드,2020,301,DT_403Y004,13102134626ACC_CD.302AA,계정코드별,섬유및가죽제품,13101134626ACC_CD
자료코드,2020,301,DT_403Y004,13102134626ACC_CD.303111AA,계정코드별,제재목,13101134626ACC_CD
자료코드,2020,301,DT_403Y004,13102134626ACC_CD.303112AA,계정코드별,합판,13101134626ACC_CD
자료코드,2020,301,DT_403Y004,13102134626ACC_CD.303113AA,계정코드별,강화및재생목재,13101134626ACC_CD
자료코드,2020,301,DT_403Y004,13102134626ACC_CD.30311AA,계정코드별,목재,13101134626ACC_CD
자료코드,2020,301,DT_403Y004,13102134626ACC_CD.3031AA,계정코드별,목재및목제품,13101134626ACC_CD
자료코드,2020,301,DT_403Y004,13102134626ACC_CD.303211AA,계정코드별,펄프,13101134626ACC_CD
자료코드,2020,301,DT_403Y004,13102134626ACC_CD.30321AA,계정코드별,펄프,13101134626ACC_CD
자료코드,2020,301,DT_403Y004,13102134626ACC_CD.303221AA,계정코드별,인쇄용지,13101134626ACC_CD
자료코드,2020,301,DT_403Y004,13102134626ACC_CD.303222AA,계정코드별,기타원지및판지,13101134626ACC_CD
자료코드,2020,301,DT_403Y004,13102134626ACC_CD.30322AA,계정코드별,종이류,13101134626ACC_CD
자료코드,2020,301,DT_403Y004,13102134626ACC_CD.3032AA,계정코드별,펄프및종이제품,13101134626ACC_CD
자료코드,2020,301,DT_403Y004,13102134626ACC_CD.303AA,계정코드별,목재및종이제품,13101134626ACC_CD
자료코드,2020,301,DT_403Y004,13102134626ACC_CD.304111AA,계정코드별,석탄코크스및석탄관련제품,13101134626ACC_CD
자료코드,2020,301,DT_403Y004,13102134626ACC_CD.30411AA,계정코드별,석탄제품,13101134626ACC_CD
자료코드,2020,301,DT_403Y004,13102134626ACC_CD.304121AA,계정코드별,나프타,13101134626ACC_CD
자료코드,2020,301,DT_403Y004,13102134626ACC_CD.304123AA,계정코드별,제트유,13101134626ACC_CD
자료코드,2020,301,DT_403Y004,13102134626ACC_CD.304125AA,계정코드별,경유,13101134626ACC_CD
자료코드,2020,301,DT_403Y004,13102134626ACC_CD.304126AA,계정코드별,중유,13101134626ACC_CD
자료코드,2020,301,DT_403Y004,13102134626ACC_CD.304127AA,계정코드별,액화석유가스,13101134626ACC_CD
자료코드,2020,301,DT_403Y004,13102134626ACC_CD.304128AA,계정코드별,정제혼합용원료유,13101134626ACC_CD
자료코드,2020,301,DT_403Y004,13102134626ACC_CD.30412AA,계정코드별,원유정제처리제품,13101134626ACC_CD
자료코드,2020,301,DT_403Y004,13102134626ACC_CD.3041AA,계정코드별,석탄및석유제품,13101134626ACC_CD
자료코드,2020,301,DT_403Y004,13102134626ACC_CD.304AA,계정코드별,석탄및석유제품,13101134626ACC_CD
자료코드,2020,301,DT_403Y004,13102134626ACC_CD.305111AA,계정코드별,지방족기초유분,13101134626ACC_CD
자료코드,2020,301,DT_403Y004,13102134626ACC_CD.305112AA,계정코드별,방향족기초유분,13101134626ACC_CD
자료코드,2020,301,DT_403Y004,13102134626ACC_CD.305113AA,계정코드별,석유화학중간제품,13101134626ACC_CD
자료코드,2020,301,DT_403Y004,13102134626ACC_CD.305114AA,계정코드별,기타기초유기화합물,13101134626ACC_CD
자료코드,2020,301,DT_403Y004,13102134626ACC_CD.30511AA,계정코드별,기초유기화학물질,13101134626ACC_CD
자료코드,2020,301,DT_403Y004,13102134626ACC_CD.305122AA,계정코드별,기초무기화합물,13101134626ACC_CD
자료코드,2020,301,DT_403Y004,13102134626ACC_CD.305123AA,계정코드별,염료안료및유연제,13101134626ACC_CD
자료코드,2020,301,DT_403Y004,13102134626ACC_CD.30512AA,계정코드별,기초무기화학물질,13101134626ACC_CD
자료코드,2020,301,DT_403Y004,13102134626ACC_CD.3051AA,계정코드별,기초화학물질,13101134626ACC_CD
자료코드,2020,301,DT_403Y004,13102134626ACC_CD.305211AA,계정코드별,합성수지,13101134626ACC_CD
자료코드,2020,301,DT_403Y004,13102134626ACC_CD.305212AA,계정코드별,합성고무,13101134626ACC_CD
자료코드,2020,301,DT_403Y004,13102134626ACC_CD.30521AA,계정코드별,합성수지및합성고무,13101134626ACC_CD
자료코드,2020,301,DT_403Y004,13102134626ACC_CD.3052AA,계정코드별,합성수지및합성고무,13101134626ACC_CD
자료코드,2020,301,DT_403Y004,13102134626ACC_CD.305311AA,계정코드별,화학섬유,13101134626ACC_CD
자료코드,2020,301,DT_403Y004,13102134626ACC_CD.30531AA,계정코드별,화학섬유,13101134626ACC_CD
자료코드,2020,301,DT_403Y004,13102134626ACC_CD.3053AA,계정코드별,화학섬유,13101134626ACC_CD
자료코드,2020,301,DT_403Y004,13102134626ACC_CD.305411AA,계정코드별,의약품,13101134626ACC_CD
자료코드,2020,301,DT_403Y004,13102134626ACC_CD.30541AA,계정코드별,의약품,13101134626ACC_CD
자료코드,2020,301,DT_403Y004,13102134626ACC_CD.3054AA,계정코드별,의약품,13101134626ACC_CD
자료코드,2020,301,DT_403Y004,13102134626ACC_CD.305511AA,계정코드별,비료및질소화합물,13101134626ACC_CD
자료코드,2020,301,DT_403Y004,13102134626ACC_CD.30551AA,계정코드별,비료및농약,13101134626ACC_CD
자료코드,2020,301,DT_403Y004,13102134626ACC_CD.3055AA,계정코드별,비료및농약,13101134626ACC_CD
자료코드,2020,301,DT_403Y004,13102134626ACC_CD.305611AA,계정코드별,도료,13101134626ACC_CD
자료코드,2020,301,DT_403Y004,13102134626ACC_CD.30561AA,계정코드별,도료및잉크,13101134626ACC_CD
자료코드,2020,301,DT_403Y004,13102134626ACC_CD.305622AA,계정코드별,화장품,13101134626ACC_CD
자료코드,2020,301,DT_403Y004,13102134626ACC_CD.30562AA,계정코드별,비누및화장품,13101134626ACC_CD
자료코드,2020,301,DT_403Y004,13102134626ACC_CD.305631AA,계정코드별,접착제및젤라틴,13101134626ACC_CD
자료코드,2020,301,DT_403Y004,13102134626ACC_CD.305632AA,계정코드별,사진용화학제품및감광재료,13101134626ACC_CD
자료코드,2020,301,DT_403Y004,13102134626ACC_CD.305633AA,계정코드별,기타화학제품,13101134626ACC_CD
자료코드,2020,301,DT_403Y004,13102134626ACC_CD.30563AA,계정코드별,기타화학제품,13101134626ACC_CD
자료코드,2020,301,DT_403Y004,13102134626ACC_CD.3056AA,계정코드별,기타화학제품,13101134626ACC_CD
자료코드,2020,301,DT_403Y004,13102134626ACC_CD.305711AA,계정코드별,플라스틱1차제품,13101134626ACC_CD
자료코드,2020,301,DT_403Y004,13102134626ACC_CD.30571AA,계정코드별,플라스틱1차제품,13101134626ACC_CD
자료코드,2020,301,DT_403Y004,13102134626ACC_CD.3057AA,계정코드별,플라스틱제품,13101134626ACC_CD
자료코드,2020,301,DT_403Y004,13102134626ACC_CD.305811AA,계정코드별,타이어및튜브,13101134626ACC_CD
자료코드,2020,301,DT_403Y004,13102134626ACC_CD.30581AA,계정코드별,타이어및튜브,13101134626ACC_CD
자료코드,2020,301,DT_403Y004,13102134626ACC_CD.3058AA,계정코드별,고무제품,13101134626ACC_CD
자료코드,2020,301,DT_403Y004,13102134626ACC_CD.305AA,계정코드별,화학제품,13101134626ACC_CD
자료코드,2020,301,DT_403Y004,13102134626ACC_CD.306111AA,계정코드별,판유리및1차유리제품,13101134626ACC_CD
자료코드,2020,301,DT_403Y004,13102134626ACC_CD.306113AA,계정코드별,산업용유리제품(전자기기용제외),13101134626ACC_CD
자료코드,2020,301,DT_403Y004,13102134626ACC_CD.30611AA,계정코드별,유리및유리제품,13101134626ACC_CD
자료코드,2020,301,DT_403Y004,13102134626ACC_CD.3061AA,계정코드별,유리및유리제품,13101134626ACC_CD
자료코드,2020,301,DT_403Y004,13102134626ACC_CD.306242AA,계정코드별,석제품,13101134626ACC_CD
자료코드,2020,301,DT_403Y004,13102134626ACC_CD.306245AA,계정코드별,기타비금속광물제품,13101134626ACC_CD
자료코드,2020,301,DT_403Y004,13102134626ACC_CD.30624AA,계정코드별,기타비금속광물제품,13101134626ACC_CD
자료코드,2020,301,DT_403Y004,13102134626ACC_CD.3062AA,계정코드별,기타비금속광물제품,13101134626ACC_CD
자료코드,2020,301,DT_403Y004,13102134626ACC_CD.306AA,계정코드별,비금속광물제품,13101134626ACC_CD
자료코드,2020,301,DT_403Y004,13102134626ACC_CD.307111AA,계정코드별,선철,13101134626ACC_CD
자료코드,2020,301,DT_403Y004,13102134626ACC_CD.307112AA,계정코드별,합금철,13101134626ACC_CD
자료코드,2020,301,DT_403Y004,13102134626ACC_CD.307113AA,계정코드별,조강,13101134626ACC_CD
자료코드,2020,301,DT_403Y004,13102134626ACC_CD.30711AA,계정코드별,선철및조강,13101134626ACC_CD
자료코드,2020,301,DT_403Y004,13102134626ACC_CD.307121AA,계정코드별,철근및봉강,13101134626ACC_CD
자료코드,2020,301,DT_403Y004,13102134626ACC_CD.307122AA,계정코드별,형강,13101134626ACC_CD
자료코드,2020,301,DT_403Y004,13102134626ACC_CD.307124AA,계정코드별,중후판(두께3mm이상),13101134626ACC_CD
자료코드,2020,301,DT_403Y004,13102134626ACC_CD.307125AA,계정코드별,열연강판,13101134626ACC_CD
자료코드,2020,301,DT_403Y004,13102134626ACC_CD.307127AA,계정코드별,철강관,13101134626ACC_CD
자료코드,2020,301,DT_403Y004,13102134626ACC_CD.30712AA,계정코드별,열간압연강재,13101134626ACC_CD
자료코드,2020,301,DT_403Y004,13102134626ACC_CD.307131AA,계정코드별,냉간압연강재,13101134626ACC_CD
자료코드,2020,301,DT_403Y004,13102134626ACC_CD.30713AA,계정코드별,냉간압연강재,13101134626ACC_CD
자료코드,2020,301,DT_403Y004,13102134626ACC_CD.307141AA,계정코드별,표면처리강재,13101134626ACC_CD
자료코드,2020,301,DT_403Y004,13102134626ACC_CD.30714AA,계정코드별,기타철강1차제품,13101134626ACC_CD
자료코드,2020,301,DT_403Y004,13102134626ACC_CD.3071AA,계정코드별,철강1차제품,13101134626ACC_CD
자료코드,2020,301,DT_403Y004,13102134626ACC_CD.307211AA,계정코드별,동제련정련및합금제품,13101134626ACC_CD
자료코드,2020,301,DT_403Y004,13102134626ACC_CD.307212AA,계정코드별,알루미늄제련정련및합금제품,13101134626ACC_CD
자료코드,2020,301,DT_403Y004,13102134626ACC_CD.307213AA,계정코드별,연및아연제련정련및합금제품,13101134626ACC_CD
자료코드,2020,301,DT_403Y004,13102134626ACC_CD.307214AA,계정코드별,금은괴,13101134626ACC_CD
자료코드,2020,301,DT_403Y004,13102134626ACC_CD.307215AA,계정코드별,기타비철금속제련정련및합금제품,13101134626ACC_CD
자료코드,2020,301,DT_403Y004,13102134626ACC_CD.30721AA,계정코드별,비철금속괴,13101134626ACC_CD
자료코드,2020,301,DT_403Y004,13102134626ACC_CD.307221AA,계정코드별,동1차제품,13101134626ACC_CD
자료코드,2020,301,DT_403Y004,13102134626ACC_CD.307222AA,계정코드별,알루미늄1차제품,13101134626ACC_CD
자료코드,2020,301,DT_403Y004,13102134626ACC_CD.307223AA,계정코드별,기타비철금속1차제품,13101134626ACC_CD
자료코드,2020,301,DT_403Y004,13102134626ACC_CD.30722AA,계정코드별,비철금속1차제품,13101134626ACC_CD
자료코드,2020,301,DT_403Y004,13102134626ACC_CD.3072AA,계정코드별,비철금속괴및1차제품,13101134626ACC_CD
자료코드,2020,301,DT_403Y004,13102134626ACC_CD.307AA,계정코드별,1차금속제품,13101134626ACC_CD
자료코드,2020,301,DT_403Y004,13102134626ACC_CD.308143AA,계정코드별,공구류,13101134626ACC_CD
자료코드,2020,301,DT_403Y004,13102134626ACC_CD.308144AA,계정코드별,나사및철선제품,13101134626ACC_CD
자료코드,2020,301,DT_403Y004,13102134626ACC_CD.30814AA,계정코드별,기타금속가공제품,13101134626ACC_CD
자료코드,2020,301,DT_403Y004,13102134626ACC_CD.3081AA,계정코드별,금속가공제품,13101134626ACC_CD
자료코드,2020,301,DT_403Y004,13102134626ACC_CD.308AA,계정코드별,금속가공제품,13101134626ACC_CD
자료코드,2020,301,DT_403Y004,13102134626ACC_CD.309111AA,계정코드별,개별소자,13101134626ACC_CD
자료코드,2020,301,DT_403Y004,13102134626ACC_CD.309112AA,계정코드별,집적회로,13101134626ACC_CD
자료코드,2020,301,DT_403Y004,13102134626ACC_CD.30911AA,계정코드별,반도체,13101134626ACC_CD
자료코드,2020,301,DT_403Y004,13102134626ACC_CD.3091AA,계정코드별,반도체,13101134626ACC_CD
자료코드,2020,301,DT_403Y004,13102134626ACC_CD.309211AA,계정코드별,LCD평판디스플레이,13101134626ACC_CD
자료코드,2020,301,DT_403Y004,13102134626ACC_CD.30921AA,계정코드별,전자표시장치,13101134626ACC_CD
자료코드,2020,301,DT_403Y004,13102134626ACC_CD.3092AA,계정코드별,전자표시장치,13101134626ACC_CD
자료코드,2020,301,DT_403Y004,13102134626ACC_CD.309311AA,계정코드별,인쇄회로기판및실장기판,13101134626ACC_CD
자료코드,2020,301,DT_403Y004,13102134626ACC_CD.30931AA,계정코드별,인쇄회로기판,13101134626ACC_CD
자료코드,2020,301,DT_403Y004,13102134626ACC_CD.309321AA,계정코드별,축전기저항기전자코일및변성기,13101134626ACC_CD
자료코드,2020,301,DT_403Y004,13102134626ACC_CD.309322AA,계정코드별,기타전자부품,13101134626ACC_CD
자료코드,2020,301,DT_403Y004,13102134626ACC_CD.30932AA,계정코드별,기타전자부품,13101134626ACC_CD
자료코드,2020,301,DT_403Y004,13102134626ACC_CD.3093AA,계정코드별,기타전자부품,13101134626ACC_CD
자료코드,2020,301,DT_403Y004,13102134626ACC_CD.309411AA,계정코드별,컴퓨터,13101134626ACC_CD
자료코드,2020,301,DT_403Y004,13102134626ACC_CD.309412AA,계정코드별,컴퓨터기억장치,13101134626ACC_CD
자료코드,2020,301,DT_403Y004,13102134626ACC_CD.309413AA,계정코드별,컴퓨터주변기기,13101134626ACC_CD
자료코드,2020,301,DT_403Y004,13102134626ACC_CD.30941AA,계정코드별,컴퓨터및주변기기,13101134626ACC_CD
자료코드,2020,301,DT_403Y004,13102134626ACC_CD.3094AA,계정코드별,컴퓨터및주변기기,13101134626ACC_CD
자료코드,2020,301,DT_403Y004,13102134626ACC_CD.309511AA,계정코드별,유선통신기기,13101134626ACC_CD
자료코드,2020,301,DT_403Y004,13102134626ACC_CD.309512AA,계정코드별,이동전화기,13101134626ACC_CD
자료코드,2020,301,DT_403Y004,13102134626ACC_CD.309513AA,계정코드별,기타무선통신장비및방송장비,13101134626ACC_CD
자료코드,2020,301,DT_403Y004,13102134626ACC_CD.30951AA,계정코드별,통신및방송장비,13101134626ACC_CD
자료코드,2022,301,DT_403Y004,13102134626ACC_CD.309521AA,계정코드별,TV,13101134626ACC_CD
자료코드,2020,301,DT_403Y004,13102134626ACC_CD.309523AA,계정코드별,오디오및음향기기,13101134626ACC_CD
자료코드,2020,301,DT_403Y004,13102134626ACC_CD.30952AA,계정코드별,영상및음향기기,13101134626ACC_CD
자료코드,2020,301,DT_403Y004,13102134626ACC_CD.3095AA,계정코드별,통신방송및영상음향기기,13101134626ACC_CD
자료코드,2020,301,DT_403Y004,13102134626ACC_CD.309611AA,계정코드별,의료용기기,13101134626ACC_CD
자료코드,2020,301,DT_403Y004,13102134626ACC_CD.309612AA,계정코드별,측정및분석기기,13101134626ACC_CD
자료코드,2020,301,DT_403Y004,13102134626ACC_CD.30961AA,계정코드별,의료및측정기기,13101134626ACC_CD
자료코드,2020,301,DT_403Y004,13102134626ACC_CD.309621AA,계정코드별,사진기및영사기,13101134626ACC_CD
자료코드,2020,301,DT_403Y004,13102134626ACC_CD.309622AA,계정코드별,기타광학기기,13101134626ACC_CD
자료코드,2020,301,DT_403Y004,13102134626ACC_CD.309623AA,계정코드별,시계,13101134626ACC_CD
자료코드,2020,301,DT_403Y004,13102134626ACC_CD.30962AA,계정코드별,기타정밀기기,13101134626ACC_CD
자료코드,2020,301,DT_403Y004,13102134626ACC_CD.3096AA,계정코드별,정밀기기,13101134626ACC_CD
자료코드,2020,301,DT_403Y004,13102134626ACC_CD.309AA,계정코드별,컴퓨터전자및광학기기,13101134626ACC_CD
자료코드,2020,301,DT_403Y004,13102134626ACC_CD.310111AA,계정코드별,발전기및전동기,13101134626ACC_CD
자료코드,2020,301,DT_403Y004,13102134626ACC_CD.31011AA,계정코드별,발전기및전동기,13101134626ACC_CD
자료코드,2020,301,DT_403Y004,13102134626ACC_CD.310122AA,계정코드별,전기변환장치,13101134626ACC_CD
자료코드,2020,301,DT_403Y004,13102134626ACC_CD.310123AA,계정코드별,전기회로개폐및접속장치,13101134626ACC_CD
자료코드,2020,301,DT_403Y004,13102134626ACC_CD.310124AA,계정코드별,배전반및전기자동제어반,13101134626ACC_CD
자료코드,2020,301,DT_403Y004,13102134626ACC_CD.31012AA,계정코드별,전기변환.공급제어장치,13101134626ACC_CD
자료코드,2020,301,DT_403Y004,13102134626ACC_CD.310131AA,계정코드별,전지,13101134626ACC_CD
자료코드,2020,301,DT_403Y004,13102134626ACC_CD.31013AA,계정코드별,전지,13101134626ACC_CD
자료코드,2020,301,DT_403Y004,13102134626ACC_CD.310141AA,계정코드별,전선및케이블,13101134626ACC_CD
자료코드,2020,301,DT_403Y004,13102134626ACC_CD.31014AA,계정코드별,전선및케이블,13101134626ACC_CD
자료코드,2021,301,DT_403Y004,13102134626ACC_CD.310152AA,계정코드별,주방용및난방용전기기기,13101134626ACC_CD
자료코드,2020,301,DT_403Y004,13102134626ACC_CD.310153AA,계정코드별,기타가정용전기기기,13101134626ACC_CD
자료코드,2020,301,DT_403Y004,13102134626ACC_CD.31015AA,계정코드별,가정용전기기기,13101134626ACC_CD
자료코드,2020,301,DT_403Y004,13102134626ACC_CD.310161AA,계정코드별,전구및램프,13101134626ACC_CD
자료코드,2020,301,DT_403Y004,13102134626ACC_CD.310163AA,계정코드별,기타전기장비,13101134626ACC_CD
자료코드,2020,301,DT_403Y004,13102134626ACC_CD.31016AA,계정코드별,기타전기장비,13101134626ACC_CD
자료코드,2020,301,DT_403Y004,13102134626ACC_CD.3101AA,계정코드별,전기장비,13101134626ACC_CD
자료코드,2020,301,DT_403Y004,13102134626ACC_CD.310AA,계정코드별,전기장비,13101134626ACC_CD
자료코드,2020,301,DT_403Y004,13102134626ACC_CD.311111AA,계정코드별,내연기관및터빈,13101134626ACC_CD
자료코드,2020,301,DT_403Y004,13102134626ACC_CD.31111AA,계정코드별,내연기관및터빈,13101134626ACC_CD
자료코드,2020,301,DT_403Y004,13102134626ACC_CD.311121AA,계정코드별,펌프및압축기,13101134626ACC_CD
자료코드,2020,301,DT_403Y004,13102134626ACC_CD.31112AA,계정코드별,펌프및압축기,13101134626ACC_CD
자료코드,2020,301,DT_403Y004,13102134626ACC_CD.311131AA,계정코드별,밸브,13101134626ACC_CD
자료코드,2020,301,DT_403Y004,13102134626ACC_CD.311132AA,계정코드별,베어링기어및동력전달장치,13101134626ACC_CD
자료코드,2020,301,DT_403Y004,13102134626ACC_CD.31113AA,계정코드별,일반목적용기계부품,13101134626ACC_CD
자료코드,2020,301,DT_403Y004,13102134626ACC_CD.311141AA,계정코드별,산업용운반기계,13101134626ACC_CD
자료코드,2020,301,DT_403Y004,13102134626ACC_CD.31114AA,계정코드별,산업용운반기계,13101134626ACC_CD
자료코드,2020,301,DT_403Y004,13102134626ACC_CD.311151AA,계정코드별,공기조절장치및냉장냉동장비,13101134626ACC_CD
자료코드,2020,301,DT_403Y004,13102134626ACC_CD.311152AA,계정코드별,공기및액체여과기,13101134626ACC_CD
자료코드,2020,301,DT_403Y004,13102134626ACC_CD.31115AA,계정코드별,공기및액체조절장치,13101134626ACC_CD
자료코드,2020,301,DT_403Y004,13102134626ACC_CD.311162AA,계정코드별,기타일반목적용기계,13101134626ACC_CD
자료코드,2020,301,DT_403Y004,13102134626ACC_CD.31116AA,계정코드별,기타일반목적용기계,13101134626ACC_CD
자료코드,2020,301,DT_403Y004,13102134626ACC_CD.3111AA,계정코드별,일반목적용기계,13101134626ACC_CD
자료코드,2020,301,DT_403Y004,13102134626ACC_CD.311221AA,계정코드별,금속가공용기계,13101134626ACC_CD
자료코드,2020,301,DT_403Y004,13102134626ACC_CD.31122AA,계정코드별,금속가공용기계,13101134626ACC_CD
자료코드,2020,301,DT_403Y004,13102134626ACC_CD.311241AA,계정코드별,반도체제조용기계,13101134626ACC_CD
자료코드,2020,301,DT_403Y004,13102134626ACC_CD.311242AA,계정코드별,디스플레이제조용기계,13101134626ACC_CD
자료코드,2020,301,DT_403Y004,13102134626ACC_CD.31124AA,계정코드별,반도체및디스플레이제조용기계,13101134626ACC_CD
자료코드,2020,301,DT_403Y004,13102134626ACC_CD.311253AA,계정코드별,산업용로봇,13101134626ACC_CD
자료코드,2020,301,DT_403Y004,13102134626ACC_CD.311254AA,계정코드별,제지및인쇄기계,13101134626ACC_CD
자료코드,2020,301,DT_403Y004,13102134626ACC_CD.31125AA,계정코드별,기타특수목적용기계,13101134626ACC_CD
자료코드,2020,301,DT_403Y004,13102134626ACC_CD.3112AA,계정코드별,특수목적용기계,13101134626ACC_CD
자료코드,2020,301,DT_403Y004,13102134626ACC_CD.311AA,계정코드별,기계및장비,13101134626ACC_CD
자료코드,2020,301,DT_403Y004,13102134626ACC_CD.312111AA,계정코드별,승용차,13101134626ACC_CD
자료코드,2020,301,DT_403Y004,13102134626ACC_CD.312113AA,계정코드별,트럭,13101134626ACC_CD
자료코드,2020,301,DT_403Y004,13102134626ACC_CD.31211AA,계정코드별,자동차,13101134626ACC_CD
자료코드,2020,301,DT_403Y004,13102134626ACC_CD.312131AA,계정코드별,자동차용엔진,13101134626ACC_CD
자료코드,2020,301,DT_403Y004,13102134626ACC_CD.312132AA,계정코드별,자동차부분품,13101134626ACC_CD
자료코드,2020,301,DT_403Y004,13102134626ACC_CD.31213AA,계정코드별,자동차부품,13101134626ACC_CD
자료코드,2020,301,DT_403Y004,13102134626ACC_CD.3121AA,계정코드별,자동차및부품,13101134626ACC_CD
자료코드,2021,301,DT_403Y004,13102134626ACC_CD.312211AA,계정코드별,모터사이클,13101134626ACC_CD
자료코드,2021,301,DT_403Y004,13102134626ACC_CD.31221AA,계정코드별,기타운송장비,13101134626ACC_CD
자료코드,2021,301,DT_403Y004,13102134626ACC_CD.3122AA,계정코드별,기타운송장비,13101134626ACC_CD
자료코드,2020,301,DT_403Y004,13102134626ACC_CD.312AA,계정코드별,운송장비,13101134626ACC_CD
자료코드,2020,301,DT_403Y004,13102134626ACC_CD.313113AA,계정코드별,기타가구,13101134626ACC_CD
자료코드,2020,301,DT_403Y004,13102134626ACC_CD.31311AA,계정코드별,가구,13101134626ACC_CD
자료코드,2020,301,DT_403Y004,13102134626ACC_CD.313121AA,계정코드별,장난감및오락용품,13101134626ACC_CD
자료코드,2020,301,DT_403Y004,13102134626ACC_CD.313122AA,계정코드별,운동및경기용품,13101134626ACC_CD
자료코드,2020,301,DT_403Y004,13102134626ACC_CD.31312AA,계정코드별,기타제조업제품,13101134626ACC_CD
자료코드,2020,301,DT_403Y004,13102134626ACC_CD.3131AA,계정코드별,기타제조업제품,13101134626ACC_CD
자료코드,2020,301,DT_403Y004,13102134626ACC_CD.313AA,계정코드별,기타제조업제품,13101134626ACC_CD
자료코드,2020,301,DT_403Y004,13102134626ACC_CD.3AA,계정코드별,공산품,13101134626ACC_CD
통계표,"1) 수출입물가지수와 포괄범위를 일치시키기 위해 통관금액 중 선박, 무기류, 항공기, 예술품 등의 수출입액을 제외하여 금액지수를 작성하기 때문에 수출입금액지수는 산업통상자원부가 매월 공표하는 수출입동향의 금액 움직임과 다를 수 있음",301,DT_403Y001,,,,
통계표,"
       ",301,DT_403Y001,,,,
통계표,"
2) 시차적용 수출입물가지수의 이용으로 인해 수출입금액지수를 수출입물량지수로 나누었을 때 산출되는 값과 매월 공표되는 수출입물가지수는 일치하지 않을 수 있음",301,DT_403Y001,,,,
통계표,"
      ",301,DT_403Y001,,,,
통계표,"
3) 1988년 1월부터 1999년 12월 수출금액(물량)지수 및 수입금액(물량)지수 시계열은 중분류* 수준으로 수록",301,DT_403Y001,,,,
통계표,"
         ",301,DT_403Y001,,,,
통계표,"
* 농림수산품, 광산품(수입), 공산품, 음식료품, 섬유및가죽제품, 목재및종이제품, 석탄및석유제품, 화학제품, 비금속광물제품, 1차금속제품, 금속가공제품, 컴퓨터·전자및광학기기, 전기장비, 기계및장비, 운송장비, 기타제조업제품",301,DT_403Y001,,,,
통계표,"
      ",301,DT_403Y001,,,,
통계표,"
 4) 당월 무역지수 및 교역조건지수는 잠정치(preliminary)이며 익월 지수 공표시 수정될 수 있음. 또한, 해당연도 지수는 수출입통관자료 등이 확정되는 익년도 2월 보도자료 공표시 확정(익년 3월중)",301,DT_403Y001,,,,
통계표,"
",301,DT_403Y001,,,,
통계표,"
 5) 무역지수 및 교역조건지수는 '달러기준' 수출입통관자료 및 물가지수를 이용하여 작성됨.",301,DT_403Y001,,,,
자료코드,2020,301,DT_403Y001,13102134671ACC_CD.*AA,계정코드별,총지수,13101134671ACC_CD
자료코드,2020,301,DT_403Y001,13102134671ACC_CD.101122AA,계정코드별,과일,13101134671ACC_CD
자료코드,2020,301,DT_403Y001,13102134671ACC_CD.10112AA,계정코드별,채소및과실,13101134671ACC_CD
자료코드,2020,301,DT_403Y001,13102134671ACC_CD.1011AA,계정코드별,농산물,13101134671ACC_CD
자료코드,2020,301,DT_403Y001,13102134671ACC_CD.101411AA,계정코드별,신선수산물,13101134671ACC_CD
자료코드,2020,301,DT_403Y001,13102134671ACC_CD.10141AA,계정코드별,신선수산물,13101134671ACC_CD
자료코드,2020,301,DT_403Y001,13102134671ACC_CD.101421AA,계정코드별,냉동수산물,13101134671ACC_CD
자료코드,2020,301,DT_403Y001,13102134671ACC_CD.10142AA,계정코드별,냉동건조수산물,13101134671ACC_CD
자료코드,2020,301,DT_403Y001,13102134671ACC_CD.1014AA,계정코드별,수산물,13101134671ACC_CD
자료코드,2020,301,DT_403Y001,13102134671ACC_CD.101AA,계정코드별,농림수산품,13101134671ACC_CD
자료코드,2020,301,DT_403Y001,13102134671ACC_CD.1AA,계정코드별,농림수산품,13101134671ACC_CD
자료코드,2020,301,DT_403Y001,13102134671ACC_CD.301121AA,계정코드별,수산물가공품,13101134671ACC_CD
자료코드,2020,301,DT_403Y001,13102134671ACC_CD.30112AA,계정코드별,수산가공품,13101134671ACC_CD
자료코드,2020,301,DT_403Y001,13102134671ACC_CD.301142AA,계정코드별,정제당,13101134671ACC_CD
자료코드,2020,301,DT_403Y001,13102134671ACC_CD.30114AA,계정코드별,제당및전분,13101134671ACC_CD
자료코드,2020,301,DT_403Y001,13102134671ACC_CD.301152AA,계정코드별,면류,13101134671ACC_CD
자료코드,2020,301,DT_403Y001,13102134671ACC_CD.30115AA,계정코드별,떡과자및면류,13101134671ACC_CD
자료코드,2020,301,DT_403Y001,13102134671ACC_CD.301173AA,계정코드별,인삼및건강보조식품,13101134671ACC_CD
자료코드,2020,301,DT_403Y001,13102134671ACC_CD.30117AA,계정코드별,기타식료품,13101134671ACC_CD
자료코드,2020,301,DT_403Y001,13102134671ACC_CD.3011AA,계정코드별,식료품,13101134671ACC_CD
자료코드,2020,301,DT_403Y001,13102134671ACC_CD.301311AA,계정코드별,담배,13101134671ACC_CD
자료코드,2020,301,DT_403Y001,13102134671ACC_CD.30131AA,계정코드별,담배,13101134671ACC_CD
자료코드,2020,301,DT_403Y001,13102134671ACC_CD.3013AA,계정코드별,담배,13101134671ACC_CD
자료코드,2020,301,DT_403Y001,13102134671ACC_CD.301AA,계정코드별,음식료품,13101134671ACC_CD
자료코드,2020,301,DT_403Y001,13102134671ACC_CD.302111AA,계정코드별,천연및화학섬유사,13101134671ACC_CD
자료코드,2020,301,DT_403Y001,13102134671ACC_CD.30211AA,계정코드별,섬유사,13101134671ACC_CD
자료코드,2020,301,DT_403Y001,13102134671ACC_CD.302121AA,계정코드별,천연및화학섬유직물,13101134671ACC_CD
자료코드,2020,301,DT_403Y001,13102134671ACC_CD.302123AA,계정코드별,편조원단,13101134671ACC_CD
자료코드,2020,301,DT_403Y001,13102134671ACC_CD.30212AA,계정코드별,섬유직물,13101134671ACC_CD
자료코드,2020,301,DT_403Y001,13102134671ACC_CD.302132AA,계정코드별,부직포및펠트,13101134671ACC_CD
자료코드,2020,301,DT_403Y001,13102134671ACC_CD.302133AA,계정코드별,기타섬유제품,13101134671ACC_CD
자료코드,2020,301,DT_403Y001,13102134671ACC_CD.30213AA,계정코드별,직물제품,13101134671ACC_CD
자료코드,2020,301,DT_403Y001,13102134671ACC_CD.302141AA,계정코드별,봉제의류,13101134671ACC_CD
자료코드,2020,301,DT_403Y001,13102134671ACC_CD.302142AA,계정코드별,편조의류,13101134671ACC_CD
자료코드,2020,301,DT_403Y001,13102134671ACC_CD.302145AA,계정코드별,의복관련장신품,13101134671ACC_CD
자료코드,2020,301,DT_403Y001,13102134671ACC_CD.30214AA,계정코드별,의복제품,13101134671ACC_CD
자료코드,2020,301,DT_403Y001,13102134671ACC_CD.3021AA,계정코드별,섬유및의복,13101134671ACC_CD
자료코드,2020,301,DT_403Y001,13102134671ACC_CD.302211AA,계정코드별,가죽,13101134671ACC_CD
자료코드,2020,301,DT_403Y001,13102134671ACC_CD.302213AA,계정코드별,가방및핸드백,13101134671ACC_CD
자료코드,2020,301,DT_403Y001,13102134671ACC_CD.302214AA,계정코드별,신발,13101134671ACC_CD
자료코드,2020,301,DT_403Y001,13102134671ACC_CD.30221AA,계정코드별,가죽제품,13101134671ACC_CD
자료코드,2020,301,DT_403Y001,13102134671ACC_CD.3022AA,계정코드별,가죽제품,13101134671ACC_CD
자료코드,2020,301,DT_403Y001,13102134671ACC_CD.302AA,계정코드별,섬유및가죽제품,13101134671ACC_CD
자료코드,2020,301,DT_403Y001,13102134671ACC_CD.303221AA,계정코드별,인쇄용지,13101134671ACC_CD
자료코드,2020,301,DT_403Y001,13102134671ACC_CD.30322AA,계정코드별,종이류,13101134671ACC_CD
자료코드,2020,301,DT_403Y001,13102134671ACC_CD.3032AA,계정코드별,펄프및종이제품,13101134671ACC_CD
자료코드,2020,301,DT_403Y001,13102134671ACC_CD.303AA,계정코드별,목재및종이제품,13101134671ACC_CD
자료코드,2020,301,DT_403Y001,13102134671ACC_CD.304121AA,계정코드별,나프타,13101134671ACC_CD
자료코드,2020,301,DT_403Y001,13102134671ACC_CD.304122AA,계정코드별,휘발유,13101134671ACC_CD
자료코드,2020,301,DT_403Y001,13102134671ACC_CD.304123AA,계정코드별,제트유,13101134671ACC_CD
자료코드,2020,301,DT_403Y001,13102134671ACC_CD.304124AA,계정코드별,등유,13101134671ACC_CD
자료코드,2020,301,DT_403Y001,13102134671ACC_CD.304125AA,계정코드별,경유,13101134671ACC_CD
자료코드,2020,301,DT_403Y001,13102134671ACC_CD.304126AA,계정코드별,중유,13101134671ACC_CD
자료코드,2020,301,DT_403Y001,13102134671ACC_CD.304128AA,계정코드별,정제혼합용원료유,13101134671ACC_CD
자료코드,2020,301,DT_403Y001,13102134671ACC_CD.30412AA,계정코드별,원유정제처리제품,13101134671ACC_CD
자료코드,2020,301,DT_403Y001,13102134671ACC_CD.304131AA,계정코드별,윤활유및그리스,13101134671ACC_CD
자료코드,2020,301,DT_403Y001,13102134671ACC_CD.304132AA,계정코드별,기타석유정제제품,13101134671ACC_CD
자료코드,2020,301,DT_403Y001,13102134671ACC_CD.30413AA,계정코드별,윤활유및기타석유정제품,13101134671ACC_CD
자료코드,2020,301,DT_403Y001,13102134671ACC_CD.3041AA,계정코드별,석탄및석유제품,13101134671ACC_CD
자료코드,2020,301,DT_403Y001,13102134671ACC_CD.304AA,계정코드별,석탄및석유제품,13101134671ACC_CD
자료코드,2020,301,DT_403Y001,13102134671ACC_CD.305111AA,계정코드별,지방족기초유분,13101134671ACC_CD
자료코드,2020,301,DT_403Y001,13102134671ACC_CD.305112AA,계정코드별,방향족기초유분,13101134671ACC_CD
자료코드,2020,301,DT_403Y001,13102134671ACC_CD.305113AA,계정코드별,석유화학중간제품,13101134671ACC_CD
자료코드,2020,301,DT_403Y001,13102134671ACC_CD.305114AA,계정코드별,기타기초유기화합물,13101134671ACC_CD
자료코드,2020,301,DT_403Y001,13102134671ACC_CD.30511AA,계정코드별,기초유기화학물질,13101134671ACC_CD
자료코드,2020,301,DT_403Y001,13102134671ACC_CD.305122AA,계정코드별,기초무기화합물,13101134671ACC_CD
자료코드,2020,301,DT_403Y001,13102134671ACC_CD.30512AA,계정코드별,기초무기화학물질,13101134671ACC_CD
자료코드,2020,301,DT_403Y001,13102134671ACC_CD.3051AA,계정코드별,기초화학물질,13101134671ACC_CD
자료코드,2020,301,DT_403Y001,13102134671ACC_CD.305211AA,계정코드별,합성수지,13101134671ACC_CD
자료코드,2020,301,DT_403Y001,13102134671ACC_CD.305212AA,계정코드별,합성고무,13101134671ACC_CD
자료코드,2020,301,DT_403Y001,13102134671ACC_CD.30521AA,계정코드별,합성수지및합성고무,13101134671ACC_CD
자료코드,2020,301,DT_403Y001,13102134671ACC_CD.3052AA,계정코드별,합성수지및합성고무,13101134671ACC_CD
자료코드,2020,301,DT_403Y001,13102134671ACC_CD.305311AA,계정코드별,화학섬유,13101134671ACC_CD
자료코드,2020,301,DT_403Y001,13102134671ACC_CD.30531AA,계정코드별,화학섬유,13101134671ACC_CD
자료코드,2020,301,DT_403Y001,13102134671ACC_CD.3053AA,계정코드별,화학섬유,13101134671ACC_CD
자료코드,2020,301,DT_403Y001,13102134671ACC_CD.305411AA,계정코드별,의약품,13101134671ACC_CD
자료코드,2020,301,DT_403Y001,13102134671ACC_CD.30541AA,계정코드별,의약품,13101134671ACC_CD
자료코드,2020,301,DT_403Y001,13102134671ACC_CD.3054AA,계정코드별,의약품,13101134671ACC_CD
자료코드,2020,301,DT_403Y001,13102134671ACC_CD.305511AA,계정코드별,비료및질소화합물,13101134671ACC_CD
자료코드,2020,301,DT_403Y001,13102134671ACC_CD.30551AA,계정코드별,비료및농약,13101134671ACC_CD
자료코드,2020,301,DT_403Y001,13102134671ACC_CD.3055AA,계정코드별,비료및농약,13101134671ACC_CD
자료코드,2020,301,DT_403Y001,13102134671ACC_CD.305611AA,계정코드별,도료,13101134671ACC_CD
자료코드,2020,301,DT_403Y001,13102134671ACC_CD.30561AA,계정코드별,도료및잉크,13101134671ACC_CD
자료코드,2020,301,DT_403Y001,13102134671ACC_CD.305621AA,계정코드별,비누세제및치약,13101134671ACC_CD
자료코드,2020,301,DT_403Y001,13102134671ACC_CD.305622AA,계정코드별,화장품,13101134671ACC_CD
자료코드,2020,301,DT_403Y001,13102134671ACC_CD.30562AA,계정코드별,비누및화장품,13101134671ACC_CD
자료코드,2020,301,DT_403Y001,13102134671ACC_CD.305631AA,계정코드별,접착제및젤라틴,13101134671ACC_CD
자료코드,2020,301,DT_403Y001,13102134671ACC_CD.305633AA,계정코드별,기타화학제품,13101134671ACC_CD
자료코드,2020,301,DT_403Y001,13102134671ACC_CD.30563AA,계정코드별,기타화학제품,13101134671ACC_CD
자료코드,2020,301,DT_403Y001,13102134671ACC_CD.3056AA,계정코드별,기타화학제품,13101134671ACC_CD
자료코드,2020,301,DT_403Y001,13102134671ACC_CD.305711AA,계정코드별,플라스틱1차제품,13101134671ACC_CD
자료코드,2020,301,DT_403Y001,13102134671ACC_CD.30571AA,계정코드별,플라스틱1차제품,13101134671ACC_CD
자료코드,2020,301,DT_403Y001,13102134671ACC_CD.305722AA,계정코드별,포장용플라스틱제품,13101134671ACC_CD
자료코드,2020,301,DT_403Y001,13102134671ACC_CD.30572AA,계정코드별,기타플라스틱제품,13101134671ACC_CD
자료코드,2020,301,DT_403Y001,13102134671ACC_CD.3057AA,계정코드별,플라스틱제품,13101134671ACC_CD
자료코드,2020,301,DT_403Y001,13102134671ACC_CD.305811AA,계정코드별,타이어및튜브,13101134671ACC_CD
자료코드,2020,301,DT_403Y001,13102134671ACC_CD.30581AA,계정코드별,타이어및튜브,13101134671ACC_CD
자료코드,2020,301,DT_403Y001,13102134671ACC_CD.305821AA,계정코드별,산업용고무제품,13101134671ACC_CD
자료코드,2020,301,DT_403Y001,13102134671ACC_CD.30582AA,계정코드별,기타고무제품,13101134671ACC_CD
자료코드,2020,301,DT_403Y001,13102134671ACC_CD.3058AA,계정코드별,고무제품,13101134671ACC_CD
자료코드,2020,301,DT_403Y001,13102134671ACC_CD.305AA,계정코드별,화학제품,13101134671ACC_CD
자료코드,2020,301,DT_403Y001,13102134671ACC_CD.306221AA,계정코드별,시멘트,13101134671ACC_CD
자료코드,2020,301,DT_403Y001,13102134671ACC_CD.30622AA,계정코드별,시멘트,13101134671ACC_CD
자료코드,2020,301,DT_403Y001,13102134671ACC_CD.306243AA,계정코드별,연마재,13101134671ACC_CD
자료코드,2020,301,DT_403Y001,13102134671ACC_CD.30624AA,계정코드별,기타비금속광물제품,13101134671ACC_CD
자료코드,2020,301,DT_403Y001,13102134671ACC_CD.3062AA,계정코드별,기타비금속광물제품,13101134671ACC_CD
자료코드,2020,301,DT_403Y001,13102134671ACC_CD.306AA,계정코드별,비금속광물제품,13101134671ACC_CD
자료코드,2020,301,DT_403Y001,13102134671ACC_CD.307112AA,계정코드별,합금철,13101134671ACC_CD
자료코드,2020,301,DT_403Y001,13102134671ACC_CD.307113AA,계정코드별,조강,13101134671ACC_CD
자료코드,2020,301,DT_403Y001,13102134671ACC_CD.30711AA,계정코드별,선철및조강,13101134671ACC_CD
자료코드,2020,301,DT_403Y001,13102134671ACC_CD.307121AA,계정코드별,철근및봉강,13101134671ACC_CD
자료코드,2020,301,DT_403Y001,13102134671ACC_CD.307122AA,계정코드별,형강,13101134671ACC_CD
자료코드,2020,301,DT_403Y001,13102134671ACC_CD.307124AA,계정코드별,중후판(두께3mm이상),13101134671ACC_CD
자료코드,2020,301,DT_403Y001,13102134671ACC_CD.307125AA,계정코드별,열연강판,13101134671ACC_CD
자료코드,2026,301,DT_403Y001,13102134671ACC_CD.307126AA,계정코드별,강선,13101134671ACC_CD
자료코드,2020,301,DT_403Y001,13102134671ACC_CD.307127AA,계정코드별,철강관,13101134671ACC_CD
자료코드,2020,301,DT_403Y001,13102134671ACC_CD.30712AA,계정코드별,열간압연강재,13101134671ACC_CD
자료코드,2020,301,DT_403Y001,13102134671ACC_CD.307131AA,계정코드별,냉간압연강재,13101134671ACC_CD
자료코드,2020,301,DT_403Y001,13102134671ACC_CD.30713AA,계정코드별,냉간압연강재,13101134671ACC_CD
자료코드,2020,301,DT_403Y001,13102134671ACC_CD.307141AA,계정코드별,표면처리강재,13101134671ACC_CD
자료코드,2020,301,DT_403Y001,13102134671ACC_CD.30714AA,계정코드별,기타철강1차제품,13101134671ACC_CD
자료코드,2020,301,DT_403Y001,13102134671ACC_CD.3071AA,계정코드별,철강1차제품,13101134671ACC_CD
자료코드,2020,301,DT_403Y001,13102134671ACC_CD.307211AA,계정코드별,동제련정련및합금제품,13101134671ACC_CD
자료코드,2020,301,DT_403Y001,13102134671ACC_CD.307213AA,계정코드별,연및아연제련정련및합금제품,13101134671ACC_CD
자료코드,2020,301,DT_403Y001,13102134671ACC_CD.307214AA,계정코드별,금은괴,13101134671ACC_CD
자료코드,2020,301,DT_403Y001,13102134671ACC_CD.307215AA,계정코드별,기타비철금속제련정련및합금제품,13101134671ACC_CD
자료코드,2020,301,DT_403Y001,13102134671ACC_CD.30721AA,계정코드별,비철금속괴,13101134671ACC_CD
자료코드,2020,301,DT_403Y001,13102134671ACC_CD.307221AA,계정코드별,동1차제품,13101134671ACC_CD
자료코드,2020,301,DT_403Y001,13102134671ACC_CD.307222AA,계정코드별,알루미늄1차제품,13101134671ACC_CD
자료코드,2020,301,DT_403Y001,13102134671ACC_CD.30722AA,계정코드별,비철금속1차제품,13101134671ACC_CD
자료코드,2020,301,DT_403Y001,13102134671ACC_CD.3072AA,계정코드별,비철금속괴및1차제품,13101134671ACC_CD
자료코드,2020,301,DT_403Y001,13102134671ACC_CD.307AA,계정코드별,1차금속제품,13101134671ACC_CD
자료코드,2020,301,DT_403Y001,13102134671ACC_CD.308112AA,계정코드별,금속제탱크및압력용기,13101134671ACC_CD
자료코드,2020,301,DT_403Y001,13102134671ACC_CD.30811AA,계정코드별,구조용금속제품및탱크,13101134671ACC_CD
자료코드,2020,301,DT_403Y001,13102134671ACC_CD.308142AA,계정코드별,부착용금속제품,13101134671ACC_CD
자료코드,2020,301,DT_403Y001,13102134671ACC_CD.308143AA,계정코드별,공구류,13101134671ACC_CD
자료코드,2020,301,DT_403Y001,13102134671ACC_CD.308144AA,계정코드별,나사및철선제품,13101134671ACC_CD
자료코드,2020,301,DT_403Y001,13102134671ACC_CD.308146AA,계정코드별,기타금속제품,13101134671ACC_CD
자료코드,2020,301,DT_403Y001,13102134671ACC_CD.30814AA,계정코드별,기타금속가공제품,13101134671ACC_CD
자료코드,2020,301,DT_403Y001,13102134671ACC_CD.3081AA,계정코드별,금속가공제품,13101134671ACC_CD
자료코드,2020,301,DT_403Y001,13102134671ACC_CD.308AA,계정코드별,금속가공제품,13101134671ACC_CD
자료코드,2020,301,DT_403Y001,13102134671ACC_CD.309111AA,계정코드별,개별소자,13101134671ACC_CD
자료코드,2020,301,DT_403Y001,13102134671ACC_CD.309112AA,계정코드별,집적회로,13101134671ACC_CD
자료코드,2020,301,DT_403Y001,13102134671ACC_CD.30911AA,계정코드별,반도체,13101134671ACC_CD
자료코드,2020,301,DT_403Y001,13102134671ACC_CD.3091AA,계정코드별,반도체,13101134671ACC_CD
자료코드,2020,301,DT_403Y001,13102134671ACC_CD.309211AA,계정코드별,LCD평판디스플레이,13101134671ACC_CD
자료코드,2020,301,DT_403Y001,13102134671ACC_CD.309212AA,계정코드별,기타전자표시장치,13101134671ACC_CD
자료코드,2020,301,DT_403Y001,13102134671ACC_CD.30921AA,계정코드별,전자표시장치,13101134671ACC_CD
자료코드,2020,301,DT_403Y001,13102134671ACC_CD.3092AA,계정코드별,전자표시장치,13101134671ACC_CD
자료코드,2020,301,DT_403Y001,13102134671ACC_CD.309311AA,계정코드별,인쇄회로기판및실장기판,13101134671ACC_CD
자료코드,2020,301,DT_403Y001,13102134671ACC_CD.30931AA,계정코드별,인쇄회로기판,13101134671ACC_CD
자료코드,2020,301,DT_403Y001,13102134671ACC_CD.309321AA,계정코드별,축전기저항기전자코일및변성기,13101134671ACC_CD
자료코드,2020,301,DT_403Y001,13102134671ACC_CD.30932AA,계정코드별,기타전자부품,13101134671ACC_CD
자료코드,2020,301,DT_403Y001,13102134671ACC_CD.3093AA,계정코드별,기타전자부품,13101134671ACC_CD
자료코드,2020,301,DT_403Y001,13102134671ACC_CD.309412AA,계정코드별,컴퓨터기억장치,13101134671ACC_CD
자료코드,2020,301,DT_403Y001,13102134671ACC_CD.309413AA,계정코드별,컴퓨터주변기기,13101134671ACC_CD
자료코드,2020,301,DT_403Y001,13102134671ACC_CD.30941AA,계정코드별,컴퓨터및주변기기,13101134671ACC_CD
자료코드,2020,301,DT_403Y001,13102134671ACC_CD.3094AA,계정코드별,컴퓨터및주변기기,13101134671ACC_CD
자료코드,2020,301,DT_403Y001,13102134671ACC_CD.309512AA,계정코드별,이동전화기,13101134671ACC_CD
자료코드,2020,301,DT_403Y001,13102134671ACC_CD.309513AA,계정코드별,기타무선통신장비및방송장비,13101134671ACC_CD
자료코드,2020,301,DT_403Y001,13102134671ACC_CD.30951AA,계정코드별,통신및방송장비,13101134671ACC_CD
자료코드,2020,301,DT_403Y001,13102134671ACC_CD.309522AA,계정코드별,영상기기,13101134671ACC_CD
자료코드,2025,301,DT_403Y001,13102134671ACC_CD.309523AA,계정코드별,오디오및음향기기,13101134671ACC_CD
자료코드,2020,301,DT_403Y001,13102134671ACC_CD.30952AA,계정코드별,영상및음향기기,13101134671ACC_CD
자료코드,2020,301,DT_403Y001,13102134671ACC_CD.3095AA,계정코드별,통신방송및영상음향기기,13101134671ACC_CD
자료코드,2020,301,DT_403Y001,13102134671ACC_CD.309611AA,계정코드별,의료용기기,13101134671ACC_CD
자료코드,2020,301,DT_403Y001,13102134671ACC_CD.309612AA,계정코드별,측정및분석기기,13101134671ACC_CD
자료코드,2020,301,DT_403Y001,13102134671ACC_CD.30961AA,계정코드별,의료및측정기기,13101134671ACC_CD
자료코드,2020,301,DT_403Y001,13102134671ACC_CD.309622AA,계정코드별,기타광학기기,13101134671ACC_CD
자료코드,2020,301,DT_403Y001,13102134671ACC_CD.30962AA,계정코드별,기타정밀기기,13101134671ACC_CD
자료코드,2020,301,DT_403Y001,13102134671ACC_CD.3096AA,계정코드별,정밀기기,13101134671ACC_CD
자료코드,2020,301,DT_403Y001,13102134671ACC_CD.309AA,계정코드별,컴퓨터전자및광학기기,13101134671ACC_CD
자료코드,2020,301,DT_403Y001,13102134671ACC_CD.310111AA,계정코드별,발전기및전동기,13101134671ACC_CD
자료코드,2020,301,DT_403Y001,13102134671ACC_CD.31011AA,계정코드별,발전기및전동기,13101134671ACC_CD
자료코드,2020,301,DT_403Y001,13102134671ACC_CD.310121AA,계정코드별,변압기,13101134671ACC_CD
자료코드,2020,301,DT_403Y001,13102134671ACC_CD.310122AA,계정코드별,전기변환장치,13101134671ACC_CD
자료코드,2020,301,DT_403Y001,13102134671ACC_CD.310123AA,계정코드별,전기회로개폐및접속장치,13101134671ACC_CD
자료코드,2020,301,DT_403Y001,13102134671ACC_CD.310124AA,계정코드별,배전반및전기자동제어반,13101134671ACC_CD
자료코드,2020,301,DT_403Y001,13102134671ACC_CD.31012AA,계정코드별,전기변환.공급제어장치,13101134671ACC_CD
자료코드,2020,301,DT_403Y001,13102134671ACC_CD.310131AA,계정코드별,전지,13101134671ACC_CD
자료코드,2020,301,DT_403Y001,13102134671ACC_CD.31013AA,계정코드별,전지,13101134671ACC_CD
자료코드,2020,301,DT_403Y001,13102134671ACC_CD.310141AA,계정코드별,전선및케이블,13101134671ACC_CD
자료코드,2020,301,DT_403Y001,13102134671ACC_CD.31014AA,계정코드별,전선및케이블,13101134671ACC_CD
자료코드,2020,301,DT_403Y001,13102134671ACC_CD.310151AA,계정코드별,가정용냉장고및냉동고,13101134671ACC_CD
자료코드,2020,301,DT_403Y001,13102134671ACC_CD.310152AA,계정코드별,주방용및난방용전기기기,13101134671ACC_CD
자료코드,2020,301,DT_403Y001,13102134671ACC_CD.310153AA,계정코드별,기타가정용전기기기,13101134671ACC_CD
자료코드,2020,301,DT_403Y001,13102134671ACC_CD.31015AA,계정코드별,가정용전기기기,13101134671ACC_CD
자료코드,2020,301,DT_403Y001,13102134671ACC_CD.310161AA,계정코드별,전구및램프,13101134671ACC_CD
자료코드,2020,301,DT_403Y001,13102134671ACC_CD.310163AA,계정코드별,기타전기장비,13101134671ACC_CD
자료코드,2020,301,DT_403Y001,13102134671ACC_CD.31016AA,계정코드별,기타전기장비,13101134671ACC_CD
자료코드,2020,301,DT_403Y001,13102134671ACC_CD.3101AA,계정코드별,전기장비,13101134671ACC_CD
자료코드,2020,301,DT_403Y001,13102134671ACC_CD.310AA,계정코드별,전기장비,13101134671ACC_CD
자료코드,2020,301,DT_403Y001,13102134671ACC_CD.311111AA,계정코드별,내연기관및터빈,13101134671ACC_CD
자료코드,2020,301,DT_403Y001,13102134671ACC_CD.31111AA,계정코드별,내연기관및터빈,13101134671ACC_CD
자료코드,2020,301,DT_403Y001,13102134671ACC_CD.311121AA,계정코드별,펌프및압축기,13101134671ACC_CD
자료코드,2020,301,DT_403Y001,13102134671ACC_CD.31112AA,계정코드별,펌프및압축기,13101134671ACC_CD
자료코드,2020,301,DT_403Y001,13102134671ACC_CD.311131AA,계정코드별,밸브,13101134671ACC_CD
자료코드,2020,301,DT_403Y001,13102134671ACC_CD.311132AA,계정코드별,베어링기어및동력전달장치,13101134671ACC_CD
자료코드,2020,301,DT_403Y001,13102134671ACC_CD.31113AA,계정코드별,일반목적용기계부품,13101134671ACC_CD
자료코드,2020,301,DT_403Y001,13102134671ACC_CD.311141AA,계정코드별,산업용운반기계,13101134671ACC_CD
자료코드,2020,301,DT_403Y001,13102134671ACC_CD.31114AA,계정코드별,산업용운반기계,13101134671ACC_CD
자료코드,2020,301,DT_403Y001,13102134671ACC_CD.311151AA,계정코드별,공기조절장치및냉장냉동장비,13101134671ACC_CD
자료코드,2025,301,DT_403Y001,13102134671ACC_CD.311152AA,계정코드별,공기및액체여과기,13101134671ACC_CD
자료코드,2020,301,DT_403Y001,13102134671ACC_CD.31115AA,계정코드별,공기및액체조절장치,13101134671ACC_CD
자료코드,2020,301,DT_403Y001,13102134671ACC_CD.311161AA,계정코드별,사무용기기,13101134671ACC_CD
자료코드,2020,301,DT_403Y001,13102134671ACC_CD.311162AA,계정코드별,기타일반목적용기계,13101134671ACC_CD
자료코드,2020,301,DT_403Y001,13102134671ACC_CD.31116AA,계정코드별,기타일반목적용기계,13101134671ACC_CD
자료코드,2020,301,DT_403Y001,13102134671ACC_CD.3111AA,계정코드별,일반목적용기계,13101134671ACC_CD
자료코드,2020,301,DT_403Y001,13102134671ACC_CD.311211AA,계정코드별,농업용기계,13101134671ACC_CD
자료코드,2020,301,DT_403Y001,13102134671ACC_CD.311212AA,계정코드별,건설및광물처리기계,13101134671ACC_CD
자료코드,2020,301,DT_403Y001,13102134671ACC_CD.31121AA,계정코드별,농업및건설용기계,13101134671ACC_CD
자료코드,2020,301,DT_403Y001,13102134671ACC_CD.311221AA,계정코드별,금속가공용기계,13101134671ACC_CD
자료코드,2020,301,DT_403Y001,13102134671ACC_CD.31122AA,계정코드별,금속가공용기계,13101134671ACC_CD
자료코드,2020,301,DT_403Y001,13102134671ACC_CD.311241AA,계정코드별,반도체제조용기계,13101134671ACC_CD
자료코드,2020,301,DT_403Y001,13102134671ACC_CD.311242AA,계정코드별,디스플레이제조용기계,13101134671ACC_CD
자료코드,2020,301,DT_403Y001,13102134671ACC_CD.31124AA,계정코드별,반도체및디스플레이제조용기계,13101134671ACC_CD
자료코드,2020,301,DT_403Y001,13102134671ACC_CD.311256AA,계정코드별,기타특수목적용기계,13101134671ACC_CD
자료코드,2020,301,DT_403Y001,13102134671ACC_CD.31125AA,계정코드별,기타특수목적용기계,13101134671ACC_CD
자료코드,2020,301,DT_403Y001,13102134671ACC_CD.3112AA,계정코드별,특수목적용기계,13101134671ACC_CD
자료코드,2020,301,DT_403Y001,13102134671ACC_CD.311AA,계정코드별,기계및장비,13101134671ACC_CD
자료코드,2020,301,DT_403Y001,13102134671ACC_CD.312111AA,계정코드별,승용차,13101134671ACC_CD
자료코드,2020,301,DT_403Y001,13102134671ACC_CD.312112AA,계정코드별,버스,13101134671ACC_CD
자료코드,2020,301,DT_403Y001,13102134671ACC_CD.312113AA,계정코드별,트럭,13101134671ACC_CD
자료코드,2020,301,DT_403Y001,13102134671ACC_CD.31211AA,계정코드별,자동차,13101134671ACC_CD
자료코드,2020,301,DT_403Y001,13102134671ACC_CD.312121AA,계정코드별,특장차,13101134671ACC_CD
자료코드,2020,301,DT_403Y001,13102134671ACC_CD.31212AA,계정코드별,특장차및트레일러,13101134671ACC_CD
자료코드,2020,301,DT_403Y001,13102134671ACC_CD.312131AA,계정코드별,자동차용엔진,13101134671ACC_CD
자료코드,2020,301,DT_403Y001,13102134671ACC_CD.312132AA,계정코드별,자동차부분품,13101134671ACC_CD
자료코드,2020,301,DT_403Y001,13102134671ACC_CD.31213AA,계정코드별,자동차부품,13101134671ACC_CD
자료코드,2020,301,DT_403Y001,13102134671ACC_CD.3121AA,계정코드별,자동차및부품,13101134671ACC_CD
자료코드,2020,301,DT_403Y001,13102134671ACC_CD.312AA,계정코드별,운송장비,13101134671ACC_CD
자료코드,2020,301,DT_403Y001,13102134671ACC_CD.313112AA,계정코드별,금속가구,13101134671ACC_CD
자료코드,2020,301,DT_403Y001,13102134671ACC_CD.313113AA,계정코드별,기타가구,13101134671ACC_CD
자료코드,2020,301,DT_403Y001,13102134671ACC_CD.31311AA,계정코드별,가구,13101134671ACC_CD
자료코드,2020,301,DT_403Y001,13102134671ACC_CD.313126AA,계정코드별,기타제조업제품,13101134671ACC_CD
자료코드,2020,301,DT_403Y001,13102134671ACC_CD.31312AA,계정코드별,기타제조업제품,13101134671ACC_CD
자료코드,2020,301,DT_403Y001,13102134671ACC_CD.3131AA,계정코드별,기타제조업제품,13101134671ACC_CD
자료코드,2020,301,DT_403Y001,13102134671ACC_CD.313AA,계정코드별,기타제조업제품,13101134671ACC_CD
자료코드,2020,301,DT_403Y001,13102134671ACC_CD.3AA,계정코드별,공산품,13101134671ACC_CD
통계표,"1) 수출입물가지수와 포괄범위를 일치시키기 위해 통관금액 중 선박, 무기류, 항공기, 예술품 등의 수출입액을 제외하여 금액지수를 작성하기 때문에 수출입금액지수는 산업통상자원부가 매월 공표하는 수출입동향의 금액 움직임과 다를 수 있음",301,DT_403Y002,,,,
통계표,"
       ",301,DT_403Y002,,,,
통계표,"
2) 시차적용 수출입물가지수의 이용으로 인해 수출입금액지수를 수출입물량지수로 나누었을 때 산출되는 값과 매월 공표되는 수출입물가지수는 일치하지 않을 수 있음",301,DT_403Y002,,,,
통계표,"
      ",301,DT_403Y002,,,,
통계표,"
3) 1988년 1월부터 1999년 12월 수출금액(물량)지수 및 수입금액(물량)지수 시계열은 중분류* 수준으로 수록",301,DT_403Y002,,,,
통계표,"
         ",301,DT_403Y002,,,,
통계표,"
* 농림수산품, 광산품(수입), 공산품, 음식료품, 섬유및가죽제품, 목재및종이제품, 석탄및석유제품, 화학제품, 비금속광물제품, 1차금속제품, 금속가공제품, 컴퓨터·전자및광학기기, 전기장비, 기계및장비, 운송장비, 기타제조업제품",301,DT_403Y002,,,,
통계표,"
      ",301,DT_403Y002,,,,
통계표,"
 4) 당월 무역지수 및 교역조건지수는 잠정치(preliminary)이며 익월 지수 공표시 수정될 수 있음. 또한, 해당연도 지수는 수출입통관자료 등이 확정되는 익년도 2월 보도자료 공표시 확정(익년 3월중)",301,DT_403Y002,,,,
통계표,"
",301,DT_403Y002,,,,
통계표,"
 5) 무역지수 및 교역조건지수는 '달러기준' 수출입통관자료 및 물가지수를 이용하여 작성됨.",301,DT_403Y002,,,,
자료코드,2020,301,DT_403Y002,13102134523ACC_CD.*AA,계정코드별,총지수,13101134523ACC_CD
자료코드,2020,301,DT_403Y002,13102134523ACC_CD.101122AA,계정코드별,과일,13101134523ACC_CD
자료코드,2020,301,DT_403Y002,13102134523ACC_CD.10112AA,계정코드별,채소및과실,13101134523ACC_CD
자료코드,2020,301,DT_403Y002,13102134523ACC_CD.1011AA,계정코드별,농산물,13101134523ACC_CD
자료코드,2020,301,DT_403Y002,13102134523ACC_CD.101411AA,계정코드별,신선수산물,13101134523ACC_CD
자료코드,2020,301,DT_403Y002,13102134523ACC_CD.10141AA,계정코드별,신선수산물,13101134523ACC_CD
자료코드,2020,301,DT_403Y002,13102134523ACC_CD.101421AA,계정코드별,냉동수산물,13101134523ACC_CD
자료코드,2020,301,DT_403Y002,13102134523ACC_CD.10142AA,계정코드별,냉동건조수산물,13101134523ACC_CD
자료코드,2020,301,DT_403Y002,13102134523ACC_CD.1014AA,계정코드별,수산물,13101134523ACC_CD
자료코드,2020,301,DT_403Y002,13102134523ACC_CD.101AA,계정코드별,농림수산품,13101134523ACC_CD
자료코드,2020,301,DT_403Y002,13102134523ACC_CD.1AA,계정코드별,농림수산품,13101134523ACC_CD
자료코드,2020,301,DT_403Y002,13102134523ACC_CD.301121AA,계정코드별,수산물가공품,13101134523ACC_CD
자료코드,2020,301,DT_403Y002,13102134523ACC_CD.30112AA,계정코드별,수산가공품,13101134523ACC_CD
자료코드,2020,301,DT_403Y002,13102134523ACC_CD.301142AA,계정코드별,정제당,13101134523ACC_CD
자료코드,2020,301,DT_403Y002,13102134523ACC_CD.30114AA,계정코드별,제당및전분,13101134523ACC_CD
자료코드,2020,301,DT_403Y002,13102134523ACC_CD.301152AA,계정코드별,면류,13101134523ACC_CD
자료코드,2020,301,DT_403Y002,13102134523ACC_CD.30115AA,계정코드별,떡과자및면류,13101134523ACC_CD
자료코드,2020,301,DT_403Y002,13102134523ACC_CD.301173AA,계정코드별,인삼및건강보조식품,13101134523ACC_CD
자료코드,2020,301,DT_403Y002,13102134523ACC_CD.30117AA,계정코드별,기타식료품,13101134523ACC_CD
자료코드,2020,301,DT_403Y002,13102134523ACC_CD.3011AA,계정코드별,식료품,13101134523ACC_CD
자료코드,2020,301,DT_403Y002,13102134523ACC_CD.301311AA,계정코드별,담배,13101134523ACC_CD
자료코드,2020,301,DT_403Y002,13102134523ACC_CD.30131AA,계정코드별,담배,13101134523ACC_CD
자료코드,2020,301,DT_403Y002,13102134523ACC_CD.3013AA,계정코드별,담배,13101134523ACC_CD
자료코드,2020,301,DT_403Y002,13102134523ACC_CD.301AA,계정코드별,음식료품,13101134523ACC_CD
자료코드,2020,301,DT_403Y002,13102134523ACC_CD.302111AA,계정코드별,천연및화학섬유사,13101134523ACC_CD
자료코드,2020,301,DT_403Y002,13102134523ACC_CD.30211AA,계정코드별,섬유사,13101134523ACC_CD
자료코드,2020,301,DT_403Y002,13102134523ACC_CD.302121AA,계정코드별,천연및화학섬유직물,13101134523ACC_CD
자료코드,2020,301,DT_403Y002,13102134523ACC_CD.302123AA,계정코드별,편조원단,13101134523ACC_CD
자료코드,2020,301,DT_403Y002,13102134523ACC_CD.30212AA,계정코드별,섬유직물,13101134523ACC_CD
자료코드,2020,301,DT_403Y002,13102134523ACC_CD.302132AA,계정코드별,부직포및펠트,13101134523ACC_CD
자료코드,2020,301,DT_403Y002,13102134523ACC_CD.302133AA,계정코드별,기타섬유제품,13101134523ACC_CD
자료코드,2020,301,DT_403Y002,13102134523ACC_CD.30213AA,계정코드별,직물제품,13101134523ACC_CD
자료코드,2020,301,DT_403Y002,13102134523ACC_CD.302141AA,계정코드별,봉제의류,13101134523ACC_CD
자료코드,2020,301,DT_403Y002,13102134523ACC_CD.302142AA,계정코드별,편조의류,13101134523ACC_CD
자료코드,2020,301,DT_403Y002,13102134523ACC_CD.302145AA,계정코드별,의복관련장신품,13101134523ACC_CD
자료코드,2020,301,DT_403Y002,13102134523ACC_CD.30214AA,계정코드별,의복제품,13101134523ACC_CD
자료코드,2020,301,DT_403Y002,13102134523ACC_CD.3021AA,계정코드별,섬유및의복,13101134523ACC_CD
자료코드,2020,301,DT_403Y002,13102134523ACC_CD.302211AA,계정코드별,가죽,13101134523ACC_CD
자료코드,2020,301,DT_403Y002,13102134523ACC_CD.302213AA,계정코드별,가방및핸드백,13101134523ACC_CD
자료코드,2020,301,DT_403Y002,13102134523ACC_CD.302214AA,계정코드별,신발,13101134523ACC_CD
자료코드,2020,301,DT_403Y002,13102134523ACC_CD.30221AA,계정코드별,가죽제품,13101134523ACC_CD
자료코드,2020,301,DT_403Y002,13102134523ACC_CD.3022AA,계정코드별,가죽제품,13101134523ACC_CD
자료코드,2020,301,DT_403Y002,13102134523ACC_CD.302AA,계정코드별,섬유및가죽제품,13101134523ACC_CD
자료코드,2020,301,DT_403Y002,13102134523ACC_CD.303221AA,계정코드별,인쇄용지,13101134523ACC_CD
자료코드,2020,301,DT_403Y002,13102134523ACC_CD.30322AA,계정코드별,종이류,13101134523ACC_CD
자료코드,2020,301,DT_403Y002,13102134523ACC_CD.3032AA,계정코드별,펄프및종이제품,13101134523ACC_CD
자료코드,2020,301,DT_403Y002,13102134523ACC_CD.303AA,계정코드별,목재및종이제품,13101134523ACC_CD
자료코드,2020,301,DT_403Y002,13102134523ACC_CD.304121AA,계정코드별,나프타,13101134523ACC_CD
자료코드,2020,301,DT_403Y002,13102134523ACC_CD.304122AA,계정코드별,휘발유,13101134523ACC_CD
자료코드,2020,301,DT_403Y002,13102134523ACC_CD.304123AA,계정코드별,제트유,13101134523ACC_CD
자료코드,2020,301,DT_403Y002,13102134523ACC_CD.304124AA,계정코드별,등유,13101134523ACC_CD
자료코드,2020,301,DT_403Y002,13102134523ACC_CD.304125AA,계정코드별,경유,13101134523ACC_CD
자료코드,2020,301,DT_403Y002,13102134523ACC_CD.304126AA,계정코드별,중유,13101134523ACC_CD
자료코드,2020,301,DT_403Y002,13102134523ACC_CD.304128AA,계정코드별,정제혼합용원료유,13101134523ACC_CD
자료코드,2020,301,DT_403Y002,13102134523ACC_CD.30412AA,계정코드별,원유정제처리제품,13101134523ACC_CD
자료코드,2020,301,DT_403Y002,13102134523ACC_CD.304131AA,계정코드별,윤활유및그리스,13101134523ACC_CD
자료코드,2020,301,DT_403Y002,13102134523ACC_CD.304132AA,계정코드별,기타석유정제제품,13101134523ACC_CD
자료코드,2020,301,DT_403Y002,13102134523ACC_CD.30413AA,계정코드별,윤활유및기타석유정제품,13101134523ACC_CD
자료코드,2020,301,DT_403Y002,13102134523ACC_CD.3041AA,계정코드별,석탄및석유제품,13101134523ACC_CD
자료코드,2020,301,DT_403Y002,13102134523ACC_CD.304AA,계정코드별,석탄및석유제품,13101134523ACC_CD
자료코드,2020,301,DT_403Y002,13102134523ACC_CD.305111AA,계정코드별,지방족기초유분,13101134523ACC_CD
자료코드,2020,301,DT_403Y002,13102134523ACC_CD.305112AA,계정코드별,방향족기초유분,13101134523ACC_CD
자료코드,2020,301,DT_403Y002,13102134523ACC_CD.305113AA,계정코드별,석유화학중간제품,13101134523ACC_CD
자료코드,2020,301,DT_403Y002,13102134523ACC_CD.305114AA,계정코드별,기타기초유기화합물,13101134523ACC_CD
자료코드,2020,301,DT_403Y002,13102134523ACC_CD.30511AA,계정코드별,기초유기화학물질,13101134523ACC_CD
자료코드,2020,301,DT_403Y002,13102134523ACC_CD.305122AA,계정코드별,기초무기화합물,13101134523ACC_CD
자료코드,2020,301,DT_403Y002,13102134523ACC_CD.30512AA,계정코드별,기초무기화학물질,13101134523ACC_CD
자료코드,2020,301,DT_403Y002,13102134523ACC_CD.3051AA,계정코드별,기초화학물질,13101134523ACC_CD
자료코드,2020,301,DT_403Y002,13102134523ACC_CD.305211AA,계정코드별,합성수지,13101134523ACC_CD
자료코드,2020,301,DT_403Y002,13102134523ACC_CD.305212AA,계정코드별,합성고무,13101134523ACC_CD
자료코드,2020,301,DT_403Y002,13102134523ACC_CD.30521AA,계정코드별,합성수지및합성고무,13101134523ACC_CD
자료코드,2020,301,DT_403Y002,13102134523ACC_CD.3052AA,계정코드별,합성수지및합성고무,13101134523ACC_CD
자료코드,2020,301,DT_403Y002,13102134523ACC_CD.305311AA,계정코드별,화학섬유,13101134523ACC_CD
자료코드,2020,301,DT_403Y002,13102134523ACC_CD.30531AA,계정코드별,화학섬유,13101134523ACC_CD
자료코드,2020,301,DT_403Y002,13102134523ACC_CD.3053AA,계정코드별,화학섬유,13101134523ACC_CD
자료코드,2020,301,DT_403Y002,13102134523ACC_CD.305411AA,계정코드별,의약품,13101134523ACC_CD
자료코드,2020,301,DT_403Y002,13102134523ACC_CD.30541AA,계정코드별,의약품,13101134523ACC_CD
자료코드,2020,301,DT_403Y002,13102134523ACC_CD.3054AA,계정코드별,의약품,13101134523ACC_CD
자료코드,2020,301,DT_403Y002,13102134523ACC_CD.305511AA,계정코드별,비료및질소화합물,13101134523ACC_CD
자료코드,2020,301,DT_403Y002,13102134523ACC_CD.30551AA,계정코드별,비료및농약,13101134523ACC_CD
자료코드,2020,301,DT_403Y002,13102134523ACC_CD.3055AA,계정코드별,비료및농약,13101134523ACC_CD
자료코드,2020,301,DT_403Y002,13102134523ACC_CD.305611AA,계정코드별,도료,13101134523ACC_CD
자료코드,2020,301,DT_403Y002,13102134523ACC_CD.30561AA,계정코드별,도료및잉크,13101134523ACC_CD
자료코드,2020,301,DT_403Y002,13102134523ACC_CD.305621AA,계정코드별,비누세제및치약,13101134523ACC_CD
자료코드,2020,301,DT_403Y002,13102134523ACC_CD.305622AA,계정코드별,화장품,13101134523ACC_CD
자료코드,2020,301,DT_403Y002,13102134523ACC_CD.30562AA,계정코드별,비누및화장품,13101134523ACC_CD
자료코드,2020,301,DT_403Y002,13102134523ACC_CD.305631AA,계정코드별,접착제및젤라틴,13101134523ACC_CD
자료코드,2020,301,DT_403Y002,13102134523ACC_CD.305633AA,계정코드별,기타화학제품,13101134523ACC_CD
자료코드,2020,301,DT_403Y002,13102134523ACC_CD.30563AA,계정코드별,기타화학제품,13101134523ACC_CD
자료코드,2020,301,DT_403Y002,13102134523ACC_CD.3056AA,계정코드별,기타화학제품,13101134523ACC_CD
자료코드,2020,301,DT_403Y002,13102134523ACC_CD.305711AA,계정코드별,플라스틱1차제품,13101134523ACC_CD
자료코드,2020,301,DT_403Y002,13102134523ACC_CD.30571AA,계정코드별,플라스틱1차제품,13101134523ACC_CD
자료코드,2020,301,DT_403Y002,13102134523ACC_CD.305722AA,계정코드별,포장용플라스틱제품,13101134523ACC_CD
자료코드,2020,301,DT_403Y002,13102134523ACC_CD.30572AA,계정코드별,기타플라스틱제품,13101134523ACC_CD
자료코드,2020,301,DT_403Y002,13102134523ACC_CD.3057AA,계정코드별,플라스틱제품,13101134523ACC_CD
자료코드,2020,301,DT_403Y002,13102134523ACC_CD.305811AA,계정코드별,타이어및튜브,13101134523ACC_CD
자료코드,2020,301,DT_403Y002,13102134523ACC_CD.30581AA,계정코드별,타이어및튜브,13101134523ACC_CD
자료코드,2020,301,DT_403Y002,13102134523ACC_CD.305821AA,계정코드별,산업용고무제품,13101134523ACC_CD
자료코드,2020,301,DT_403Y002,13102134523ACC_CD.30582AA,계정코드별,기타고무제품,13101134523ACC_CD
자료코드,2020,301,DT_403Y002,13102134523ACC_CD.3058AA,계정코드별,고무제품,13101134523ACC_CD
자료코드,2020,301,DT_403Y002,13102134523ACC_CD.305AA,계정코드별,화학제품,13101134523ACC_CD
자료코드,2020,301,DT_403Y002,13102134523ACC_CD.306221AA,계정코드별,시멘트,13101134523ACC_CD
자료코드,2020,301,DT_403Y002,13102134523ACC_CD.30622AA,계정코드별,시멘트,13101134523ACC_CD
자료코드,2020,301,DT_403Y002,13102134523ACC_CD.306243AA,계정코드별,연마재,13101134523ACC_CD
자료코드,2020,301,DT_403Y002,13102134523ACC_CD.30624AA,계정코드별,기타비금속광물제품,13101134523ACC_CD
자료코드,2020,301,DT_403Y002,13102134523ACC_CD.3062AA,계정코드별,기타비금속광물제품,13101134523ACC_CD
자료코드,2020,301,DT_403Y002,13102134523ACC_CD.306AA,계정코드별,비금속광물제품,13101134523ACC_CD
자료코드,2020,301,DT_403Y002,13102134523ACC_CD.307112AA,계정코드별,합금철,13101134523ACC_CD
자료코드,2020,301,DT_403Y002,13102134523ACC_CD.307113AA,계정코드별,조강,13101134523ACC_CD
자료코드,2020,301,DT_403Y002,13102134523ACC_CD.30711AA,계정코드별,선철및조강,13101134523ACC_CD
자료코드,2020,301,DT_403Y002,13102134523ACC_CD.307121AA,계정코드별,철근및봉강,13101134523ACC_CD
자료코드,2020,301,DT_403Y002,13102134523ACC_CD.307122AA,계정코드별,형강,13101134523ACC_CD
자료코드,2020,301,DT_403Y002,13102134523ACC_CD.307124AA,계정코드별,중후판(두께3mm이상),13101134523ACC_CD
자료코드,2020,301,DT_403Y002,13102134523ACC_CD.307125AA,계정코드별,열연강판,13101134523ACC_CD
자료코드,2026,301,DT_403Y002,13102134523ACC_CD.307126AA,계정코드별,강선,13101134523ACC_CD
자료코드,2020,301,DT_403Y002,13102134523ACC_CD.307127AA,계정코드별,철강관,13101134523ACC_CD
자료코드,2020,301,DT_403Y002,13102134523ACC_CD.30712AA,계정코드별,열간압연강재,13101134523ACC_CD
자료코드,2020,301,DT_403Y002,13102134523ACC_CD.307131AA,계정코드별,냉간압연강재,13101134523ACC_CD
자료코드,2020,301,DT_403Y002,13102134523ACC_CD.30713AA,계정코드별,냉간압연강재,13101134523ACC_CD
자료코드,2020,301,DT_403Y002,13102134523ACC_CD.307141AA,계정코드별,표면처리강재,13101134523ACC_CD
자료코드,2020,301,DT_403Y002,13102134523ACC_CD.30714AA,계정코드별,기타철강1차제품,13101134523ACC_CD
자료코드,2020,301,DT_403Y002,13102134523ACC_CD.3071AA,계정코드별,철강1차제품,13101134523ACC_CD
자료코드,2020,301,DT_403Y002,13102134523ACC_CD.307211AA,계정코드별,동제련정련및합금제품,13101134523ACC_CD
자료코드,2020,301,DT_403Y002,13102134523ACC_CD.307213AA,계정코드별,연및아연제련정련및합금제품,13101134523ACC_CD
자료코드,2020,301,DT_403Y002,13102134523ACC_CD.307214AA,계정코드별,금은괴,13101134523ACC_CD
자료코드,2020,301,DT_403Y002,13102134523ACC_CD.307215AA,계정코드별,기타비철금속제련정련및합금제품,13101134523ACC_CD
자료코드,2020,301,DT_403Y002,13102134523ACC_CD.30721AA,계정코드별,비철금속괴,13101134523ACC_CD
자료코드,2020,301,DT_403Y002,13102134523ACC_CD.307221AA,계정코드별,동1차제품,13101134523ACC_CD
자료코드,2020,301,DT_403Y002,13102134523ACC_CD.307222AA,계정코드별,알루미늄1차제품,13101134523ACC_CD
자료코드,2020,301,DT_403Y002,13102134523ACC_CD.30722AA,계정코드별,비철금속1차제품,13101134523ACC_CD
자료코드,2020,301,DT_403Y002,13102134523ACC_CD.3072AA,계정코드별,비철금속괴및1차제품,13101134523ACC_CD
자료코드,2020,301,DT_403Y002,13102134523ACC_CD.307AA,계정코드별,1차금속제품,13101134523ACC_CD
자료코드,2020,301,DT_403Y002,13102134523ACC_CD.308112AA,계정코드별,금속제탱크및압력용기,13101134523ACC_CD
자료코드,2020,301,DT_403Y002,13102134523ACC_CD.30811AA,계정코드별,구조용금속제품및탱크,13101134523ACC_CD
자료코드,2020,301,DT_403Y002,13102134523ACC_CD.308142AA,계정코드별,부착용금속제품,13101134523ACC_CD
자료코드,2020,301,DT_403Y002,13102134523ACC_CD.308143AA,계정코드별,공구류,13101134523ACC_CD
자료코드,2020,301,DT_403Y002,13102134523ACC_CD.308144AA,계정코드별,나사및철선제품,13101134523ACC_CD
자료코드,2020,301,DT_403Y002,13102134523ACC_CD.308146AA,계정코드별,기타금속제품,13101134523ACC_CD
자료코드,2020,301,DT_403Y002,13102134523ACC_CD.30814AA,계정코드별,기타금속가공제품,13101134523ACC_CD
자료코드,2020,301,DT_403Y002,13102134523ACC_CD.3081AA,계정코드별,금속가공제품,13101134523ACC_CD
자료코드,2020,301,DT_403Y002,13102134523ACC_CD.308AA,계정코드별,금속가공제품,13101134523ACC_CD
자료코드,2020,301,DT_403Y002,13102134523ACC_CD.309111AA,계정코드별,개별소자,13101134523ACC_CD
자료코드,2020,301,DT_403Y002,13102134523ACC_CD.309112AA,계정코드별,집적회로,13101134523ACC_CD
자료코드,2020,301,DT_403Y002,13102134523ACC_CD.30911AA,계정코드별,반도체,13101134523ACC_CD
자료코드,2020,301,DT_403Y002,13102134523ACC_CD.3091AA,계정코드별,반도체,13101134523ACC_CD
자료코드,2020,301,DT_403Y002,13102134523ACC_CD.309211AA,계정코드별,LCD평판디스플레이,13101134523ACC_CD
자료코드,2020,301,DT_403Y002,13102134523ACC_CD.309212AA,계정코드별,기타전자표시장치,13101134523ACC_CD
자료코드,2020,301,DT_403Y002,13102134523ACC_CD.30921AA,계정코드별,전자표시장치,13101134523ACC_CD
자료코드,2020,301,DT_403Y002,13102134523ACC_CD.3092AA,계정코드별,전자표시장치,13101134523ACC_CD
자료코드,2020,301,DT_403Y002,13102134523ACC_CD.309311AA,계정코드별,인쇄회로기판및실장기판,13101134523ACC_CD
자료코드,2020,301,DT_403Y002,13102134523ACC_CD.30931AA,계정코드별,인쇄회로기판,13101134523ACC_CD
자료코드,2020,301,DT_403Y002,13102134523ACC_CD.309321AA,계정코드별,축전기저항기전자코일및변성기,13101134523ACC_CD
자료코드,2020,301,DT_403Y002,13102134523ACC_CD.30932AA,계정코드별,기타전자부품,13101134523ACC_CD
자료코드,2020,301,DT_403Y002,13102134523ACC_CD.3093AA,계정코드별,기타전자부품,13101134523ACC_CD
자료코드,2020,301,DT_403Y002,13102134523ACC_CD.309412AA,계정코드별,컴퓨터기억장치,13101134523ACC_CD
자료코드,2020,301,DT_403Y002,13102134523ACC_CD.309413AA,계정코드별,컴퓨터주변기기,13101134523ACC_CD
자료코드,2020,301,DT_403Y002,13102134523ACC_CD.30941AA,계정코드별,컴퓨터및주변기기,13101134523ACC_CD
자료코드,2020,301,DT_403Y002,13102134523ACC_CD.3094AA,계정코드별,컴퓨터및주변기기,13101134523ACC_CD
자료코드,2020,301,DT_403Y002,13102134523ACC_CD.309512AA,계정코드별,이동전화기,13101134523ACC_CD
자료코드,2020,301,DT_403Y002,13102134523ACC_CD.309513AA,계정코드별,기타무선통신장비및방송장비,13101134523ACC_CD
자료코드,2020,301,DT_403Y002,13102134523ACC_CD.30951AA,계정코드별,통신및방송장비,13101134523ACC_CD
자료코드,2020,301,DT_403Y002,13102134523ACC_CD.309522AA,계정코드별,영상기기,13101134523ACC_CD
자료코드,2025,301,DT_403Y002,13102134523ACC_CD.309523AA,계정코드별,오디오및음향기기,13101134523ACC_CD
자료코드,2020,301,DT_403Y002,13102134523ACC_CD.30952AA,계정코드별,영상및음향기기,13101134523ACC_CD
자료코드,2020,301,DT_403Y002,13102134523ACC_CD.3095AA,계정코드별,통신방송및영상음향기기,13101134523ACC_CD
자료코드,2020,301,DT_403Y002,13102134523ACC_CD.309611AA,계정코드별,의료용기기,13101134523ACC_CD
자료코드,2020,301,DT_403Y002,13102134523ACC_CD.309612AA,계정코드별,측정및분석기기,13101134523ACC_CD
자료코드,2020,301,DT_403Y002,13102134523ACC_CD.30961AA,계정코드별,의료및측정기기,13101134523ACC_CD
자료코드,2020,301,DT_403Y002,13102134523ACC_CD.309622AA,계정코드별,기타광학기기,13101134523ACC_CD
자료코드,2020,301,DT_403Y002,13102134523ACC_CD.30962AA,계정코드별,기타정밀기기,13101134523ACC_CD
자료코드,2020,301,DT_403Y002,13102134523ACC_CD.3096AA,계정코드별,정밀기기,13101134523ACC_CD
자료코드,2020,301,DT_403Y002,13102134523ACC_CD.309AA,계정코드별,컴퓨터전자및광학기기,13101134523ACC_CD
자료코드,2020,301,DT_403Y002,13102134523ACC_CD.310111AA,계정코드별,발전기및전동기,13101134523ACC_CD
자료코드,2020,301,DT_403Y002,13102134523ACC_CD.31011AA,계정코드별,발전기및전동기,13101134523ACC_CD
자료코드,2020,301,DT_403Y002,13102134523ACC_CD.310121AA,계정코드별,변압기,13101134523ACC_CD
자료코드,2020,301,DT_403Y002,13102134523ACC_CD.310122AA,계정코드별,전기변환장치,13101134523ACC_CD
자료코드,2020,301,DT_403Y002,13102134523ACC_CD.310123AA,계정코드별,전기회로개폐및접속장치,13101134523ACC_CD
자료코드,2020,301,DT_403Y002,13102134523ACC_CD.310124AA,계정코드별,배전반및전기자동제어반,13101134523ACC_CD
자료코드,2020,301,DT_403Y002,13102134523ACC_CD.31012AA,계정코드별,전기변환.공급제어장치,13101134523ACC_CD
자료코드,2020,301,DT_403Y002,13102134523ACC_CD.310131AA,계정코드별,전지,13101134523ACC_CD
자료코드,2020,301,DT_403Y002,13102134523ACC_CD.31013AA,계정코드별,전지,13101134523ACC_CD
자료코드,2020,301,DT_403Y002,13102134523ACC_CD.310141AA,계정코드별,전선및케이블,13101134523ACC_CD
자료코드,2020,301,DT_403Y002,13102134523ACC_CD.31014AA,계정코드별,전선및케이블,13101134523ACC_CD
자료코드,2020,301,DT_403Y002,13102134523ACC_CD.310151AA,계정코드별,가정용냉장고및냉동고,13101134523ACC_CD
자료코드,2020,301,DT_403Y002,13102134523ACC_CD.310152AA,계정코드별,주방용및난방용전기기기,13101134523ACC_CD
자료코드,2020,301,DT_403Y002,13102134523ACC_CD.310153AA,계정코드별,기타가정용전기기기,13101134523ACC_CD
자료코드,2020,301,DT_403Y002,13102134523ACC_CD.31015AA,계정코드별,가정용전기기기,13101134523ACC_CD
자료코드,2020,301,DT_403Y002,13102134523ACC_CD.310161AA,계정코드별,전구및램프,13101134523ACC_CD
자료코드,2020,301,DT_403Y002,13102134523ACC_CD.310163AA,계정코드별,기타전기장비,13101134523ACC_CD
자료코드,2020,301,DT_403Y002,13102134523ACC_CD.31016AA,계정코드별,기타전기장비,13101134523ACC_CD
자료코드,2020,301,DT_403Y002,13102134523ACC_CD.3101AA,계정코드별,전기장비,13101134523ACC_CD
자료코드,2020,301,DT_403Y002,13102134523ACC_CD.310AA,계정코드별,전기장비,13101134523ACC_CD
자료코드,2020,301,DT_403Y002,13102134523ACC_CD.311111AA,계정코드별,내연기관및터빈,13101134523ACC_CD
자료코드,2020,301,DT_403Y002,13102134523ACC_CD.31111AA,계정코드별,내연기관및터빈,13101134523ACC_CD
자료코드,2020,301,DT_403Y002,13102134523ACC_CD.311121AA,계정코드별,펌프및압축기,13101134523ACC_CD
자료코드,2020,301,DT_403Y002,13102134523ACC_CD.31112AA,계정코드별,펌프및압축기,13101134523ACC_CD
자료코드,2020,301,DT_403Y002,13102134523ACC_CD.311131AA,계정코드별,밸브,13101134523ACC_CD
자료코드,2020,301,DT_403Y002,13102134523ACC_CD.311132AA,계정코드별,베어링기어및동력전달장치,13101134523ACC_CD
자료코드,2020,301,DT_403Y002,13102134523ACC_CD.31113AA,계정코드별,일반목적용기계부품,13101134523ACC_CD
자료코드,2020,301,DT_403Y002,13102134523ACC_CD.311141AA,계정코드별,산업용운반기계,13101134523ACC_CD
자료코드,2020,301,DT_403Y002,13102134523ACC_CD.31114AA,계정코드별,산업용운반기계,13101134523ACC_CD
자료코드,2020,301,DT_403Y002,13102134523ACC_CD.311151AA,계정코드별,공기조절장치및냉장냉동장비,13101134523ACC_CD
자료코드,2025,301,DT_403Y002,13102134523ACC_CD.311152AA,계정코드별,공기및액체여과기,13101134523ACC_CD
자료코드,2020,301,DT_403Y002,13102134523ACC_CD.31115AA,계정코드별,공기및액체조절장치,13101134523ACC_CD
자료코드,2020,301,DT_403Y002,13102134523ACC_CD.311161AA,계정코드별,사무용기기,13101134523ACC_CD
자료코드,2020,301,DT_403Y002,13102134523ACC_CD.311162AA,계정코드별,기타일반목적용기계,13101134523ACC_CD
자료코드,2020,301,DT_403Y002,13102134523ACC_CD.31116AA,계정코드별,기타일반목적용기계,13101134523ACC_CD
자료코드,2020,301,DT_403Y002,13102134523ACC_CD.3111AA,계정코드별,일반목적용기계,13101134523ACC_CD
자료코드,2020,301,DT_403Y002,13102134523ACC_CD.311211AA,계정코드별,농업용기계,13101134523ACC_CD
자료코드,2020,301,DT_403Y002,13102134523ACC_CD.311212AA,계정코드별,건설및광물처리기계,13101134523ACC_CD
자료코드,2020,301,DT_403Y002,13102134523ACC_CD.31121AA,계정코드별,농업및건설용기계,13101134523ACC_CD
자료코드,2020,301,DT_403Y002,13102134523ACC_CD.311221AA,계정코드별,금속가공용기계,13101134523ACC_CD
자료코드,2020,301,DT_403Y002,13102134523ACC_CD.31122AA,계정코드별,금속가공용기계,13101134523ACC_CD
자료코드,2020,301,DT_403Y002,13102134523ACC_CD.311241AA,계정코드별,반도체제조용기계,13101134523ACC_CD
자료코드,2020,301,DT_403Y002,13102134523ACC_CD.311242AA,계정코드별,디스플레이제조용기계,13101134523ACC_CD
자료코드,2020,301,DT_403Y002,13102134523ACC_CD.31124AA,계정코드별,반도체및디스플레이제조용기계,13101134523ACC_CD
자료코드,2020,301,DT_403Y002,13102134523ACC_CD.311256AA,계정코드별,기타특수목적용기계,13101134523ACC_CD
자료코드,2020,301,DT_403Y002,13102134523ACC_CD.31125AA,계정코드별,기타특수목적용기계,13101134523ACC_CD
자료코드,2020,301,DT_403Y002,13102134523ACC_CD.3112AA,계정코드별,특수목적용기계,13101134523ACC_CD
자료코드,2020,301,DT_403Y002,13102134523ACC_CD.311AA,계정코드별,기계및장비,13101134523ACC_CD
자료코드,2020,301,DT_403Y002,13102134523ACC_CD.312111AA,계정코드별,승용차,13101134523ACC_CD
자료코드,2020,301,DT_403Y002,13102134523ACC_CD.312112AA,계정코드별,버스,13101134523ACC_CD
자료코드,2020,301,DT_403Y002,13102134523ACC_CD.312113AA,계정코드별,트럭,13101134523ACC_CD
자료코드,2020,301,DT_403Y002,13102134523ACC_CD.31211AA,계정코드별,자동차,13101134523ACC_CD
자료코드,2020,301,DT_403Y002,13102134523ACC_CD.312121AA,계정코드별,특장차,13101134523ACC_CD
자료코드,2020,301,DT_403Y002,13102134523ACC_CD.31212AA,계정코드별,특장차및트레일러,13101134523ACC_CD
자료코드,2020,301,DT_403Y002,13102134523ACC_CD.312131AA,계정코드별,자동차용엔진,13101134523ACC_CD
자료코드,2020,301,DT_403Y002,13102134523ACC_CD.312132AA,계정코드별,자동차부분품,13101134523ACC_CD
자료코드,2020,301,DT_403Y002,13102134523ACC_CD.31213AA,계정코드별,자동차부품,13101134523ACC_CD
자료코드,2020,301,DT_403Y002,13102134523ACC_CD.3121AA,계정코드별,자동차및부품,13101134523ACC_CD
자료코드,2020,301,DT_403Y002,13102134523ACC_CD.312AA,계정코드별,운송장비,13101134523ACC_CD
자료코드,2020,301,DT_403Y002,13102134523ACC_CD.313112AA,계정코드별,금속가구,13101134523ACC_CD
자료코드,2020,301,DT_403Y002,13102134523ACC_CD.313113AA,계정코드별,기타가구,13101134523ACC_CD
자료코드,2020,301,DT_403Y002,13102134523ACC_CD.31311AA,계정코드별,가구,13101134523ACC_CD
자료코드,2020,301,DT_403Y002,13102134523ACC_CD.313126AA,계정코드별,기타제조업제품,13101134523ACC_CD
자료코드,2020,301,DT_403Y002,13102134523ACC_CD.31312AA,계정코드별,기타제조업제품,13101134523ACC_CD
자료코드,2020,301,DT_403Y002,13102134523ACC_CD.3131AA,계정코드별,기타제조업제품,13101134523ACC_CD
자료코드,2020,301,DT_403Y002,13102134523ACC_CD.313AA,계정코드별,기타제조업제품,13101134523ACC_CD
자료코드,2020,301,DT_403Y002,13102134523ACC_CD.3AA,계정코드별,공산품,13101134523ACC_CD
통계표,비금융거래계정은 국민소득통계의 제도부문별 자본계정에서 확인 가능,301,DT_281Y004,,,,
통계표,,301,DT_281Y004,,,,
통계표,2004년 연간은 확정통계이며 분기는 잠정통계임,301,DT_281Y004,,,,
통계표,,301,DT_281Y004,,,,
통계표,2005년 연간 및 분기는 잠정통계임,301,DT_281Y004,,,,
통계표,,301,DT_281Y004,,,,
통계표,"한국은행 경제통계국 자금순환팀(02-759-4432, 4349)",301,DT_281Y004,,,,
통계표,"1) 결제대금예치서비스 : 전자상거래에서 구매자로부터 대금을 예치받고 구매자의 물품수령 확인 등을 통해 거래가 적절하게 이루어졌는지를 확인한 후, 구매대금을 판매자에게 지급하는 서비스",301,DT_633Y003,,,,
통계표,"
2) 일부 작성기관의 기초자료 수정 요청 등을 반영",301,DT_633Y003,,,,
통계표,1) 선불전자지급서비스 : 미리 충전한 자금(선불금)을 이용해 교통요금 및 물품대금 등을 지급하거나 송금할 수 있도록 하는 선불금 발행·관리서비스,301,DT_633Y004,,,,
통계표,"
2) 일부 작성기관의 기초자료 수정 요청 등을 반영",301,DT_633Y004,,,,
통계표,1) 전자고지결제서비스 : 아파트 관리비 등과 같은 고지서를 이메일 등 전자적 방식으로 발행하고 대금을 직접 수수하여 정산을 대행하는 서비스,301,DT_633Y005,,,,
통계표,"
2) 일부 작성기관의 기초자료 수정 요청 등을 반영",301,DT_633Y005,,,,
통계표,1) 전자지급결제대행서비스 : 전자상거래에서 구매자로부터 대금을 수취하여 판매자에게 최종적으로 지급될 수 있도록 지급결제정보를 송·수신하거나 그 대가의 정산을 대행하는 서비스,301,DT_633Y002,,,,
통계표,"
2) 신용카드 : 체크카드 포함",301,DT_633Y002,,,,
통계표,"
3) 가상계좌 : 구매자별로 가상계좌번호를 부여하여 구매대금을 수취하는 결제대행방식",301,DT_633Y002,,,,
통계표,"
4) 기타: 상품권, OK캐시백 등으로 구매대금을 지급하는 결제대행방식",301,DT_633Y002,,,,
통계표,"
5) 일부 작성기관의 기초자료 수정 요청 등을 반영",301,DT_633Y002,,,,
통계표,1) 직불전자지급서비스 : 스마트폰 기반 인증절차를 거쳐 편의점 등 가맹점 이용시 기등록된 구매자계좌에서 판매자계좌로 자금이체를 중개하는 서비스(금융회사에서 발행하는 직불형 카드는 제외),301,DT_633Y006,,,,
통계표,"
2) 일부 작성기관의 기초자료 수정 요청 등을 반영",301,DT_633Y006,,,,
통계표,"1) 2026년 4월 국가간QR지급서비스가 개시됨에 따라, 26년 4월 통계부터 국가간ATM과 국가간QR의 차액결제가 함께 처리됨. 이에 '국가간ATM공동망'의 계정항목명이 '국가간ATM, 국가간QR'로 변경.",301,DT_603Y010,,,,
통계표,지방중소기업지원 프로그램의 경우 2022년 6월까지는 한도유보분(재해복구특별지원) 포함,301,DT_641Y001,,,,
통계표,"1) 현금 = 국고수표, 국고영수증, 타점권을 포함",301,DT_103Y002,,,,
통계표,"
2) 유가증권 = 정부보증채 포함",301,DT_103Y002,,,,
통계표,"
3) 고정자산내 한국외환은행 및 한국수출입은행에 대한 출자금 등을 포함",301,DT_103Y002,,,,
통계표,"
4) 국내자산의 기타 = 국내본지점대, 가지급금, 외환평가조정금(차변잔액), 외화예탁금 등",301,DT_103Y002,,,,
통계표,"
5) 국제금융기구 출자금 내 출자증권 포함",301,DT_103Y002,,,,
통계표,"
6) 중앙정부예금내 국민투자기금예금 및 재형저축장려금기금예금을 포함",301,DT_103Y002,,,,
통계표,"
7) 통화안정계정은 경쟁입찰방식의 통화안정계정(2010년 10월부터 시행)",301,DT_103Y002,,,,
통계표,"
8) 국내부채의 기타 = 국내본지점차, 가수금, 수입보증금 및 외환평가조정금(대변잔액) 등",301,DT_103Y002,,,,
통계표,"
9) 비거주자예금 = IMF 등 외국기관의 원화예금",301,DT_103Y002,,,,
통계표,"
10) 자본금 = 법정적립금과 임의적립금의 합계",301,DT_103Y002,,,,
통계표,"
11) 기타유동자산(부채) 등의 회계처리기준 변경을 반영하여 과거 시계열이 일부 수정되었음(2013.2월 수치 발표시)",301,DT_103Y002,,,,
통계표,"
12) 국내자산>대출금에 외화대출 포함",301,DT_103Y002,,,,
통계표,"
13) 국내부채>통화안정증권발행은 순장부가 기준. 2009.6월 통합발행 실시로 할인·할증발행차금이 발생하여 이후 액면가와 차이 발생",301,DT_103Y002,,,,
통계표,"
14) 기초자료 보완으로 인한 과거 시계열 일부 수정(2023.9월 수치 발표시)",301,DT_103Y002,,,,
통계표,"(1) 연간 잠정치 : 해당 연도 종료 후 3개월 내에 국민소득(잠정), 6개월 내에 국민계정(잠정)이 공표, 연간확정 : 해당 연도 종료 후 18개월 이내. 연간잠정 시에는 일부 기초자료를 이용하지 못함에 따라 추후 공표될 연간확정과 차이가 있을 수 있으며 시계열 분석 시 유의바람",301,DT_200Y101,,,,
통계표,"
(2) 전기, 가스 및 수도사업은 하수 및 폐기물 처리, 원료재생업 포함",301,DT_200Y101,,,,
통계표,"
(3) 서비스업은 도소매 및 숙박음식업, 운수업, 금융 및 보험업, 부동산업, 정보통신업, 사업서비스업, 공공행정, 국방 및 사회보장, 교육서비스업, 의료, 보건업 및 사회복지서비스업, 문화 및 기타 서비스업을 포함",301,DT_200Y101,,,,
통계표,"
(4) 순생산물세 : 생산물세에서 생산물보조금을 차감하여 계산",301,DT_200Y101,,,,
통계표,"
(5) 재화 : f.o.b.(본선인도가격) 기준",301,DT_200Y101,,,,
통계표,"
(6) 총저축률 : (제도부문별 총저축 / 국민총처분가능소득) × 100",301,DT_200Y101,,,,
통계표,"
(7) 가계 및 비영리단체는 가계(민간 비법인기업 포함) 및 가계에 봉사하는 비영리단체를 포괄",301,DT_200Y101,,,,
통계표,"
(8) 가계순저축률 : [가계 순저축 / (가계 순조정처분가능소득 + 연금기금의 가계순지분 증감)] × 100",301,DT_200Y101,,,,
통계표,"
(9) 총수출 : 국외수취요소소득 포함, 총수입 : 국외지급요소소득 포함",301,DT_200Y101,,,,
통계표,"
(10) 종전 ""노동소득분배율"" 명칭을 2022.6.30일부터 ""피용자보수비율""로 변경",301,DT_200Y101,,,,
통계표,"
(11) 실질 가계총처분가능소득 : (가계 총처분가능소득 / 민간소비 디플레이터) × 100",301,DT_200Y101,,,,
통계표,"
(12) 총영업잉여는 영업잉여와 고정자본소모를 합하여 계산",301,DT_200Y101,,,,
통계표,"
(13) 순생산 및 수입세는 생산 및 수입세에서 보조금을 차감하여 계산",301,DT_200Y101,,,,
통계표,"(1) 분기속보 : 해당 분기 종료 후 28일 이내, 분기잠정 : 해당 분기 종료 후 70일 이내(일부 항목은 분기 잠정에만 공표)",301,DT_200Y102,,,,
통계표,"
(2) 연간 잠정치 : 해당 연도 종료 후 3개월 내에 국민소득(잠정), 6개월 내에 국민계정(잠정)이 공표, 연간확정 : 해당 연도 종료 후 18개월 이내. 연간잠정 시에는 일부 기초자료를 이용하지 못함에 따라 추후 공표될 연간확정과 차이가 있을 수 있으며 시계열 분석 시 유의바람",301,DT_200Y102,,,,
통계표,"
(3) 전기, 가스 및 수도사업은 하수 및 폐기물처리, 원료재생업 포함",301,DT_200Y102,,,,
통계표,"
(4) 서비스업은 도소매 및 숙박음식업, 운수업, 금융 및 보험업, 부동산업, 정보통신업, 사업서비스업, 공공행정, 국방 및 사회보장, 교육서비스업, 의료, 보건업 및 사회복지서비스업, 문화 및 기타 서비스업을 포함",301,DT_200Y102,,,,
통계표,"
(5) 총저축률 : (제도부문별 총저축 / 국민총처분가능소득) × 100",301,DT_200Y102,,,,
통계표,"(1) 분기속보 : 해당 분기 종료 후 28일 이내, 분기잠정 : 해당 분기 종료 후 70일 이내",301,DT_200Y103,,,,
통계표,"
(2) 연간 잠정치 : 해당 연도 종료 후 3개월 내에 국민소득(잠정), 6개월 내에 국민계정(잠정)이 공표, 연간확정 : 해당 연도 종료 후 18개월 이내. 연간잠정 시에는 일부 기초자료를 이용하지 못함에 따라 추후 공표될 연간확정과 차이가 있을 수 있으며 시계열 분석 시 유의바람",301,DT_200Y103,,,,
통계표,"
(3) 순생산물세 : 생산물세에서 생산물보조금을 차감하여 계산",301,DT_200Y103,,,,
통계표,"
(4) 산업별 금액은 총부가가치(기초가격) 기준",301,DT_200Y103,,,,
통계표,"(1) 분기속보 : 해당 분기 종료 후 28일 이내, 분기잠정 : 해당 분기 종료 후 70일 이내",301,DT_200Y104,,,,
통계표,"
(2) 연간 잠정치 : 해당 연도 종료 후 3개월 내에 국민소득(잠정), 6개월 내에 국민계정(잠정)이 공표, 연간확정 : 해당 연도 종료 후 18개월 이내. 연간잠정 시에는 일부 기초자료를 이용하지 못함에 따라 추후 공표될 연간확정과 차이가 있을 수 있으며 시계열 분석 시 유의바람",301,DT_200Y104,,,,
통계표,"
(3) 연쇄가중법에 의해 추계된 실질 GDP통계는 비가법적 특성에 의해 총량(또는 상위부문) 금액과 그 구성항목 금액의 합이 일치하지 않음",301,DT_200Y104,,,,
통계표,"
(4) 개별 구성항목의 연쇄금액은 구성항목 내에서의 상대적 중요도를 정확하게 반영하지 못할 수 있으므로 상대비교 시에는 주의를 요함. 각 구성항목의 기여도는 2.1.5. GDP에 대한 성장기여도를 참조",301,DT_200Y104,,,,
통계표,"
(5) 순생산물세 : 생산물세에서 생산물보조금을 차감하여 계산",301,DT_200Y104,,,,
통계표,"
(6) 산업별 금액은 총부가가치(기초가격) 기준",301,DT_200Y104,,,,
통계표,"(1) 분기속보 : 해당 분기 종료 후 28일 이내, 분기잠정 : 해당 분기 종료 후 70일 이내",301,DT_200Y105,,,,
통계표,"
(2) 연간 잠정치 : 해당 연도 종료 후 3개월 내에 국민소득(잠정), 6개월 내에 국민계정(잠정)이 공표, 연간확정 : 해당 연도 종료 후 18개월 이내. 연간잠정 시에는 일부 기초자료를 이용하지 못함에 따라 추후 공표될 연간확정과 차이가 있을 수 있으며 시계열 분석 시 유의바람",301,DT_200Y105,,,,
통계표,"
(3) 순생산물세 : 생산물세에서 생산물보조금을 차감하여 계산",301,DT_200Y105,,,,
통계표,"
(4) 산업별 금액은 총부가가치(기초가격) 기준",301,DT_200Y105,,,,
통계표,"(1) 분기속보 : 해당 분기 종료 후 28일 이내, 분기잠정 : 해당 분기 종료 후 70일 이내",301,DT_200Y106,,,,
통계표,"
(2) 연간 잠정치 : 해당 연도 종료 후 3개월 내에 국민소득(잠정), 6개월 내에 국민계정(잠정)이 공표, 연간확정 : 해당 연도 종료 후 18개월 이내. 연간잠정 시에는 일부 기초자료를 이용하지 못함에 따라 추후 공표될 연간확정과 차이가 있을 수 있으며 시계열 분석 시 유의바람",301,DT_200Y106,,,,
통계표,"
(3) 연쇄가중법에 의해 추계된 실질 GDP통계는 비가법적 특성에 의해 총량(또는 상위부문) 금액과 그 구성항목 금액의 합이 일치하지 않음",301,DT_200Y106,,,,
통계표,"
(4) 개별 구성항목의 연쇄금액은 구성항목 내에서의 상대적 중요도를 정확하게 반영하지 못할 수 있으므로 상대비교 시에는 주의를 요함. 각 구성항목의 기여도는 2.1.5. GDP에 대한 성장기여도를 참조",301,DT_200Y106,,,,
통계표,"
(5) 순생산물세 : 생산물세에서 생산물보조금을 차감하여 계산",301,DT_200Y106,,,,
통계표,"
(6) 산업별 금액은 총부가가치(기초가격) 기준",301,DT_200Y106,,,,
통계표,"(1) 분기속보 : 해당 분기 종료 후 28일 이내, 분기잠정 : 해당 분기 종료 후 70일 이내",301,DT_200Y107,,,,
통계표,"
(2) 연간 잠정치 : 해당 연도 종료 후 3개월 내에 국민소득(잠정), 6개월 내에 국민계정(잠정)이 공표",301,DT_200Y107,,,,
통계표,"
, 연간확정 : 해당 연도 종료 후 18개월 이내. 연간잠정 시에는 일부 기초자료를 이용하지 못함에 따라 추후 공표될 연간확정과 차이가 있을 수 있으며 시계열 분석 시 유의바람",301,DT_200Y107,,,,
통계표,"(1) 분기속보 : 해당 분기 종료 후 28일 이내, 분기잠정 : 해당 분기 종료 후 70일 이내",301,DT_200Y108,,,,
통계표,"
(2) 연간 잠정치 : 해당 연도 종료 후 3개월 내에 국민소득(잠정), 6개월 내에 국민계정(잠정)이 공표",301,DT_200Y108,,,,
통계표,"
, 연간확정 : 해당 연도 종료 후 18개월 이내. 연간잠정 시에는 일부 기초자료를 이용하지 못함에 따라 추후 공표될 연간확정과 차이가 있을 수 있으며 시계열 분석 시 유의바람",301,DT_200Y108,,,,
통계표,"
(3) 연쇄가중법에 의해 추계된 실질 GDP통계는 비가법적 특성에 의해 총량(또는 상위부문) 금액과 그 구성항목 금액의 합이 일치하지 않음",301,DT_200Y108,,,,
통계표,"
(4) 개별 구성항목의 연쇄금액은 구성항목 내에서의 상대적 중요도를 정확하게 반영하지 못할 수 있으므로 상대비교 시에는 주의를 요함. 각 구성항목의 기여도는 2.1.5. GDP에 대한 성장기여도를 참조",301,DT_200Y108,,,,
통계표,"(1) 분기속보 : 해당 분기 종료 후 28일 이내, 분기잠정 : 해당 분기 종료 후 70일 이내",301,DT_200Y109,,,,
통계표,"
(2) 연간 잠정치 : 해당 연도 종료 후 3개월 내에 국민소득(잠정), 6개월 내에 국민계정(잠정)이 공표",301,DT_200Y109,,,,
통계표,"
, 연간확정 : 해당 연도 종료 후 18개월 이내. 연간잠정 시에는 일부 기초자료를 이용하지 못함에 따라 추후 공표될 연간확정과 차이가 있을 수 있으며 시계열 분석 시 유의바람",301,DT_200Y109,,,,
통계표,"(1) 분기속보 : 해당 분기 종료 후 28일 이내, 분기잠정 : 해당 분기 종료 후 70일 이내",301,DT_200Y110,,,,
통계표,"
(2) 연간 잠정치 : 해당 연도 종료 후 3개월 내에 국민소득(잠정), 6개월 내에 국민계정(잠정)이 공표",301,DT_200Y110,,,,
통계표,"
, 연간확정 : 해당 연도 종료 후 18개월 이내. 연간잠정 시에는 일부 기초자료를 이용하지 못함에 따라 추후 공표될 연간확정과 차이가 있을 수 있으며 시계열 분석 시 유의바람",301,DT_200Y110,,,,
통계표,"
(3) 연쇄가중법에 의해 추계된 실질 GDP통계는 비가법적 특성에 의해 총량(또는 상위부문) 금액과 그 구성항목 금액의 합이 일치하지 않음",301,DT_200Y110,,,,
통계표,"
(4) 개별 구성항목의 연쇄금액은 구성항목 내에서의 상대적 중요도를 정확하게 반영하지 못할 수 있으므로 상대비교 시에는 주의를 요함. 각 구성항목의 기여도는 2.1.5. GDP에 대한 성장기여도를 참조",301,DT_200Y110,,,,
통계표,(1) 분기잠정 : 해당 분기 종료 후 70일 이내,301,DT_200Y160,,,,
통계표,"
(2) 연간 잠정치 : 해당 연도 종료 후 3개월 내에 국민소득(잠정), 6개월 내에 국민계정(잠정)이 공표, 연간확정 : 해당 연도 종료 후 18개월 이내. 연간잠정 시에는 일부 기초자료를 이용하지 못함에 따라 추후 공표될 연간확정과 차이가 있을 수 있으며 시계열 분석 시 유의바람",301,DT_200Y160,,,,
통계표,(1) 분기잠정 : 해당 분기 종료 후 70일 이내,301,DT_200Y161,,,,
통계표,"
(2) 연간 잠정치 : 해당 연도 종료 후 3개월 내에 국민소득(잠정), 6개월 내에 국민계정(잠정)이 공표, 연간확정 : 해당 연도 종료 후 18개월 이내. 연간잠정 시에는 일부 기초자료를 이용하지 못함에 따라 추후 공표될 연간확정과 차이가 있을 수 있으며 시계열 분석 시 유의바람",301,DT_200Y161,,,,
통계표,"(1) 분기속보 : 해당 분기 종료 후 28일 이내, 분기잠정 : 해당 분기 종료 후 70일 이내",301,DT_200Y111,,,,
통계표,"
(2) 연간 잠정치 : 해당 연도 종료 후 3개월 내에 국민소득(잠정), 6개월 내에 국민계정(잠정)이 공표",301,DT_200Y111,,,,
통계표,"
, 연간확정 : 해당 연도 종료 후 18개월 이내. 연간잠정 시에는 일부 기초자료를 이용하지 못함에 따라 추후 공표될 연간확정과 차이가 있을 수 있으며 시계열 분석 시 유의바람",301,DT_200Y111,,,,
통계표,"
(3) 전기, 가스 및 수도사업은 하수 및 폐기물 처리, 원료재생업 포함",301,DT_200Y111,,,,
통계표,"
(4) 순생산물세 : 생산물세에서 생산물보조금을 차감하여 계산",301,DT_200Y111,,,,
통계표,"(1) 분기속보 : 해당 분기 종료 후 28일 이내, 분기잠정 : 해당 분기 종료 후 70일 이내",301,DT_200Y112,,,,
통계표,"
(2) 연간 잠정치 : 해당 연도 종료 후 3개월 내에 국민소득(잠정), 6개월 내에 국민계정(잠정)이 공표",301,DT_200Y112,,,,
통계표,"
, 연간확정 : 해당 연도 종료 후 18개월 이내. 연간잠정 시에는 일부 기초자료를 이용하지 못함에 따라 추후 공표될 연간확정과 차이가 있을 수 있으며 시계열 분석 시 유의바람",301,DT_200Y112,,,,
통계표,"(1) 연간잠정 : 해당 연도 종료 후 6개월 이내, 연간확정 : 해당 연도 종료 후 18개월 이내. 연간잠정 시에는 일부 기초자료를 이용하지 못함에 따라 추후 공표될 연간확정과 차이가 있을 수 있으며 시계열 분석 시 유의바람",301,DT_200Y113,,,,
통계표,"
",301,DT_200Y113,,,,
통계표,"
",301,DT_200Y113,,,,
통계표,(1) 연간확정 : 해당 연도 종료 후 18개월 이내,301,DT_200Y114,,,,
통계표,"
(2) 전기, 가스 및 수도사업은 하수 및 폐기물 처리, 원료재생업 포함",301,DT_200Y114,,,,
통계표,"
",301,DT_200Y114,,,,
통계표,"(1) 연간잠정 : 해당 연도 종료 후 6개월 이내, 연간확정 : 해당 연도 종료 후 18개월 이내. 연간잠정 시에는 일부 기초자료를 이용하지 못함에 따라 추후 공표될 연간확정과 차이가 있을 수 있으며 시계열 분석 시 유의바람",301,DT_200Y115,,,,
통계표,"
",301,DT_200Y115,,,,
통계표,"(1) 연간잠정 : 해당 연도 종료 후 6개월 이내, 연간확정 : 해당 연도 종료 후 18개월 이내. 연간잠정 시에는 일부 기초자료를 이용하지 못함에 따라 추후 공표될 연간확정과 차이가 있을 수 있으며 시계열 분석 시 유의바람",301,DT_200Y116,,,,
통계표,"
(2) 가계 및 비영리단체는 가계(민간 비법인기업 포함) 및 가계에 봉사하는 비영리단체를 포괄",301,DT_200Y116,,,,
통계표,"(1) 연간잠정 : 해당 연도 종료 후 6개월 이내, 연간확정 : 해당 연도 종료 후 18개월 이내. 연간잠정 시에는 일부 기초자료를 이용하지 못함에 따라 추후 공표될 연간확정과 차이가 있을 수 있으며 시계열 분석 시 유의바람",301,DT_200Y117,,,,
통계표,"
",301,DT_200Y117,,,,
통계표,"(1) 연간잠정 : 해당 연도 종료 후 6개월 이내, 연간확정 : 해당 연도 종료 후 18개월 이내. 연간잠정 시에는 일부 기초자료를 이용하지 못함에 따라 추후 공표될 연간확정과 차이가 있을 수 있으며 시계열 분석 시 유의바람",301,DT_200Y118,,,,
통계표,"
",301,DT_200Y118,,,,
통계표,"(1) 연간잠정 : 해당 연도 종료 후 6개월 이내, 연간확정 : 해당 연도 종료 후 18개월 이내. 연간잠정 시에는 일부 기초자료를 이용하지 못함에 따라 추후 공표될 연간확정과 차이가 있을 수 있으며 시계열 분석 시 유의바람",301,DT_200Y119,,,,
통계표,"
",301,DT_200Y119,,,,
통계표,(1) 연간확정 : 해당 연도 종료 후 18개월 이내,301,DT_200Y120,,,,
통계표,"
(2) 가계 및 비영리단체는 가계(민간 비법인기업 포함) 및 가계에 봉사하는 비영리단체를 포괄",301,DT_200Y120,,,,
통계표,"
",301,DT_200Y120,,,,
통계표,"(1) 연간잠정 : 해당 연도 종료 후 6개월 이내, 연간확정 : 해당 연도 종료 후 18개월 이내. 연간잠정 시에는 일부 기초자료를 이용하지 못함에 따라 추후 공표될 연간확정과 차이가 있을 수 있으며 시계열 분석 시 유의바람",301,DT_200Y121,,,,
통계표,"
(2) 가계 및 비영리단체는 가계(민간 비법인기업 포함) 및 가계에 봉사하는 비영리단체를 포괄",301,DT_200Y121,,,,
통계표,"
(3) 순생산물세 : 생산물세에서 생산물보조금을 차감하여 계산",301,DT_200Y121,,,,
통계표,"(1) 연간잠정 : 해당 연도 종료 후 9개월 이내, 연간확정 : 해당 연도 종료 후 21개월 이내. 연간잠정 시에는 일부 기초자료를 이용하지 못함에 따라 추후 공표될 연간확정과 차이가 있을 수 있으며 시계열 분석 시 유의바람",301,DT_200Y162,,,,
통계표,"
(2) 가계 및 비영리단체는 가계(민간 비법인기업 포함) 및 가계에 봉사하는 비영리단체를 포괄",301,DT_200Y162,,,,
통계표,"(1) 연간확정 : 해당 연도 종료 후 18개월 이내, 연간잠정 : 해당연도 종료 후 9개월 이내",301,DT_200Y122,,,,
통계표,"
(2) 가계 및 비영리단체는 가계(민간 비법인기업 포함) 및 가계에 봉사하는 비영리단체를 포괄",301,DT_200Y122,,,,
통계표,"(1) 분기속보 : 해당 분기 종료 후 28일 이내, 분기잠정 : 해당 분기 종료 후 70일 이내",301,DT_200Y123,,,,
통계표,"
(2) 연간 잠정치 : 해당 연도 종료 후 3개월 내에 국민소득(잠정), 6개월 내에 국민계정(잠정)이 공표, 연간확정 : 해당 연도 종료 후 18개월 이내. 연간잠정 시에는 일부 기초자료를 이용하지 못함에 따라 추후 공표될 연간확정과 차이가 있을 수 있으며 시계열 분석 시 유의바람",301,DT_200Y123,,,,
통계표,"
(3) 연쇄가중법에 의해 추계된 실질 GDP통계는 비가법적 특성에 의해 총량(또는 상위부문) 금액과 그 구성항목 금액의 합이 일치하지 않음",301,DT_200Y123,,,,
통계표,"
(4) 개별 구성항목의 연쇄금액은 구성항목 내에서의 상대적 중요도를 정확하게 반영하지 못할 수 있으므로 상대비교 시에는 주의를 요함. 각 구성항목의 기여도는 2.1.5. GDP에 대한 성장기여도를 참조",301,DT_200Y123,,,,
통계표,"
(5) 순생산물세 : 생산물세에서 생산물보조금을 차감하여 계산",301,DT_200Y123,,,,
통계표,"(1) 분기속보 : 해당 분기 종료 후 28일 이내, 분기잠정 : 해당 분기 종료 후 70일 이내",301,DT_200Y124,,,,
통계표,"
(2) 연간 잠정치 : 해당 연도 종료 후 3개월 내에 국민소득(잠정), 6개월 내에 국민계정(잠정)이 공표, 연간확정 : 해당 연도 종료 후 18개월 이내. 연간잠정 시에는 일부 기초자료를 이용하지 못함에 따라 추후 공표될 연간확정과 차이가 있을 수 있으며 시계열 분석 시 유의바람",301,DT_200Y124,,,,
통계표,"
(3) 연쇄가중법에 의해 추계된 실질 GDP통계는 비가법적 특성에 의해 총량(또는 상위부문) 금액과 그 구성항목 금액의 합이 일치하지 않음",301,DT_200Y124,,,,
통계표,"
(4) 개별 구성항목의 연쇄금액은 구성항목 내에서의 상대적 중요도를 정확하게 반영하지 못할 수 있으므로 상대비교 시에는 주의를 요함. 각 구성항목의 기여도는 2.1.5. GDP에 대한 성장기여도를 참조",301,DT_200Y124,,,,
통계표,"
(5) 순생산물세 : 생산물세에서 생산물보조금을 차감하여 계산",301,DT_200Y124,,,,
통계표,"(1) 분기속보 : 해당 분기 종료 후 28일 이내, 분기잠정 : 해당 분기 종료 후 70일 이내",301,DT_200Y125,,,,
통계표,"
(2) 연간 잠정치 : 해당 연도 종료 후 3개월 내에 국민소득(잠정), 6개월 내에 국민계정(잠정)이 공표, 연간확정 : 해당 연도 종료 후 18개월 이내. 연간잠정 시에는 일부 기초자료를 이용하지 못함에 따라 추후 공표될 연간확정과 차이가 있을 수 있으며 시계열 분석 시 유의바람",301,DT_200Y125,,,,
통계표,"
(3) 연쇄가중법에 의해 추계된 실질 GDP통계는 비가법적 특성에 의해 총량(또는 상위부문) 금액과 그 구성항목 금액의 합이 일치하지 않음",301,DT_200Y125,,,,
통계표,"
(4) 개별 구성항목의 연쇄금액은 구성항목 내에서의 상대적 중요도를 정확하게 반영하지 못할 수 있으므로 상대비교 시에는 주의를 요함. 각 구성항목의 기여도는 2.1.5. GDP에 대한 성장기여도를 참조",301,DT_200Y125,,,,
통계표,"(1) 분기속보 : 해당 분기 종료 후 28일 이내, 분기잠정 : 해당 분기 종료 후 70일 이내",301,DT_200Y126,,,,
통계표,"
(2) 연간 잠정치 : 해당 연도 종료 후 3개월 내에 국민소득(잠정), 6개월 내에 국민계정(잠정)이 공표, 연간확정 : 해당 연도 종료 후 18개월 이내. 연간잠정 시에는 일부 기초자료를 이용하지 못함에 따라 추후 공표될 연간확정과 차이가 있을 수 있으며 시계열 분석 시 유의바람",301,DT_200Y126,,,,
통계표,"
(3) 연쇄가중법에 의해 추계된 실질 GDP통계는 비가법적 특성에 의해 총량(또는 상위부문) 금액과 그 구성항목 금액의 합이 일치하지 않음",301,DT_200Y126,,,,
통계표,"
(4) 개별 구성항목의 연쇄금액은 구성항목 내에서의 상대적 중요도를 정확하게 반영하지 못할 수 있으므로 상대비교 시에는 주의를 요함. 각 구성항목의 기여도는 2.1.5. GDP에 대한 성장기여도를 참조",301,DT_200Y126,,,,
통계표,"(1) 분기속보 : 해당 분기 종료 후 28일 이내, 분기잠정 : 해당 분기 종료 후 70일 이내",301,DT_200Y127,,,,
통계표,"
(2) 연간 잠정치 : 해당 연도 종료 후 3개월 내에 국민소득(잠정), 6개월 내에 국민계정(잠정)이 공표, 연간확정 : 해당 연도 종료 후 18개월 이내. 연간잠정 시에는 일부 기초자료를 이용하지 못함에 따라 추후 공표될 연간확정과 차이가 있을 수 있으며 시계열 분석 시 유의바람",301,DT_200Y127,,,,
통계표,"(1) 분기속보 : 해당 분기 종료 후 28일 이내, 분기잠정 : 해당 분기 종료 후 70일 이내",301,DT_200Y128,,,,
통계표,"
(2) 연간 잠정치 : 해당 연도 종료 후 3개월 내에 국민소득(잠정), 6개월 내에 국민계정(잠정)이 공표, 연간확정 : 해당 연도 종료 후 18개월 이내. 연간잠정 시에는 일부 기초자료를 이용하지 못함에 따라 추후 공표될 연간확정과 차이가 있을 수 있으며 시계열 분석 시 유의바람",301,DT_200Y128,,,,
통계표,"
(3) 연쇄가중법에 의해 추계된 실질 GDP통계는 비가법적 특성에 의해 총량(또는 상위부문) 금액과 그 구성항목 금액의 합이 일치하지 않음",301,DT_200Y128,,,,
통계표,"(1) 분기속보 : 해당 분기 종료 후 28일 이내, 분기잠정 : 해당 분기 종료 후 70일 이내",301,DT_200Y129,,,,
통계표,"
(2) 연간 잠정치 : 해당 연도 종료 후 3개월 내에 국민소득(잠정), 6개월 내에 국민계정(잠정)이 공표, 연간확정 : 해당 연도 종료 후 18개월 이내. 연간잠정 시에는 일부 기초자료를 이용하지 못함에 따라 추후 공표될 연간확정과 차이가 있을 수 있으며 시계열 분석 시 유의바람",301,DT_200Y129,,,,
통계표,"(1) 분기속보 : 해당 분기 종료 후 28일 이내, 분기잠정 : 해당 분기 종료 후 70일 이내",301,DT_200Y130,,,,
통계표,"
(2) 연간 잠정치 : 해당 연도 종료 후 3개월 내에 국민소득(잠정), 6개월 내에 국민계정(잠정)이 공표, 연간확정 : 해당 연도 종료 후 18개월 이내. 연간잠정 시에는 일부 기초자료를 이용하지 못함에 따라 추후 공표될 연간확정과 차이가 있을 수 있으며 시계열 분석 시 유의바람",301,DT_200Y130,,,,
통계표,"
(3) 연쇄가중법에 의해 추계된 실질 GDP통계는 비가법적 특성에 의해 총량(또는 상위부문) 금액과 그 구성항목 금액의 합이 일치하지 않음",301,DT_200Y130,,,,
통계표,"(1) 분기속보 : 해당 분기 종료 후 28일 이내, 분기잠정 : 해당 분기 종료 후 70일 이내",301,DT_200Y131,,,,
통계표,"
(2) 연간 잠정치 : 해당 연도 종료 후 3개월 내에 국민소득(잠정), 6개월 내에 국민계정(잠정)이 공표, 연간확정 : 해당 연도 종료 후 18개월 이내. 연간잠정 시에는 일부 기초자료를 이용하지 못함에 따라 추후 공표될 연간확정과 차이가 있을 수 있으며 시계열 분석 시 유의바람",301,DT_200Y131,,,,
통계표,"(1) 분기속보 : 해당 분기 종료 후 28일 이내, 분기잠정 : 해당 분기 종료 후 70일 이내",301,DT_200Y132,,,,
통계표,"
(2) 연간 잠정치 : 해당 연도 종료 후 3개월 내에 국민소득(잠정), 6개월 내에 국민계정(잠정)이 공표, 연간확정 : 해당 연도 종료 후 18개월 이내. 연간잠정 시에는 일부 기초자료를 이용하지 못함에 따라 추후 공표될 연간확정과 차이가 있을 수 있으며 시계열 분석 시 유의바람",301,DT_200Y132,,,,
통계표,"
(3) 연쇄가중법에 의해 추계된 실질 GDP통계는 비가법적 특성에 의해 총량(또는 상위부문) 금액과 그 구성항목 금액의 합이 일치하지 않음",301,DT_200Y132,,,,
통계표,"(1) 분기속보 : 해당 분기 종료 후 28일 이내, 분기잠정 : 해당 분기 종료 후 70일 이내",301,DT_200Y133,,,,
통계표,"
(2) 연간 잠정치 : 해당 연도 종료 후 3개월 내에 국민소득(잠정), 6개월 내에 국민계정(잠정)이 공표, 연간확정 : 해당 연도 종료 후 18개월 이내. 연간잠정 시에는 일부 기초자료를 이용하지 못함에 따라 추후 공표될 연간확정과 차이가 있을 수 있으며 시계열 분석 시 유의바람",301,DT_200Y133,,,,
통계표,"(1) 분기속보 : 해당 분기 종료 후 28일 이내, 분기잠정 : 해당 분기 종료 후 70일 이내",301,DT_200Y134,,,,
통계표,"
(2) 연간 잠정치 : 해당 연도 종료 후 3개월 내에 국민소득(잠정), 6개월 내에 국민계정(잠정)이 공표, 연간확정 : 해당 연도 종료 후 18개월 이내. 연간잠정 시에는 일부 기초자료를 이용하지 못함에 따라 추후 공표될 연간확정과 차이가 있을 수 있으며 시계열 분석 시 유의바람",301,DT_200Y134,,,,
통계표,"
(3) 연쇄가중법에 의해 추계된 실질 GDP통계는 비가법적 특성에 의해 총량(또는 상위부문) 금액과 그 구성항목 금액의 합이 일치하지 않음",301,DT_200Y134,,,,
통계표,(1) 연간확정 : 해당 연도 종료 후 18개월 이내,301,DT_200Y135,,,,
통계표,"
(2) 전기, 가스 및 수도사업은 하수 및 폐기물 처리, 원료재생업 포함",301,DT_200Y135,,,,
통계표,(1) 연간확정 : 해당 연도 종료 후 18개월 이내,301,DT_200Y136,,,,
통계표,"
(2) 연쇄가중법에 의해 추계된 실질 GDP통계는 비가법적 특성에 의해 총량(또는 상위부문) 금액과 그 구성항목 금액의 합이 일치하지 않음",301,DT_200Y136,,,,
통계표,"
(3) 전기, 가스 및 수도사업은 하수 및 폐기물 처리, 원료재생업 포함",301,DT_200Y136,,,,
통계표,(1) 연간확정 : 해당 연도 종료 후 18개월 이내,301,DT_200Y137,,,,
통계표,"
(2) 전기, 가스 및 수도사업은 하수 및 폐기물 처리, 원료재생업 포함",301,DT_200Y137,,,,
통계표,"(1) 연간잠정 : 해당 연도 종료 후 9개월 이내, 연간확정 : 해당 연도 종료 후 18개월 이내. 연간잠정 시에는 일부 기초자료를 이용하지 못함에 따라 추후 공표될 연간확정과 차이가 있을 수 있으며 시계열 분석 시 유의바람",301,DT_200Y138,,,,
통계표,"
(2) 전기, 가스 및 수도사업은 하수 및 폐기물 처리, 원료재생업 포함",301,DT_200Y138,,,,
통계표,"(1) 연간잠정 : 해당 연도 종료 후 9개월 이내, 연간확정 : 해당 연도 종료 후 18개월 이내. 연간잠정 시에는 일부 기초자료를 이용하지 못함에 따라 추후 공표될 연간확정과 차이가 있을 수 있으며 시계열 분석 시 유의바람",301,DT_200Y139,,,,
통계표,"
(2) 연쇄가중법에 의해 추계된 실질 GDP통계는 비가법적 특성에 의해 총량(또는 상위부문) 금액과 그 구성항목 금액의 합이 일치하지 않음",301,DT_200Y139,,,,
통계표,"
(3) 전기, 가스 및 수도사업은 하수 및 폐기물 처리, 원료재생업 포함",301,DT_200Y139,,,,
통계표,"(1) 분기속보 : 해당 분기 종료 후 28일 이내, 분기잠정 : 해당 분기 종료 후 70일 이내",301,DT_200Y140,,,,
통계표,"
(2) 연간잠정 : 해당 연도 종료 후 3개월 이내, 연간확정 : 해당 연도 종료 후 18개월 이내. 연간잠정 시에는 일부 기초자료를 이용하지 못함에 따라 추후 공표될 연간확정과 차이가 있을 수 있으며 시계열 분석 시 유의바람",301,DT_200Y140,,,,
통계표,"(1) 분기속보 : 해당 분기 종료 후 28일 이내, 분기잠정 : 해당 분기 종료 후 70일 이내",301,DT_200Y141,,,,
통계표,"
(2) 연간 잠정치 : 해당 연도 종료 후 3개월 내에 국민소득(잠정), 6개월 내에 국민계정(잠정)이 공표, 연간확정 : 해당 연도 종료 후 18개월 이내. 연간잠정 시에는 일부 기초자료를 이용하지 못함에 따라 추후 공표될 연간확정과 차이가 있을 수 있으며 시계열 분석 시 유의바람",301,DT_200Y141,,,,
통계표,"
(3) 연쇄가중법에 의해 추계된 실질 GDP통계는 비가법적 특성에 의해 총량(또는 상위부문) 금액과 그 구성항목 금액의 합이 일치하지 않음",301,DT_200Y141,,,,
통계표,"(1) 분기속보 : 해당 분기 종료 후 28일 이내, 분기잠정 : 해당 분기 종료 후 70일 이내",301,DT_200Y142,,,,
통계표,"
(2) 연간 잠정치 : 해당 연도 종료 후 3개월 내에 국민소득(잠정), 6개월 내에 국민계정(잠정)이 공표, 연간확정 : 해당 연도 종료 후 18개월 이내. 연간잠정 시에는 일부 기초자료를 이용하지 못함에 따라 추후 공표될 연간확정과 차이가 있을 수 있으며 시계열 분석 시 유의바람",301,DT_200Y142,,,,
통계표,"(1) 분기속보 : 해당 분기 종료 후 28일 이내, 분기잠정 : 해당 분기 종료 후 70일 이내",301,DT_200Y143,,,,
통계표,"
(2) 연간 잠정치 : 해당 연도 종료 후 3개월 내에 국민소득(잠정), 6개월 내에 국민계정(잠정)이 공표, 연간확정 : 해당 연도 종료 후 18개월 이내. 연간잠정 시에는 일부 기초자료를 이용하지 못함에 따라 추후 공표될 연간확정과 차이가 있을 수 있으며 시계열 분석 시 유의바람",301,DT_200Y143,,,,
통계표,"
(3) 연쇄가중법에 의해 추계된 실질 GDP통계는 비가법적 특성에 의해 총량(또는 상위부문) 금액과 그 구성항목 금액의 합이 일치하지 않음",301,DT_200Y143,,,,
통계표,"(1) 분기속보 : 해당 분기 종료 후 28일 이내, 분기잠정 : 해당 분기 종료 후 70일 이내",301,DT_200Y144,,,,
통계표,"
(2) 연간 잠정치 : 해당 연도 종료 후 3개월 내에 국민소득(잠정), 6개월 내에 국민계정(잠정)이 공표, 연간확정 : 해당 연도 종료 후 18개월 이내. 연간잠정 시에는 일부 기초자료를 이용하지 못함에 따라 추후 공표될 연간확정과 차이가 있을 수 있으며 시계열 분석 시 유의바람",301,DT_200Y144,,,,
통계표,"(1) 분기속보 : 해당 분기 종료 후 28일 이내, 분기잠정 : 해당 분기 종료 후 70일 이내",301,DT_200Y145,,,,
통계표,"
(2) 연간 잠정치 : 해당 연도 종료 후 3개월 내에 국민소득(잠정), 6개월 내에 국민계정(잠정)이 공표, 연간확정 : 해당 연도 종료 후 18개월 이내. 연간잠정 시에는 일부 기초자료를 이용하지 못함에 따라 추후 공표될 연간확정과 차이가 있을 수 있으며 시계열 분석 시 유의바람",301,DT_200Y145,,,,
통계표,"
(3) 연쇄가중법에 의해 추계된 실질 GDP통계는 비가법적 특성에 의해 총량(또는 상위부문) 금액과 그 구성항목 금액의 합이 일치하지 않음",301,DT_200Y145,,,,
통계표,"(1) 분기속보 : 해당 분기 종료 후 28일 이내, 분기잠정 : 해당 분기 종료 후 70일 이내",301,DT_200Y146,,,,
통계표,"
(2) 연간 잠정치 : 해당 연도 종료 후 3개월 내에 국민소득(잠정), 6개월 내에 국민계정(잠정)이 공표, 연간확정 : 해당 연도 종료 후 18개월 이내. 연간잠정 시에는 일부 기초자료를 이용하지 못함에 따라 추후 공표될 연간확정과 차이가 있을 수 있으며 시계열 분석 시 유의바람",301,DT_200Y146,,,,
통계표,"(1) 분기속보 : 해당 분기 종료 후 28일 이내, 분기잠정 : 해당 분기 종료 후 70일 이내",301,DT_200Y147,,,,
통계표,"
(2) 연간 잠정치 : 해당 연도 종료 후 3개월 내에 국민소득(잠정), 6개월 내에 국민계정(잠정)이 공표, 연간확정 : 해당 연도 종료 후 18개월 이내. 연간잠정 시에는 일부 기초자료를 이용하지 못함에 따라 추후 공표될 연간확정과 차이가 있을 수 있으며 시계열 분석 시 유의바람",301,DT_200Y147,,,,
통계표,"
(3) 연쇄가중법에 의해 추계된 실질 GDP통계는 비가법적 특성에 의해 총량(또는 상위부문) 금액과 그 구성항목 금액의 합이 일치하지 않음",301,DT_200Y147,,,,
통계표,"(1) 분기속보 : 해당 분기 종료 후 28일 이내, 분기잠정 : 해당 분기 종료 후 70일 이내",301,DT_200Y148,,,,
통계표,"
(2) 연간 잠정치 : 해당 연도 종료 후 3개월 내에 국민소득(잠정), 6개월 내에 국민계정(잠정)이 공표, 연간확정 : 해당 연도 종료 후 18개월 이내. 연간잠정 시에는 일부 기초자료를 이용하지 못함에 따라 추후 공표될 연간확정과 차이가 있을 수 있으며 시계열 분석 시 유의바람",301,DT_200Y148,,,,
통계표,"(1) 분기속보 : 해당 분기 종료 후 28일 이내, 분기잠정 : 해당 분기 종료 후 70일 이내",301,DT_200Y149,,,,
통계표,"
(2) 연간 잠정치 : 해당 연도 종료 후 3개월 내에 국민소득(잠정), 6개월 내에 국민계정(잠정)이 공표, 연간확정 : 해당 연도 종료 후 18개월 이내. 연간잠정 시에는 일부 기초자료를 이용하지 못함에 따라 추후 공표될 연간확정과 차이가 있을 수 있으며 시계열 분석 시 유의바람",301,DT_200Y149,,,,
통계표,"
(3) 연쇄가중법에 의해 추계된 실질 GDP통계는 비가법적 특성에 의해 총량(또는 상위부문) 금액과 그 구성항목 금액의 합이 일치하지 않음",301,DT_200Y149,,,,
통계표,(1) 연간확정 : 해당 연도 종료 후 18개월 이내,301,DT_200Y151,,,,
통계표,"
(2) 산출액의 경우 정부의 자가자본형성을 위한 산출액 차감",301,DT_200Y151,,,,
통계표,"
(3) 사회보장현물수혜의 경우 사회부조현물수혜 포함",301,DT_200Y151,,,,
통계표,(1) 연간확정 : 해당 연도 종료 후 18개월 이내,301,DT_200Y152,,,,
통계표,"
(2) 재산소득, 기타경상이전, 자본이전, 총지출의 경우 정부 간 내부거래 포함에 따라 부문의 합과 총합이 불일치",301,DT_200Y152,,,,
통계표,"
(3) 사회보장현물수혜의 경우 사회부조현물수혜 포함",301,DT_200Y152,,,,
통계표,"
(4) 총고정자본형성의 경우 정부의 자가자본형성을 위한 고정자본소모 차감",301,DT_200Y152,,,,
통계표,"(1) 연간잠정 : 해당 연도 종료 후 6개월 이내, 연간확정 : 해당 연도 종료 후 18개월 이내. 연간잠정 시에는 일부 기초자료를 이용하지 못함에 따라 추후 공표될 연간확정과 차이가 있을 수 있으며 시계열 분석 시 유의바람",301,DT_200Y153,,,,
통계표,"
(2) 재산소득, 기타경상이전, 자본이전, 총지출의 경우 정부 간 내부거래 포함에 따라 부문의 합과 총합이 불일치",301,DT_200Y153,,,,
통계표,"
(3) 총지출의 경우 정부의 자가자본형성을 위한 산출액 차감",301,DT_200Y153,,,,
통계표,"(1) 연간잠정 : 해당 연도 종료 후 6개월 이내, 연간확정 : 해당 연도 종료 후 18개월 이내. 연간잠정 시에는 일부 기초자료를 이용하지 못함에 따라 추후 공표될 연간확정과 차이가 있을 수 있으며 시계열 분석 시 유의바람",301,DT_200Y154,,,,
통계표,"
(2) 산출액의 경우 정부의 자가자본형성을 위한 산출액 차감",301,DT_200Y154,,,,
통계표,"
(3) 기타경상이전, 자본이전의 수취 및 지급의 경우 정부 간 내부거래 포함에 따라 부문의 합과 총합이 불일치",301,DT_200Y154,,,,
통계표,"
(4) 사회보장현물수혜의 경우 사회부조현물수혜를 포함",301,DT_200Y154,,,,
통계표,"
(5) 총고정자본형성의 경우 정부의 자가자본형성을 위한 고정자본소모 차감",301,DT_200Y154,,,,
통계표,"(1) 분기속보 : 해당 분기 종료 후 28일 이내, 분기잠정 : 해당 분기 종료 후 70일 이내",301,DT_200Y155,,,,
통계표,"
(2) 연간 잠정치 : 해당 연도 종료 후 3개월 내에 국민소득(잠정), 6개월 내에 국민계정(잠정)이 공표, 연간확정 : 해당 연도 종료 후 18개월 이내. 연간잠정 시에는 일부 기초자료를 이용하지 못함에 따라 추후 공표될 연간확정과 차이가 있을 수 있으며 시계열 분석 시 유의바람",301,DT_200Y155,,,,
통계표,"(1) 분기속보 : 해당 분기 종료 후 28일 이내, 분기잠정 : 해당 분기 종료 후 70일 이내",301,DT_200Y156,,,,
통계표,"
(2) 연간 잠정치 : 해당 연도 종료 후 3개월 내에 국민소득(잠정), 6개월 내에 국민계정(잠정)이 공표, 연간확정 : 해당 연도 종료 후 18개월 이내. 연간잠정 시에는 일부 기초자료를 이용하지 못함에 따라 추후 공표될 연간확정과 차이가 있을 수 있으며 시계열 분석 시 유의바람",301,DT_200Y156,,,,
통계표,"
(3) 가계 및 비영리단체는 가계(민간 비법인기업 포함) 및 가계에 봉사하는 비영리단체를 포괄",301,DT_200Y156,,,,
통계표,"(1) 분기속보 : 해당 분기 종료 후 28일 이내, 분기잠정 : 해당 분기 종료 후 70일 이내",301,DT_200Y157,,,,
통계표,"
(2) 연간 잠정치 : 해당 연도 종료 후 3개월 내에 국민소득(잠정), 6개월 내에 국민계정(잠정)이 공표, 연간확정 : 해당 연도 종료 후 18개월 이내. 연간잠정 시에는 일부 기초자료를 이용하지 못함에 따라 추후 공표될 연간확정과 차이가 있을 수 있으며 시계열 분석 시 유의바람",301,DT_200Y157,,,,
통계표,"
(3) 연쇄가중법에 의해 추계된 실질 GDP통계는 비가법적 특성에 의해 총량(또는 상위부문) 금액과 그 구성항목 금액의 합이 일치하지 않음",301,DT_200Y157,,,,
통계표,"(1) 분기속보 : 해당 분기 종료 후 28일 이내, 분기잠정 : 해당 분기 종료 후 70일 이내",301,DT_200Y158,,,,
통계표,"
(2) 연간 잠정치 : 해당 연도 종료 후 3개월 내에 국민소득(잠정), 6개월 내에 국민계정(잠정)이 공표, 연간확정 : 해당 연도 종료 후 18개월 이내. 연간잠정 시에는 일부 기초자료를 이용하지 못함에 따라 추후 공표될 연간확정과 차이가 있을 수 있으며 시계열 분석 시 유의바람",301,DT_200Y158,,,,
통계표,"
(3) 연쇄가중법에 의해 추계된 실질 GDP통계는 비가법적 특성에 의해 총량(또는 상위부문) 금액과 그 구성항목 금액의 합이 일치하지 않음",301,DT_200Y158,,,,
통계표,"1) 상반기 잠정통계(월 단위)는 10월 이후, 연간 확정통계(월 단위)는 익년도 4월 이후 공표",301,DT_303Y001,,,,
통계표,"
2) EU : 영국이 유럽연합(EU)을 탈퇴(2020.1.31일)한 2020.2월부터 EU회원국 범위를 기존 28개국에서 영국을 제외한 27개국으로 변경",301,DT_303Y001,,,,
통계표,"
3) EU(영국제외) : 영국을 제외한 현 EU 27개국 기준",301,DT_303Y001,,,,
통계표,"상반기 잠정통계(월 단위)는 10월 이후, 연간 확정통계(월 단위)는 익년도 4월 이후 공표",301,DT_303Y002,,,,
통계표,"1) 상반기 잠정통계(월 단위)는 10월 이후, 연간 확정통계(월 단위)는 익년도 4월 이후 공표",301,DT_303Y003,,,,
통계표,"
2) EU : 영국이 유럽연합(EU)을 탈퇴(2020.1.31일)한 2020.2월부터 EU회원국 범위를 기존 28개국에서 영국을 제외한 27개국으로 변경",301,DT_303Y003,,,,
통계표,"
3) EU(영국제외) : 영국을 제외한 현 EU 27개국 기준",301,DT_303Y003,,,,
통계표,"1) 상반기 잠정통계(월 단위)는 10월 이후, 연간 확정통계(월 단위)는 익년도 4월 이후 공표",301,DT_303Y004,,,,
통계표,"
2) EU : 영국이 유럽연합(EU)을 탈퇴(2020.1.31일)한 2020.2월부터 EU회원국 범위를 기존 28개국에서 영국을 제외한 27개국으로 변경",301,DT_303Y004,,,,
통계표,"
3) EU(영국제외) : 영국을 제외한 현 EU 27개국 기준",301,DT_303Y004,,,,
통계표,"상반기 잠정통계(월 단위)는 10월 이후, 연간 확정통계(월 단위)는 익년도 4월 이후 공표",301,DT_303Y005,,,,
통계표,"1) 상반기 잠정통계(월 단위)는 10월 이후, 연간 확정통계(월 단위)는 익년도 4월 이후 공표",301,DT_303Y006,,,,
통계표,"
2) EU : 영국이 유럽연합(EU)을 탈퇴(2020.1.31일)한 2020.2월부터 EU회원국 범위를 기존 28개국에서 영국을 제외한 27개국으로 변경",301,DT_303Y006,,,,
통계표,"
3) EU(영국제외) : 영국을 제외한 현 EU 27개국 기준",301,DT_303Y006,,,,
통계표,"거주자 경제주체(금융법인, 비금융법인, 일반정부)의 명목가격 기준 채권발행잔액 통계(SNA2008기준)",301,DT_282Y001,,,,
통계표,"거주자 경제주체(금융법인, 비금융법인, 일반정부)의 시장가격 기준 채권발행잔액 통계(SNA2008기준)",301,DT_282Y002,,,,
통계표,"1) 비은행 예금취급기관은 신탁, 서민금융기관(저축은행, 신협, 새마을금고, 상호금융), 종금사, 기타예금취급기관(수출입은행, 우체국예금) 등을 포함",301,DT_284Y001,,,,
통계표,"
2) 기타금융기관은 금융중개기관(증권기관, 여신전문기관, 공적금융기관), 금융보조기관, 전속금융기관(지주사, SPC) 및 대부업체 등을 포함",301,DT_284Y001,,,,
통계표,"
3) 금융상품은 현금 및 예금, 채권, 대출금(정부융자 포함), 보험 및 연금 준비금, 투자펀드 지분을 대상으로 함",301,DT_284Y001,,,,
통계표,"1) 비은행 예금취급기관은 신탁, 서민금융기관(저축은행, 신협, 새마을금고, 상호금융), 종금사, 기타예금취급기관(수출입은행, 우체국예금) 등을 포함",301,DT_284Y002,,,,
통계표,"
2) 기타금융기관은 금융중개기관(증권기관, 여신전문기관, 공적금융기관), 금융보조기관, 전속금융기관(지주사, SPC) 및 대부업체 등을 포함",301,DT_284Y002,,,,
통계표,"
3) 금융상품은 현금 및 예금, 채권, 대출금(정부융자 포함), 보험 및 연금 준비금, 투자펀드 지분을 대상으로 함",301,DT_284Y002,,,,
통계표,'2026년 4월 통화 및 유동성’ 공표시 기초자료 변경사항을 반영하여 과거 시계열(2022.12월~2026.2월)을 수정(2026.6.16.),301,DT_161Y017,,,,
통계표,"
1) 예금은행, 비은행예금취급기관(서민금융기관, MMF 등) 포괄",301,DT_161Y017,,,,
통계표,"
2) 기타금융기관부문: 2025.12월 통화 및 유동성 통계 개편에 따라 기타금융기관의 세분화된 통계를 2023.12월부터 제공",301,DT_161Y017,,,,
통계표,"
3) 연금기금부문: 민간의 퇴직관련 신탁계정 등(국민연금기금, 공무원연금기금, 군인연금기금 등 제외)",301,DT_161Y017,,,,
통계표,"
4) 기타금융중개기관부문: 증권기관, 여신전문기관 등",301,DT_161Y017,,,,
통계표,"
5) 금융보조기관부문: 서민금융기관 중앙회, 자금중개회사, 투자자문회사, 한국거래소, 금융결제원 등",301,DT_161Y017,,,,
통계표,"
6) 전속금융기관 및 대부업체부문: SPC, 금융지주회사, 대부업체 등",301,DT_161Y017,,,,
통계표,"
7) 국외부문 주식 및 기타지분 : 2023년 11월 이전에는 채무증권에 포함",301,DT_161Y017,,,,
통계표,"
8) 최종월은 잠정치",301,DT_161Y017,,,,
통계표,'2026년 4월 통화 및 유동성’ 공표시 기초자료 변경사항을 반영하여 과거 시계열(2022.12월~2026.2월)을 수정(2026.6.16.),301,DT_161Y015,,,,
통계표,"
1) 중앙은행, 기타예금취급기관 포괄",301,DT_161Y015,,,,
통계표,"
2) 사회보장기구 부문: 국민연금기금, 고용보험기금, 산업재해보상보험 및 예방기금 등",301,DT_161Y015,,,,
통계표,"
3) 비금융기업 부문: 민간기업 및 공기업 등",301,DT_161Y015,,,,
통계표,"
4) 기타금융기관부문: 2025.12월 통화 및 유동성 통계 개편에 따라 기타금융기관의 세분화된 통계를 2023.12월부터 제공",301,DT_161Y015,,,,
통계표,"
5) 연금기금부문: 민간의 퇴직관련 신탁계정 등(국민연금기금, 공무원연금기금, 군인연금기금 등 제외)",301,DT_161Y015,,,,
통계표,"
6) 기타금융중개기관부문: 증권기관, 여신전문기관 등",301,DT_161Y015,,,,
통계표,"
7) 금융보조기관부문: 서민금융기관 중앙회, 자금중개회사, 투자자문회사, 한국거래소, 금융결제원 등",301,DT_161Y015,,,,
통계표,"
8) 전속금융기관 및 대부업체부문: SPC, 금융지주회사, 대부업체 등",301,DT_161Y015,,,,
통계표,"
9) 국외부문 주식 및 기타지분 : 2023년 11월 이전에는 채무증권에 포함",301,DT_161Y015,,,,
통계표,'2026년 4월 통화 및 유동성’ 공표시 기초자료 변경사항을 반영하여 과거 시계열(2022.12월~2026.2월)을 수정(2026.6.16.),301,DT_161Y016,,,,
통계표,"
1) 기타예금취급기관 부문: 예금은행, 서민금융기관, MMF 등",301,DT_161Y016,,,,
통계표,"
2) 기타금융기관부문: 2025.12월 통화 및 유동성 통계 개편에 따라 기타금융기관의 세분화된 통계를 2023.12월부터 제공",301,DT_161Y016,,,,
통계표,"
3) 연금기금부문: 민간의 퇴직관련 신탁계정 등(국민연금기금, 공무원연금기금, 군인연금기금 등 제외)",301,DT_161Y016,,,,
통계표,"
4) 기타금융중개기관부문: 증권기관, 여신전문기관 등",301,DT_161Y016,,,,
통계표,"
5) 금융보조기관부문: 서민금융기관 중앙회, 자금중개회사, 투자자문회사, 한국거래소, 금융결제원 등",301,DT_161Y016,,,,
통계표,"
6) 전속금융기관 및 대부업체부문: SPC, 금융지주회사, 대부업체 등",301,DT_161Y016,,,,
통계표,"
7) 최종월은 잠정치",301,DT_161Y016,,,,
통계표,"
8) 본원통화 통계의 속보성 제고를 위해 2025.12월 M2 통계 공표시부터 본원통화 총액 통계를 해당 월말 2주 후(익월 중순) 공표",301,DT_161Y016,,,,
통계표,광의유동성(L) = Lf + 정부 및 기업 등이 발행한 유동성 상품 등,301,DT_172Y001,,,,
통계표,"
최종월 수치는 잠정치",301,DT_172Y001,,,,
통계표,"
1) Lf 통화발행주체(Non-MMF, 연금기금, 생명보험회사, 한국증권금융, 종합금융투자사업자의 종합투자계좌(IMA) 부문)를 제외한 기타금융기관의 상품(손해보험사 보험계약준비금, 증권회사 환매조건부채권, 자산유동화채권 등)",301,DT_172Y001,,,,
통계표,"
2) 국채, 지방채, 예금보험공사채, 자산관리공사채 등",301,DT_172Y001,,,,
통계표,"
3) 2013년 4월부터 전자단기사채 포함",301,DT_172Y001,,,,
통계표,광의유동성(L) = Lf + 정부 및 기업 등이 발행한 유동성 상품 등,301,DT_172Y002,,,,
통계표,"
최종월 수치는 잠정치",301,DT_172Y002,,,,
통계표,"
1) Lf 통화발행주체(Non-MMF, 연금기금, 생명보험회사, 한국증권금융, 종합금융투자사업자의 종합투자계좌(IMA) 부문)를 제외한 기타금융기관의 상품(손해보험사 보험계약준비금, 증권회사 환매조건부채권, 자산유동화채권 등)",301,DT_172Y002,,,,
통계표,"
2) 국채, 지방채, 예금보험공사채, 자산관리공사채 등",301,DT_172Y002,,,,
통계표,"
3) 2013년 4월부터 전자단기사채 포함",301,DT_172Y002,,,,
통계표,1) 산업은행이 예금은행으로 분류된 2002년 1월부터 동 기관분 포함,301,DT_104Y015,,,,
통계표,"
2) 외화예금 및 동업자예금 제외",301,DT_104Y015,,,,
통계표,"
3) 정기적금내 가계우대정기적금 포함",301,DT_104Y015,,,,
통계표,"
4) 주택부금내 근로자주택마련저축 포함",301,DT_104Y015,,,,
통계표,1) 산업은행이 예금은행으로 분류된 2002년 1월부터 동 기관분 포함,301,DT_104Y008,,,,
통계표,"
2) 외화예금 및 동업자예금 제외",301,DT_104Y008,,,,
통계표,"
3) 정기적금내 가계우대정기적금 포함",301,DT_104Y008,,,,
통계표,"
4) 주택부금내 근로자주택마련저축 포함",301,DT_104Y008,,,,
통계표,* 최종월 수치는 잠정치이며 금융기관 조사표 등 기초자료가 보완되거나 편제기준이 변경되는 경우 기공표된 수치는 수정됩니다.,301,DT_141Y004,,,,
통계표,"
1) 시.도별 구분은 취급점포 소재지 기준임",301,DT_141Y004,,,,
통계표,"
2) 2012년 9월부터 세종시 통계가 추가됨에 따라 그동안 충남(연기군전체, 공주시 일부) 및 충북(청원군 일부)지역에",301,DT_141Y004,,,,
통계표,"
   포함되었던 지역통계가 세종시로 이관됨에 따라 충남 및 충북통계 이용시 2012년 9월 전후 시계열 비교에 유의",301,DT_141Y004,,,,
통계표,* 최종월 수치는 잠정치이며 금융기관 조사표 등 기초자료가 보완되거나 편제기준이 변경되는 경우 기공표된 수치는 수정됩니다.,301,DT_141Y003,,,,
통계표,"
1) 시.도별 구분은 취급점포 소재지 기준임, 단, 2017.2월이후 인터넷전문은행은 서울지역으로 분류",301,DT_141Y003,,,,
통계표,"
2) 2012년 9월부터 세종시 통계가 추가됨에 따라 그동안 충남(연기군전체, 공주시 일부) 및 충북(청원군 일부)지역에",301,DT_141Y003,,,,
통계표,"
   포함되었던 지역통계가 세종시로 이관됨에 따라 충남 및 충북통계 이용시 2012년 9월 전후 시계열 비교에 유의",301,DT_141Y003,,,,
통계표,* 최종월 수치는 잠정치이며 금융기관 조사표 등 기초자료가 보완되거나 편제기준이 변경되는 경우 기공표된 수치는 수정됩니다.,301,DT_141Y002,,,,
통계표,"
1) 시.도별 구분은 취급점포 소재지 기준임, 단, 2017.2월이후 인터넷전문은행은 서울지역으로 분류",301,DT_141Y002,,,,
통계표,"
2) 2012년 9월부터 세종시 통계가 추가됨에 따라 그동안 충남(연기군전체, 공주시 일부) 및 충북(청원군 일부)지역에",301,DT_141Y002,,,,
통계표,"
   포함되었던 지역통계가 세종시로 이관됨에 따라 충남 및 충북통계 이용시 2012년 9월 전후 시계열 비교에 유의",301,DT_141Y002,,,,
통계표,1) 산업은행이 예금은행으로 분류된 2002년 1월부터 동 기관분 포함,301,DT_104Y013,,,,
통계표,"
2) 동업자예금 제외",301,DT_104Y013,,,,
통계표,1) 산업은행이 예금은행으로 분류된 2002년 1월부터 동 기관분 포함,301,DT_104Y014,,,,
통계표,"
2) 동업자예금 제외",301,DT_104Y014,,,,
통계표,"
3) 금융채발행 : 2001. 9월까지는 외화금융채권(예금은행이외의 금융기관이 국외비거주자를 대상으로 발행한 외화금융채권을 예금은행이 국외비거주자로부터 취득하여 보유하고 있는 경우)를 포함",301,DT_104Y014,,,,
통계표,"
4) 2001. 10월 이후는 원화금융채권 발행액만 포함",301,DT_104Y014,,,,
통계표,"1) 특별자금 = 경제의 안정과 성장에 관한 긴급명령(1972. 8), 주거래은행제도 도입(1976. 10), 산업합리화조치(1981. 4)에 따른 특별중장기대출",301,DT_104Y016,,,,
통계표,"
2) 무역금융 = 일반수출입금융, 건설·용역수출금융 및 농수산물수출 준비자금대출",301,DT_104Y016,,,,
통계표,"예수금(외화예수금 포함), 자체발행어음, 표지어음매출, CMA, 수익증권, 보험계약준비금 등",301,DT_111Y007,,,,
통계표,"
최종월 수치는 잠정치",301,DT_111Y007,,,,
통계표,"
2022.4월~12월 수치는 기초자료 보완 등으로 변경되었음",301,DT_111Y007,,,,
통계표,"
1) 비은행금융기관: 2002.1월부터는 예금은행으로 분류된 산업은행 제외",301,DT_111Y007,,,,
통계표,"
2) 종합금융회사: 2003년 6월까지는 수익증권 포함",301,DT_111Y007,,,,
통계표,"
3) 자산운용회사: 수익증권",301,DT_111Y007,,,,
통계표,"
4) 생명보험: 우체국보험 포함",301,DT_111Y007,,,,
통계표,"
5) 기타: 우체국예금, 한국증권금융",301,DT_111Y007,,,,
통계표,"예수금(외화예수금 포함), 자체발행어음, 표지어음매출, CMA, 수익증권, 보험계약준비금 등",301,DT_111Y008,,,,
통계표,"
최종월 수치는 잠정치",301,DT_111Y008,,,,
통계표,"
2022.4월~12월 수치는 기초자료 보완 등으로 변경되었음",301,DT_111Y008,,,,
통계표,"
1) 비은행금융기관: 2002.1월부터는 예금은행으로 분류된 산업은행 제외",301,DT_111Y008,,,,
통계표,"
2) 종합금융회사: 2003년 6월까지는 수익증권 포함",301,DT_111Y008,,,,
통계표,"
3) 자산운용회사: 수익증권",301,DT_111Y008,,,,
통계표,"
4) 생명보험: 우체국보험 포함",301,DT_111Y008,,,,
통계표,"
5) 기타: 우체국예금, 한국증권금융",301,DT_111Y008,,,,
통계표,"원화대출금 및 외화대출금, 매입어음",301,DT_111Y009,,,,
통계표,"
최종월 수치는 잠정치",301,DT_111Y009,,,,
통계표,"
1) 비은행금융기관: 수출입은행 및 산업은행 포함. 다만, 2002년 1월부터는 예금은행으로 분류된 산업은행 제외",301,DT_111Y009,,,,
통계표,"
2) 자산운용회사: 자산운용회사의 신탁계정",301,DT_111Y009,,,,
통계표,"
3) 생명보험회사: 우체국보험 포함",301,DT_111Y009,,,,
통계표,"
4) 기타: 수출입은행, 우체국예금, 한국증권금융",301,DT_111Y009,,,,
통계표,* 최근 분기 수치는 잠정치임,301,DT_151Y001,,,,
통계표,"
1) 일부 비은행예금취급기관의 기초자료 추가 확보 등으로 2007.4/4분기~2015.3/4분기 주택담보대출 및 기타대출 수치를 수정함",301,DT_151Y001,,,,
통계표,"
2) 비은행예금취급기관 기초자료 정비로 2018.1/4분기~2025.3/4분기 수치를 수정함(2026.2.20일)",301,DT_151Y001,,,,
통계표,"
",301,DT_151Y001,,,,
통계표,* 최근 분기 수치는 잠정치임,301,DT_151Y004,,,,
통계표,"
1) 일부 비은행예금취급기관의 기초자료 추가 확보 등으로 2007.4/4분기~2015.3/4분기 주택담보대출 및 기타대출 수치를 수정함",301,DT_151Y004,,,,
통계표,"
2) 주택담보대출은 집단대출, 전세자금대출 등 주택관련 대출을 포함",301,DT_151Y004,,,,
통계표,"
3) 기존 ""[참고]주택금융공사 및 주택도시기금의 주택담보대출"" 통계 항목을 개인대상 주택관련 정책대출을 모두 포괄하여 ""[참고]주택금융공사 및 주택도시기금의 정책대출""로 변경 공표",301,DT_151Y004,,,,
통계표,"
4) 비은행예금취급기관 기초자료 정비로 2018.1/4분기~2025.3/4분기 수치를 수정함(2026.2.20일)",301,DT_151Y004,,,,
통계표,* 최종월 수치는 잠정치이며 금융기관 조사표 등 기초자료가 보완되거나 편제기준이 변경되는 경우 기공표된 수치는 수정됩니다.,301,DT_151Y006,,,,
통계표,"
주: 1) 시.도별 구분은 취급점포 소재지 기준임, 단, 2017.2월이후 인터넷전문은행은 서울지역으로 분류",301,DT_151Y006,,,,
통계표,"
     2) 2012년 9월부터 세종시 통계가 추가됨에 따라 그동안 충남(연기군 전체, 공주시 일부) 및 충북(청원군 일부) 지역에 ",301,DT_151Y006,,,,
통계표,"
        포함되었던 일부 지역이 세종시로 이관되었음. 따라서 충남 및 충북 통계 이용시 2012년 9월 전후 시계열 비교에 ",301,DT_151Y006,,,,
통계표,"
        유의하시기 바랍니다.",301,DT_151Y006,,,,
통계표,"
     3) 기초자료 정비로 2018.1월~2025.11월 수치를 수정함(2026.2.20일)",301,DT_151Y006,,,,
통계표,* 최종월 수치는 잠정치이며 금융기관 조사표 등 기초자료가 보완되거나 편제기준이 변경되는 경우 기공표된 수치는 수정됩니다.,301,DT_151Y003,,,,
통계표,"
주: 1) 시.도별 구분은 취급점포 소재지 기준임, 단, 2017.2월이후 인터넷전문은행은 서울지역으로 분류",301,DT_151Y003,,,,
통계표,"
     2) 2012년 9월부터 세종시 통계가 추가됨에 따라 그동안 충남(연기군 전체, 공주시 일부) 및 충북(청원군 일부) 지역에 ",301,DT_151Y003,,,,
통계표,"
        포함되었던 일부 지역이 세종시로 이관되었음. 따라서 충남 및 충북 통계 이용시 2012년 9월 전후 시계열 비교에 ",301,DT_151Y003,,,,
통계표,"
        유의하시기 바랍니다.",301,DT_151Y003,,,,
통계표,* 최근 월 수치는 잠정치임,301,DT_151Y002,,,,
통계표,"
1) 일부 비은행예금취급기관의 기초자료 추가 확보 등으로 2007.12월~2015.11월 주택담보대출 및 기타대출 수치를 수정함",301,DT_151Y002,,,,
통계표,"
2) 비은행예금취급기관 기초자료 정비로 2018.1월~2025.11월 수치를 수정함(2026.2.20일)",301,DT_151Y002,,,,
통계표,* 최근 월 수치는 잠정치임,301,DT_151Y005,,,,
통계표,"
1) 일부 비은행예금취급기관의 기초자료 추가 확보 등으로 2007.12월~2015.11월 주택담보대출 및 기타대출 수치를 수정함",301,DT_151Y005,,,,
통계표,"
2) 주택담보대출은 집단대출, 전세자금대출 등 주택관련 대출을 포함",301,DT_151Y005,,,,
통계표,"
3) 기존 ""[참고]주택금융공사 및 주택도시기금의 주택담보대출"" 통계 항목을 개인대상 주택관련 정책대출을 모두 포괄하여 ""[참고]주택금융공사 및 주택도시기금의 정책대출""로 변경 공표",301,DT_151Y005,,,,
통계표,"
4) 비은행예금취급기관 기초자료 정비로 2018.1월~2025.11월 수치를 수정함(2026.2.20일)",301,DT_151Y005,,,,
통계표,"1) 기간중 신규대출을 받은 차주의 해당 기간 신규취급 대출계좌를 기준으로 분류. 진입(직전기간 대출잔액 = 0), 증액(직전기간 대출잔액 < 해당기간 대출잔액), 전환(직전기간 대출잔액 ≥ 해당기간 대출잔액) ",301,DT_181Y001,,,,
통계표,"
2) 저축은행, 신용협동조합, 상호금융, 새마을금고",301,DT_181Y001,,,,
통계표,"
3) 보험사, 여신전문기관, 증권사, 대부업 등 포함",301,DT_181Y001,,,,
통계표,"
4) 예적금담보대출, 주택외 부동산담보대출, 전세보증금담보대출, 지급보증서담보대출 등 포함",301,DT_181Y001,,,,
통계표,"
5) 신용대출 중 상호금융은 기초자료 한계로 2022.1/4분기부터 포함",301,DT_181Y001,,,,
통계표,"
6) 2017.3/4분기 이후 편제. 2017.3/4분기 이전에는 주택외담보대출에 포함",301,DT_181Y001,,,,
통계표,"
7) 할부/리스, 카드론, 학자금대출 등 포함",301,DT_181Y001,,,,
통계표,"
8) 학자금대출의 경우 신용정보사의 학자금대출 정보 변경으로 25.3/4분기부터 신규 채무자에 한해 반영",301,DT_181Y001,,,,
통계표,"1) 기간중 신규대출을 받은 차주의 해당 기간 신규취급 대출계좌를 기준으로 분류. 진입(직전기간 대출잔액 = 0), 증액(직전기간 대출잔액 < 해당기간 대출잔액), 전환(직전기간 대출잔액 ≥ 해당기간 대출잔액)",301,DT_181Y011,,,,
통계표,"
2) 저축은행, 신용협동조합, 상호금융, 새마을금고",301,DT_181Y011,,,,
통계표,"
3) 보험사, 여신전문기관, 증권사, 대부업 등 포함",301,DT_181Y011,,,,
통계표,"1) 저축은행, 신용협동조합, 상호금융, 새마을금고",301,DT_181Y002,,,,
통계표,"
2) 보험사, 여신전문기관, 증권사, 대부업 등 포함",301,DT_181Y002,,,,
통계표,"
3) 예적금담보대출, 주택외 부동산담보대출, 전세보증금담보대출, 지급보증서담보대출 등 포함",301,DT_181Y002,,,,
통계표,"
4) 신용대출 중 상호금융은 기초자료 한계로 2022.1/4분기부터 포함",301,DT_181Y002,,,,
통계표,"
5) 2017.3/4분기 이후 편제. 2017.3/4분기 이전에는 주택외담보대출에 포함",301,DT_181Y002,,,,
통계표,"
6) 할부·리스, 카드론, 학자금대출 등 포함",301,DT_181Y002,,,,
통계표,"1) 저축은행, 신용협동조합, 상호금융, 새마을금고",301,DT_181Y012,,,,
통계표,"
2) 보험사, 여신전문기관, 증권사, 대부업 등 포함",301,DT_181Y012,,,,
통계표,"1) 분기중 신규대출을 받은 차주의 직전 분기 대출잔액을 기준으로 분류. 진입(직전분기 대출잔액 = 0), 증액(직전분기 대출잔액 < 해당분기 대출잔액), 전환(직전분기 대출잔액 ≥ 해당분기 대출잔액)",301,DT_181Y013,,,,
통계표,"
2) 저축은행, 신용협동조합, 상호금융, 새마을금고",301,DT_181Y013,,,,
통계표,"
3) 보험사, 여신전문기관, 증권사, 대부업 등 포함",301,DT_181Y013,,,,
통계표,"
4) 예적금담보대출, 주택외 부동산담보대출, 전세보증금담보대출, 지급보증서담보대출 등 포함",301,DT_181Y013,,,,
통계표,"
5) 신용대출 중 상호금융은 기초자료 한계로 2022.1/4분기부터 포함",301,DT_181Y013,,,,
통계표,"
6) 2017.3/4분기 이후 편제. 2017.3/4분기 이전에는 주택외담보대출에 포함",301,DT_181Y013,,,,
통계표,"
7) 할부·리스, 카드론, 학자금대출 등 포함",301,DT_181Y013,,,,
통계표,"
8) 학자금대출의 경우 신용정보사의 학자금대출 정보 변경으로 25.3/4분기부터 신규 채무자에 한해 반영",301,DT_181Y013,,,,
통계표,"1) 분기중 신규대출을 받은 차주의 직전 분기 대출잔액을 기준으로 분류. 진입(직전분기 대출잔액 = 0), 증액(직전분기 대출잔액 < 해당분기 대출잔액), 전환(직전분기 대출잔액 ≥ 해당분기 대출잔액)",301,DT_181Y015,,,,
통계표,"
2) 저축은행, 신용협동조합, 상호금융, 새마을금고",301,DT_181Y015,,,,
통계표,"
3) 보험사, 여신전문기관, 증권사, 대부업 등 포함",301,DT_181Y015,,,,
통계표,"1) 저축은행, 신용협동조합, 상호금융, 새마을금고",301,DT_181Y016,,,,
통계표,"
2) 보험사, 여신전문기관, 증권사, 대부업 등 포함",301,DT_181Y016,,,,
통계표,"
3) 예적금담보대출, 주택외 부동산담보대출, 전세보증금담보대출, 지급보증서담보대출 등 포함",301,DT_181Y016,,,,
통계표,"
4) 신용대출 중 상호금융은 기초자료 한계로 2022.1/4분기부터 포함",301,DT_181Y016,,,,
통계표,"
5) 2017.3/4분기 이후 편제. 2017.3/4분기 이전에는 주택외담보대출에 포함",301,DT_181Y016,,,,
통계표,"
6) 할부·리스, 카드론, 학자금대출 등 포함",301,DT_181Y016,,,,
통계표,"1) 저축은행, 신용협동조합, 상호금융, 새마을금고",301,DT_181Y014,,,,
통계표,"
2) 보험사, 여신전문기관, 증권사, 대부업 등 포함",301,DT_181Y014,,,,
통계표,최종월 수치는 잠정치,301,DT_121Y008,,,,
통계표,"
2003년 이전 자료는 3%~4%미만 구간에 3%미만 수치 포함",301,DT_121Y008,,,,
통계표,,301,DT_121Y010,,,,
통계표,"
최종월 수치는 잠정치",301,DT_121Y010,,,,
통계표,"
1) 2015.1월~2022.12월 일부 금융기관 데이터의 수정 사항 반영",301,DT_121Y010,,,,
통계표,"
2) 2016.1월~2020.3월 일부 금융기관 데이터의 수정 사항 반영",301,DT_121Y010,,,,
통계표,"
3) 원화대출기준금리 연동대출, 프라임레이트 연동대출 포함",301,DT_121Y010,,,,
통계표,"
4) COFIX 연동대출 포함",301,DT_121Y010,,,,
통계표,"
5) 2021.7월~2024.4월 고정형·변동형 대출 금리 및 비중 통계 개편을 반영하여 시계열 소급",301,DT_121Y010,,,,
통계표,,301,DT_121Y011,,,,
통계표,"
최종월 수치는 잠정치",301,DT_121Y011,,,,
통계표,"
1) 2015.1월~2022.12월 일부 금융기관 데이터의 수정 사항 반영",301,DT_121Y011,,,,
통계표,"
2) 2016.1월~2020.3월 일부 금융기관 데이터의 수정 사항 반영",301,DT_121Y011,,,,
통계표,"
3) 원화대출기준금리 연동대출, 프라임레이트 연동대출 포함",301,DT_121Y011,,,,
통계표,"
4) COFIX 연동대출 포함",301,DT_121Y011,,,,
통계표,"
5) 2021.7월~2024.4월 고정형·변동형 대출 금리 및 비중 통계 개편을 반영하여 시계열 소급",301,DT_121Y011,,,,
통계표,최종월 수치는 잠정치,301,DT_121Y007,,,,
통계표,"
1) 2013.12월 이전은 전체대출기준 금리",301,DT_121Y007,,,,
통계표,"
2) 300만원 이하 대출",301,DT_121Y007,,,,
통계표,"
3) 국내생명보험사 금리. 2014.1월부터 생명보험회사 계약대출금리 작성을 중단하였으며, 이후의 자료는 생명보험협회 홈페이지에서 이용가능",301,DT_121Y007,,,,
통계표,최종월 수치는 잠정치 ,301,DT_121Y004,,,,
통계표,"
",301,DT_121Y004,,,,
통계표,,301,DT_304Y101,,,,
통계표,"
- 상반기 잠정통계(분기 단위)는 9월 중순 이후, 연간 잠정통계(분기 단위)는 익년도 3월 중순 이후 공표",301,DT_304Y101,,,,
통계표,"
",301,DT_304Y101,,,,
통계표,"
- 연간 확정통계(분기 단위)는 익익년도 9월 중순 이후 공표",301,DT_304Y101,,,,
통계표,,301,DT_304Y102,,,,
통계표,"
- 상반기 잠정통계(분기 단위)는 9월 중순 이후, 연간 잠정통계(분기 단위)는 익년도 3월 중순 이후 공표",301,DT_304Y102,,,,
통계표,"
",301,DT_304Y102,,,,
통계표,"
- 연간 확정통계(분기 단위)는 익익년도 9월 중순 이후 공표",301,DT_304Y102,,,,
통계표,,301,DT_304Y103,,,,
통계표,"
- 상반기 잠정통계(분기 단위)는 9월 중순 이후, 연간 잠정통계(분기 단위)는 익년도 3월 중순 이후 공표",301,DT_304Y103,,,,
통계표,"
",301,DT_304Y103,,,,
통계표,"
- 연간 확정통계(분기 단위)는 익익년도 9월 중순 이후 공표",301,DT_304Y103,,,,
통계표,,301,DT_304Y104,,,,
통계표,"
- 상반기 잠정통계(분기 단위)는 9월 중순 이후, 연간 잠정통계(분기 단위)는 익년도 3월 중순 이후 공표",301,DT_304Y104,,,,
통계표,"
",301,DT_304Y104,,,,
통계표,"
- 연간 확정통계(분기 단위)는 익익년도 9월 중순 이후 공표",301,DT_304Y104,,,,
통계표,,301,DT_304Y105,,,,
통계표,"
- 상반기 잠정통계(분기 단위)는 9월 중순 이후, 연간 잠정통계(분기 단위)는 익년도 3월 중순 이후 공표",301,DT_304Y105,,,,
통계표,"
",301,DT_304Y105,,,,
통계표,"
- 연간 확정통계(분기 단위)는 익익년도 9월 중순 이후 공표",301,DT_304Y105,,,,
통계표,,301,DT_304Y106,,,,
통계표,"
",301,DT_304Y106,,,,
통계표,"
- 상반기 잠정통계(분기 단위)는 9월 중순 이후, 연간 잠정통계(분기 단위)는 익년도 3월 중순 이후 공표",301,DT_304Y106,,,,
통계표,"
",301,DT_304Y106,,,,
통계표,"
- 연간 확정통계(분기 단위)는 익익년도 9월 중순 이후 공표",301,DT_304Y106,,,,
통계표,,301,DT_304Y107,,,,
통계표,"
- 상반기 잠정통계(분기 단위)는 9월 중순 이후, 연간 잠정통계(분기 단위)는 익년도 3월 중순 이후 공표",301,DT_304Y107,,,,
통계표,"
",301,DT_304Y107,,,,
통계표,"
- 연간 확정통계(분기 단위)는 익익년도 9월 중순 이후 공표",301,DT_304Y107,,,,
통계표,"1) 본원통화 = 현금통화 + 중앙은행의 대 예금취급기관 부채 등(RP, 통화안정증권 제외)",301,DT_102Y003,,,,
통계표,"
2) 최종월은 잠정치",301,DT_102Y003,,,,
통계표,"1) 본원통화 = 현금통화 + 중앙은행의 대 예금취급기관 부채 등(RP, 통화안정증권 제외)",301,DT_102Y001,,,,
통계표,"
2) 최종월은 잠정치",301,DT_102Y001,,,,
통계표,"
3) 본원통화 통계의 속보성 제고를 위해 2025.12월 M2 통계 공표시부터 본원통화 총액 통계를 해당 월말 2주 후(익월 중순) 공표(세부항목 통계는 해당 월말 6주 후인 익익월 중순 공표)",301,DT_102Y001,,,,
통계표,"1) 본원통화 = 현금통화 + 중앙은행의 대 예금취급기관 부채 등(RP, 통화안정증권 제외)",301,DT_102Y004,,,,
통계표,"
2) 최종월은 잠정치",301,DT_102Y004,,,,
통계표,"1) 본원통화 = 현금통화 + 중앙은행의 대 예금취급기관 부채 등(RP, 통화안정증권 제외)",301,DT_102Y002,,,,
통계표,"
2) 최종월은 잠정치",301,DT_102Y002,,,,
통계표,"
3) 본원통화 통계의 속보성 제고를 위해 2025.12월 M2 통계 공표시부터 본원통화 총액 통계를 해당 월말 2주 후(익월 중순) 공표(세부항목 통계는 해당 월말 6주 후인 익익월 중순 공표)",301,DT_102Y002,,,,
통계표,'2026년 4월 통화 및 유동성’ 공표시 기초자료 변경사항을 반영하여 과거 시계열(2022.12월~2026.2월)을 수정(2026.6.16.),301,DT_161Y003,,,,
통계표,"
협의통화(M1) = 현금통화 + 요구불예금 및 수시입출식 저축성예금",301,DT_161Y003,,,,
통계표,'2026년 4월 통화 및 유동성’ 공표시 기초자료 변경사항을 반영하여 과거 시계열(2022.12월~2026.2월)을 수정(2026.6.16.),301,DT_161Y004,,,,
통계표,"
협의통화(M1) = 현금통화 + 요구불예금 및 수시입출식 저축성예금",301,DT_161Y004,,,,
통계표,'2026년 4월 통화 및 유동성’ 공표시 기초자료 변경사항을 반영하여 과거 시계열(2022.12월~2026.2월)을 수정(2026.6.16.),301,DT_161Y001,,,,
통계표,"
협의통화(M1) = 현금통화 + 요구불예금 및 수시입출식 저축성예금",301,DT_161Y001,,,,
통계표,'2026년 4월 통화 및 유동성’ 공표시 기초자료 변경사항을 반영하여 과거 시계열(2022.12월~2026.2월)을 수정(2026.6.16.),301,DT_161Y002,,,,
통계표,"
협의통화(M1) = 현금통화 + 요구불예금 및 수시입출식 저축성예금",301,DT_161Y002,,,,
통계표,"증권사의 CMA를 2009.7월부터 포함, 초대형 IB의 발행어음 및 발행어음형 CMA를 2017.11월부터 포함",301,DT_161Y007,,,,
통계표,"
'2026년 4월 통화 및 유동성’ 공표시 기초자료 변경사항을 반영하여 과거 시계열(2022.12월~2026.2월)을 수정(2026.6.16.)",301,DT_161Y007,,,,
통계표,"
1) 양도성예금증서, 환매조건부채권매도, 표지어음",301,DT_161Y007,,,,
통계표,"
2) CMA, 만기2년미만 외화예수금, 발행어음, 신탁형증권저축",301,DT_161Y007,,,,
통계표,"증권사의 CMA를 2009.7월부터 포함, 초대형 IB의 발행어음 및 발행어음형 CMA를 2017.11월부터 포함",301,DT_161Y008,,,,
통계표,"
'2026년 4월 통화 및 유동성’ 공표시 기초자료 변경사항을 반영하여 과거 시계열(2022.12월~2026.2월)을 수정(2026.6.16.)",301,DT_161Y008,,,,
통계표,"
",301,DT_161Y008,,,,
통계표,"증권사의 CMA를 2009.7월부터 포함, 초대형 IB의 발행어음 및 발행어음형 CMA를 2017.11월부터 포함",301,DT_161Y005,,,,
통계표,"
'2026년 4월 통화 및 유동성’ 공표시 기초자료 변경사항을 반영하여 과거 시계열(2022.12월~2026.2월)을 수정(2026.6.16.)",301,DT_161Y005,,,,
통계표,"
1) 양도성예금증서, 환매조건부채권매도, 표지어음",301,DT_161Y005,,,,
통계표,"
2) CMA, 만기2년미만 외화예수금, 발행어음, 신탁형증권저축",301,DT_161Y005,,,,
통계표,"증권사의 CMA를 2009.7월부터 포함, 초대형 IB의 발행어음 및 발행어음형 CMA를 2017.11월부터 포함",301,DT_161Y006,,,,
통계표,"
'2026년 4월 통화 및 유동성’ 공표시 기초자료 변경사항을 반영하여 과거 시계열(2022.12월~2026.2월)을 수정(2026.6.16.)",301,DT_161Y006,,,,
통계표,'2026년 4월 통화 및 유동성’ 공표시 기초자료 변경사항을 반영하여 과거 시계열(2022.12월~2026.2월)을 수정(2026.6.16.),301,DT_161Y011,,,,
통계표,"
1) 주체별 계절조정결과의 합계는 계절변동조정 기법의 고유한 특성상 금융상품별 구성내역을 합산하여 산출되는 광의통화(M2) 총량의 계절조정결과와 반드시 일치하지는 않음",301,DT_161Y011,,,,
통계표,"
2) 가계 및 가계의 편익을 위해 봉사하는 민간비영리단체 등",301,DT_161Y011,,,,
통계표,"
3) 민간기업 및 공기업 등",301,DT_161Y011,,,,
통계표,"
4) 2025.12월 통화 및 유동성 통계 개편에 따라 기타금융기관의 세분화된 통계를 2023.12월부터 제공",301,DT_161Y011,,,,
통계표,"
    연금기금: 민간의 퇴직관련 신탁계정 등(국민연금기금, 공무원연금기금, 군인연금기금 등 제외)",301,DT_161Y011,,,,
통계표,"
    기타금융중개기관: 증권기관, 여신전문기관 등",301,DT_161Y011,,,,
통계표,"
    금융보조기관: 서민금융기관 중앙회, 자금중개회사, 투자자문회사, 한국거래소, 금융결제원 등",301,DT_161Y011,,,,
통계표,"
    전속금융기관 및 대부업체: SPC, 금융지주회사, 대부업체 등",301,DT_161Y011,,,,
통계표,"
5) 사회보장기구(국민연금기금, 고용보험기금, 산업재해보상보험 및 예방기금 등) 및 지방자치단체",301,DT_161Y011,,,,
통계표,'2026년 4월 통화 및 유동성’ 공표시 기초자료 변경사항을 반영하여 과거 시계열(2022.12월~2026.2월)을 수정(2026.6.16.),301,DT_161Y012,,,,
통계표,"
1) 가계 및 가계의 편익을 위해 봉사하는 민간비영리단체 등",301,DT_161Y012,,,,
통계표,"
2) 민간기업 및 공기업 등",301,DT_161Y012,,,,
통계표,"
3) 2025.12월 통화 및 유동성 통계 개편에 따라 기타금융기관의 세분화된 통계를 2023.12월부터 제공",301,DT_161Y012,,,,
통계표,"
    연금기금: 민간의 퇴직관련 신탁계정 등(국민연금기금, 공무원연금기금, 군인연금기금 등 제외)",301,DT_161Y012,,,,
통계표,"
    기타금융중개기관: 증권기관, 여신전문기관 등",301,DT_161Y012,,,,
통계표,"
    금융보조기관: 서민금융기관 중앙회, 자금중개회사, 투자자문회사, 한국거래소, 금융결제원 등",301,DT_161Y012,,,,
통계표,"
    전속금융기관 및 대부업체: SPC, 금융지주회사, 대부업체 등",301,DT_161Y012,,,,
통계표,"
4) 사회보장기구(국민연금기금, 고용보험기금, 산업재해보상보험 및 예방기금 등) 및 지방자치단체",301,DT_161Y012,,,,
통계표,'2026년 4월 통화 및 유동성’ 공표시 기초자료 변경사항을 반영하여 과거 시계열(2022.12월~2026.2월)을 수정(2026.6.16.),301,DT_161Y009,,,,
통계표,"
1) 주체별 계절조정결과의 합계는 계절변동조정 기법의 고유한 특성상 금융상품별 구성내역을 합산하여 산출되는 광의통화(M2) 총량의 계절조정결과와 반드시 일치하지는 않음",301,DT_161Y009,,,,
통계표,"
2) 가계 및 가계의 편익을 위해 봉사하는 민간비영리단체 등",301,DT_161Y009,,,,
통계표,"
3) 민간기업 및 공기업 등",301,DT_161Y009,,,,
통계표,"
4) 2025.12월 통화 및 유동성 통계 개편에 따라 기타금융기관의 세분화된 통계를 2023.12월부터 제공",301,DT_161Y009,,,,
통계표,"
    연금기금: 민간의 퇴직관련 신탁계정 등(국민연금기금, 공무원연금기금, 군인연금기금 등 제외)",301,DT_161Y009,,,,
통계표,"
    기타금융중개기관: 증권기관, 여신전문기관 등",301,DT_161Y009,,,,
통계표,"
    금융보조기관: 서민금융기관 중앙회, 자금중개회사, 투자자문회사, 한국거래소, 금융결제원 등",301,DT_161Y009,,,,
통계표,"
    전속금융기관 및 대부업체: SPC, 금융지주회사, 대부업체 등",301,DT_161Y009,,,,
통계표,"
5) 사회보장기구(국민연금기금, 고용보험기금, 산업재해보상보험 및 예방기금 등) 및 지방자치단체",301,DT_161Y009,,,,
통계표,'2026년 4월 통화 및 유동성’ 공표시 기초자료 변경사항을 반영하여 과거 시계열(2022.12월~2026.2월)을 수정(2026.6.16.),301,DT_161Y010,,,,
통계표,"
1) 가계 및 가계의 편익을 위해 봉사하는 민간비영리단체 등",301,DT_161Y010,,,,
통계표,"
2) 민간기업 및 공기업 등",301,DT_161Y010,,,,
통계표,"
3) 2025.12월 통화 및 유동성 통계 개편에 따라 기타금융기관의 세분화된 통계를 2023.12월부터 제공",301,DT_161Y010,,,,
통계표,"
    연금기금: 민간의 퇴직관련 신탁계정 등(국민연금기금, 공무원연금기금, 군인연금기금 등 제외)",301,DT_161Y010,,,,
통계표,"
    기타금융중개기관: 증권기관, 여신전문기관 등",301,DT_161Y010,,,,
통계표,"
    금융보조기관: 서민금융기관 중앙회, 자금중개회사, 투자자문회사, 한국거래소, 금융결제원 등",301,DT_161Y010,,,,
통계표,"
    전속금융기관 및 대부업체: SPC, 금융지주회사, 대부업체 등",301,DT_161Y010,,,,
통계표,"
4) 사회보장기구(국민연금기금, 고용보험기금, 산업재해보상보험 및 예방기금 등) 및 지방자치단체",301,DT_161Y010,,,,
통계표,'2026년 4월 통화 및 유동성’ 공표시 기초자료 변경사항을 반영하여 과거 시계열(2022.12월~2026.2월)을 수정(2026.6.16.),301,DT_161Y014,,,,
통계표,"
1) 상호저축은행, 신용협동조합, 상호금융, 새마을금고",301,DT_161Y014,,,,
통계표,"
2) 종합금융, 우체국, 수출입은행 등",301,DT_161Y014,,,,
통계표,'2026년 4월 통화 및 유동성’ 공표시 기초자료 변경사항을 반영하여 과거 시계열(2022.12월~2026.2월)을 수정(2026.6.16.),301,DT_161Y013,,,,
통계표,"
1) 상호저축은행, 신용협동조합, 상호금융, 새마을금고",301,DT_161Y013,,,,
통계표,"
2) 종합금융, 우체국, 수출입은행 등",301,DT_161Y013,,,,
통계표,'2026년 4월 통화 및 유동성' 공표시 기초자료 변경사항을 반영하여 과거 시계열(2022.12월~2026.2월)을 수정(2026.6.16.),301,DT_171Y001,,,,
통계표,"
최종월 수치는 잠정치",301,DT_171Y001,,,,
통계표,"
1) 예금취급기관 발행 금융상품 금액과 구성상품(M2, 2년이상 장기금융상품 등)의 합계가 일치하지 않는 것은 Lf에 새로 추가된 금융상품을 발행하는 비예금취급기관(Non-MMF, 연금기금, 생명보험회사, 한국증권금융, 종합금융투자사업자의 종합투자계좌(IMA) 부문)의 예금취급기관 발행 금융상품 보유분을 상호거래로 제거하였기 때문",301,DT_171Y001,,,,
통계표,"
2) M2를 발행하는 예금취급기관의 2년이상 예적금, 금융채 등",301,DT_171Y001,,,,
통계표,"
3) Non-MMF의 수익증권, 연금기금(민간의 퇴직관련 신탁계정 등)의 퇴직연금준비금, 생명보험회사의 생명보험계약준비금, 한국증권금융의 예수금, 종합금융투자사업자의 종합투자계좌(IMA) 등, 종합금융투자사업자의 종합투자계좌(IMA)를 2025.12월부터 포함",301,DT_171Y001,,,,
통계표,'2026년 4월 통화 및 유동성' 공표시 기초자료 변경사항을 반영하여 과거 시계열(2022.12월~2026.2월)을 수정(2026.6.16.),301,DT_171Y002,,,,
통계표,"
최종월 수치는 잠정치",301,DT_171Y002,,,,
통계표,"
1) 예금취급기관 발행 금융상품 금액과 구성상품(M2, 2년이상 장기금융상품 등)의 합계가 일치하지 않는 것은 Lf에 새로 추가된 금융상품을 발행하는 비예금취급기관(Non-MMF, 연금기금, 생명보험회사, 한국증권금융, 종합금융투자사업자의 종합투자계좌(IMA) 부문)의 예금취급기관 발행 금융상품 보유분을 상호거래로 제거하였기 때문",301,DT_171Y002,,,,
통계표,"
2) M2를 발행하는 예금취급기관의 2년이상 예적금, 금융채 등",301,DT_171Y002,,,,
통계표,"
3) Non-MMF의 수익증권, 연금기금(민간의 퇴직관련 신탁계정 등)의 퇴직연금준비금, 생명보험회사의 생명보험계약준비금, 한국증권금융의 예수금, 종합금융투자사업자의 종합투자계좌(IMA) 등, 종합금융투자사업자의 종합투자계좌(IMA)를 2025.12월부터 포함",301,DT_171Y002,,,,
통계표,'2026년 4월 통화 및 유동성' 공표시 기초자료 변경사항을 반영하여 과거 시계열(2022.12월~2026.2월)을 수정(2026.6.16.),301,DT_171Y003,,,,
통계표,"
최종월 수치는 잠정치",301,DT_171Y003,,,,
통계표,"
1) 예금취급기관 발행 금융상품 금액과 구성상품(M2, 2년이상 장기금융상품 등)의 합계가 일치하지 않는 것은 Lf에 새로 추가된 금융상품을 발행하는 비예금취급기관(Non-MMF, 연금기금, 생명보험회사, 한국증권금융, 종합금융투자사업자의 종합투자계좌(IMA) 부문)의 예금취급기관 발행 금융상품 보유분을 상호거래로 제거하였기 때문",301,DT_171Y003,,,,
통계표,"
2) M2를 발행하는 예금취급기관의 2년이상 예적금, 금융채 등",301,DT_171Y003,,,,
통계표,"
3) Non-MMF의 수익증권, 연금기금(민간의 퇴직관련 신탁계정 등)의 퇴직연금준비금, 생명보험회사의 생명보험계약준비금, 한국증권금융의 예수금, 종합금융투자사업자의 종합투자계좌(IMA) 등, 종합금융투자사업자의 종합투자계좌(IMA)를 2025.12월부터 포함",301,DT_171Y003,,,,
통계표,'2026년 4월 통화 및 유동성' 공표시 기초자료 변경사항을 반영하여 과거 시계열(2022.12월~2026.2월)을 수정(2026.6.16.),301,DT_171Y004,,,,
통계표,"
최종월 수치는 잠정치",301,DT_171Y004,,,,
통계표,"
1) 예금취급기관 발행 금융상품 금액과 구성상품(M2, 2년이상 장기금융상품 등)의 합계가 일치하지 않는 것은 Lf에 새로 추가된 금융상품을 발행하는 비예금취급기관(Non-MMF, 연금기금, 생명보험회사, 한국증권금융, 종합금융투자사업자의 종합투자계좌(IMA) 부문)의 예금취급기관 발행 금융상품 보유분을 상호거래로 제거하였기 때문",301,DT_171Y004,,,,
통계표,"
2) M2를 발행하는 예금취급기관의 2년이상 예적금, 금융채 등",301,DT_171Y004,,,,
통계표,"
3) Non-MMF의 수익증권, 연금기금(민간의 퇴직관련 신탁계정 등)의 퇴직연금준비금, 생명보험회사의 생명보험계약준비금, 한국증권금융의 예수금, 종합금융투자사업자의 종합투자계좌(IMA) 등, 종합금융투자사업자의 종합투자계좌(IMA)를 2025.12월부터 포함",301,DT_171Y004,,,,
통계표,"1) 예금은행, 비은행예금취급기관 포괄",301,DT_101Y011,,,,
통계표,,301,DT_101Y011,,,,
통계표,"2) 기타금융기관 부문 = 생명보험회사, 손해보험회사, 증권회사, 여신전문금융회사, 한국주택금융공사 등",301,DT_101Y011,,,,
통계표,,301,DT_101Y011,,,,
통계표,"3) 기초자료 수정으로 인한 데이타 변경(2012.1, 2012.4)",301,DT_101Y011,,,,
통계표,,301,DT_101Y011,,,,
통계표,4) 기초자료 보완으로 인한 과거 시계열 일부 수정(2023.9월 수치 발표시),301,DT_101Y011,,,,
통계표,,301,DT_101Y011,,,,
통계표,5) 최종월은 잠정치,301,DT_101Y011,,,,
통계표,"1) 중앙은행, 기타예금취급기관 포괄",301,DT_101Y009,,,,
통계표,,301,DT_101Y009,,,,
통계표,"2) 사회보장기구 부문 = 국민연금기금, 고용보험기금, 산업재해예방기금 등",301,DT_101Y009,,,,
통계표,,301,DT_101Y009,,,,
통계표,"3) 기타금융기관 부문 = 생명보험회사, 손해보험회사, 증권회사, 여신전문금융회사, 한국주택금융공사 등 ",301,DT_101Y009,,,,
통계표,,301,DT_101Y009,,,,
통계표,"4) 기업 부문 = 공기업, 민간기업",301,DT_101Y009,,,,
통계표,,301,DT_101Y009,,,,
통계표,5) 신용협동조합의 경제주체별 분류기준 변경에 따른 시계열 소급(2007.12~2012.2),301,DT_101Y009,,,,
통계표,,301,DT_101Y009,,,,
통계표,6) 기타유동자산(부채) 등의 회계처리기준 변경을 반영하여 과거 시계열이 일부 수정되었음(2013.2월 수치 발표시),301,DT_101Y009,,,,
통계표,,301,DT_101Y009,,,,
통계표,7) 기초자료 보완으로 인한 과거 시계열 일부 수정(2023.9월 수치 발표시),301,DT_101Y009,,,,
통계표,1) 외평기금포함,301,DT_101Y010,,,,
통계표,,301,DT_101Y010,,,,
통계표,"2) 기타예금취급기관 부문 = 예금은행, 자산운용회사, 상호저축은행, 상호금융 등",301,DT_101Y010,,,,
통계표,,301,DT_101Y010,,,,
통계표,"3) 유가증권 = 통화안정증권, 외국환평형기금채권",301,DT_101Y010,,,,
통계표,,301,DT_101Y010,,,,
통계표,"4) 기타금융기관 부문 = 생명보험회사, 손해보험회사, 증권회사, 여신전문금융회사, 한국주택금융공사 등 ",301,DT_101Y010,,,,
통계표,,301,DT_101Y010,,,,
통계표,"5) 기업 부문 = 양곡관리특별회계, 조달특별회계 등",301,DT_101Y010,,,,
통계표,,301,DT_101Y010,,,,
통계표,6) 기초자료 수정으로 인한 데이타 변경(2012.4),301,DT_101Y010,,,,
통계표,,301,DT_101Y010,,,,
통계표,7) 기타유동자산(부채) 등의 회계처리기준 변경을 반영하여 과거 시계열이 일부 수정되었음(2013.2월 수치 발표시),301,DT_101Y010,,,,
통계표,,301,DT_101Y010,,,,
통계표,8) 기초자료 보완으로 인한 과거 시계열 일부 수정(2023.9월 수치 발표시),301,DT_101Y010,,,,
통계표,,301,DT_101Y010,,,,
통계표,9) 최종월은 잠정치,301,DT_101Y010,,,,
통계표,광의유동성(L) = Lf + 정부 및 기업 등이 발행한 유동성 상품 등,301,DT_112Y001,,,,
통계표,,301,DT_112Y001,,,,
통계표,최종월 수치는 잠정치,301,DT_112Y001,,,,
통계표,,301,DT_112Y001,,,,
통계표,"1) 기타금융기관상품: 손해보험사 보험계약준비금, 증권회사 환매조건부채권, 예금보험공사채, 자산관리공사채, 자산유동화채권",301,DT_112Y001,,,,
통계표,,301,DT_112Y001,,,,
통계표,2) 회사채 및 기업어음: 2013년 4월부터 전자단기사채 포함,301,DT_112Y001,,,,
통계표,,301,DT_112Y001,,,,
통계표,3) IFRS17(2023년 1월) 도입 관련 기초자료 보완으로 2023년 1~4월 시계열이 변경되었음,301,DT_112Y001,,,,
통계표,광의유동성(L) = Lf + 정부 및 기업 등이 발행한 유동성 상품 등,301,DT_112Y002,,,,
통계표,,301,DT_112Y002,,,,
통계표,최종월 수치는 잠정치,301,DT_112Y002,,,,
통계표,,301,DT_112Y002,,,,
통계표,"1) 여신전문기관 발행채권: 카드채, 할부금융채, 리스채",301,DT_112Y002,,,,
통계표,,301,DT_112Y002,,,,
통계표,"2) 자산유동화채권: ABS, MBS 채권",301,DT_112Y002,,,,
통계표,,301,DT_112Y002,,,,
통계표,3) 기업어음: 2013년 4월부터 전자단기사채 포함,301,DT_112Y002,,,,
통계표,,301,DT_112Y002,,,,
통계표,"4) 기타: 증권회사 환매채, Lf 편제 대상 금융기관의 외화시장형 상품, 외화금융채, 보험사 특별계정",301,DT_112Y002,,,,
통계표,,301,DT_112Y002,,,,
통계표,5) IFRS17(2023년 1월) 도입 관련 기초자료 보완으로 2023년 1~4월 시계열이 변경되었음,301,DT_112Y002,,,,
통계표,1) 제11차 표준산업분류(2024.7.1)에 따라 개정된 산업분류에 의거 편제,301,DT_131Y017,,,,
통계표,"
2) 예금은행, 수출입은행, 종합금융회사(수익증권제외), 신탁회사, 상호저축은행, 신용협동기구 및 우체국예금 계정, 발행어음 계정의 원화대출금",301,DT_131Y017,,,,
통계표,"
3) 정보통신, 예술, 스포츠, 여가 관련 산업은 2010.1분기부터 정보통신업과 예술,스포츠 및 여가 관련 서비스업으로 분리",301,DT_131Y017,,,,
통계표,"
4) 통화금융통계 개편, 국제기준 등을 고려해 기초자료를 세분화하면서 2008.1분기부터 2026.2분기까지 시계열을 소급 수정하였음(2026년 9월)",301,DT_131Y017,,,,
통계표,"
5) 최종분기는 잠정치",301,DT_131Y017,,,,
자료코드,"정보통신업, 예술, 스포츠 및 여가 분리에 따른 생성",301,DT_131Y017,13102134611ACC_ITEM.BDDF1I,계정항목별,정보통신업,13101134611ACC_ITEM
자료코드,"정보통신업, 예술, 스포츠 및 여가 분리에 따른 생성",301,DT_131Y017,13102134611ACC_ITEM.BDDF1J,계정항목별,예술 스포츠 및 여가 관련 서비스업,13101134611ACC_ITEM
통계표,1) 제11차 표준산업분류(2024.7.1)에 따라 개정된 산업분류에 의거 편제,301,DT_131Y016,,,,
통계표,"
2) 예금은행, 수출입은행, 종합금융회사(수익증권제외), 신탁회사, 상호저축은행, 신용협동기구 및 우체국예금, 발행어음 계정의 원화대출금",301,DT_131Y016,,,,
통계표,"
3) 정보통신, 예술, 스포츠, 여가 관련 산업은 2010.1분기부터 정보통신업과 예술,스포츠 및 여가 관련 서비스업으로 분리",301,DT_131Y016,,,,
통계표,"
4) 통화금융통계 개편, 국제기준 등을 고려해 기초자료를 세분화하면서 2008.1분기부터 2026.2분기까지 시계열을 소급 수정하였음(2026년 9월)",301,DT_131Y016,,,,
통계표,"
5) 최종분기는 잠정치",301,DT_131Y016,,,,
자료코드,정보통신업과 예술스포츠여가 분리로 인핸 생성,301,DT_131Y016,13102134514ACC_ITEM.BDDE1I,계정항목별,정보통신업,13101134514ACC_ITEM
자료코드,"정보통신업, 스포츠 및 여가 분리로 인한 생성",301,DT_131Y016,13102134514ACC_ITEM.BDDE1J,계정항목별,예술 스포츠 및 여가 관련 서비스업,13101134514ACC_ITEM
통계표,1) 2021.1/4분기부터 자료 수록,301,DT_131Y018,,,,
통계표,"
2) 기업자금대출금: 대기업, 중소기업대출금 합계",301,DT_131Y018,,,,
통계표,"
   대기업: 상호출자제한기업집단 및 중견기업",301,DT_131Y018,,,,
통계표,"
   중소기업: ‘중소기업기본법’상 중소기업",301,DT_131Y018,,,,
통계표,"
   개인사업자: 개인사업자 번호로 대출을 받은 자",301,DT_131Y018,,,,
통계표,"
   공공및기타자금대출금: 지방자치단체, 정부기업 등 공공기관과 학교법인 등 비영리단체",301,DT_131Y018,,,,
통계표,"
3) 제11차 표준산업분류(2024.7.1)에 따라 개정된 산업분류에 의거 편제",301,DT_131Y018,,,,
통계표,"
4) 최종분기는 잠정치",301,DT_131Y018,,,,
자료코드,"정보통신업과 예술, 스포츠 및 여가 관련 산업 분리에 따른 생성",301,DT_131Y018,13102136163ACC_ITEM.1118000,계정항목별,정보통신업,13101136163ACC_ITEM
자료코드,"정보통신업, 예술, 스포츠 및 여가 관련 산업 분리에 따른 생성",301,DT_131Y018,13102136163ACC_ITEM.1119000,계정항목별,예술 스포츠 및 여가 관련 서비스업,13101136163ACC_ITEM
통계표,1) 2018.4/4분기부터 자료 수록,301,DT_131Y010,,,,
통계표,"
2) 법인기업: 법인등록번호 또는 법인사업자번호를 소지, 비법인기업: 법인기업 이외의 경우(개인사업자 포함)",301,DT_131Y010,,,,
통계표,"
3) 제11차 표준산업분류(2024.7.1)에 따라 개정된 산업분류에 의거 편제",301,DT_131Y010,,,,
통계표,"
4) 기초자료 보완에 따라 2021.3분기부터 2023.1분기 중 산업별대출금 시계열이 변경되었음",301,DT_131Y010,,,,
통계표,"
5) 최종분기는 잠정치",301,DT_131Y010,,,,
자료코드,"정보통신업과 예술, 스포츠 및 여가 관련 산업 분리에 따른 생성",301,DT_131Y010,13102134700ACC_ITEM.1118000,계정항목별,정보통신업,13101134700ACC_ITEM
자료코드,"정보통신업, 예술, 스포츠 및 여가 관련 산업 분리에 따른 생성",301,DT_131Y010,13102134700ACC_ITEM.1119000,계정항목별,예술 스포츠 및 여가 관련 서비스업,13101134700ACC_ITEM
통계표,1) 산업은행이 예금은행으로 분류된 2002. 1월부터 동 기관분 포함,301,DT_131Y011,,,,
통계표,"
2) 농협중앙회의 타은행을 통한 지자체협약대출금 중 일부 포함",301,DT_131Y011,,,,
통계표,"
3) 통계의 편제주기가 1998년 8월 1일부터 월에서 분기로 변경됨에 따라 분기말월(3,6,9,12월) 통계 게재",301,DT_131Y011,,,,
통계표,"
4) 2001년 12월부터 외화표시 원화대출 제외",301,DT_131Y011,,,,
통계표,"
5) 농협 및 수협중앙회의 회원조합을 통한 정책자금 대출금 포함",301,DT_131Y011,,,,
통계표,"
6) 제11차 표준산업분류(2024.7.1)에 따라 개정된 산업분류에 의거 편제",301,DT_131Y011,,,,
통계표,"
7) 정보통신, 예술, 스포츠, 여가 관련 산업은 2010.1분기부터 정보통신업과 예술,스포츠 및 여가 관련 서비스업으로 분리",301,DT_131Y011,,,,
통계표,"
8) 기초자료 보완에 따라 2021.3분기부터 2023.1분기 중 산업별대출금 시계열이 변경되었음",301,DT_131Y011,,,,
통계표,"
9) 최종분기는 잠정치",301,DT_131Y011,,,,
자료코드,"정보통신업, 예술, 스포츠 및 여가 분리에 따른 생성",301,DT_131Y011,13102134742ACC_ITEM.BDDF1I,계정항목별,정보통신업,13101134742ACC_ITEM
자료코드,"정보통신업, 예술, 스포츠 및 여가 분리에 따른 생성",301,DT_131Y011,13102134742ACC_ITEM.BDDF1J,계정항목별,예술스포츠 및 여가 관련 산업,13101134742ACC_ITEM
통계표,1) 산업은행이 예금은행으로 분류된 2002. 1월부터 동 기관분 포함,301,DT_131Y013,,,,
통계표,"
2) 농협중앙회의 타은행을 통한 지자체협약대출금 중 일부 포함",301,DT_131Y013,,,,
통계표,"
3) 통계의 편제주기가 1998년 8월 1일부터 월에서 분기로 변경됨에 따라 분기말월(3,6,9,12월) 통계 게재",301,DT_131Y013,,,,
통계표,"
4) 2001년 12월부터 외화표시 원화대출 제외",301,DT_131Y013,,,,
통계표,"
5) 농협 및 수협중앙회의 회원조합을 통한 정책자금 대출금 포함",301,DT_131Y013,,,,
통계표,"
6) 제11차 표준산업분류(2024.7.1)에 따라 개정된 산업분류에 의거 편제",301,DT_131Y013,,,,
통계표,"
7) 정보통신, 예술, 스포츠, 여가 관련 산업은 2010.1분기부터 정보통신업과 예술,스포츠 및 여가 관련 서비스업으로 분리",301,DT_131Y013,,,,
통계표,"
8) 기초자료 보완에 따라 2021.3분기부터 2023.1분기 중 산업별대출금 시계열이 변경되었음",301,DT_131Y013,,,,
통계표,"
9) 최종분기는 잠정치",301,DT_131Y013,,,,
자료코드,정보통신업과 예술스포츠여가 분리로 인핸 생성,301,DT_131Y013,13102134741ACC_ITEM.BDDE1I,계정항목별,정보통신업,13101134741ACC_ITEM
자료코드,"정보통신업, 스포츠 및 여가 분리로 인한 생성",301,DT_131Y013,13102134741ACC_ITEM.BDDE1J,계정항목별,예술 스포츠 및 여가 관련 서비스업,13101134741ACC_ITEM
통계표,1) 농협중앙회의 타은행을 통한 지자체협약대출금 중 일부 포함				,301,DT_132Y003,,,,
통계표,"
2) 농협 및 수협중앙회의 회원조합을 통한 정책자금 대출금 포함				",301,DT_132Y003,,,,
통계표,"
3) 제11차 한국표준산업분류(2024.7.1)에 따라 개정된 산업분류에 의거 편제",301,DT_132Y003,,,,
통계표,"
5) 시.도별 구분은 취급점포 소재지 기준임",301,DT_132Y003,,,,
통계표,"
6) 2012년 3/4분기부터 세종시 통계가 추가됨에 따라 그동안 충남(연기군전체, 공주시 일부) 및 충북(청원군 일부)지역에 포함되었던 지역통계가 세종시로 이관됨에 따라 충남 및 충북통계 이용시 2012년 3/4분기 전후 시계열 비교에 유의",301,DT_132Y003,,,,
통계표,"
7) 정보통신, 예술, 스포츠, 여가 관련 산업은 2010.1분기부터 정보통신업과 예술,스포츠 및 여가 관련 서비스업으로 분리",301,DT_132Y003,,,,
통계표,"
8) 금융기관 기초자료 보완으로 2021년 3/4분기~2023년 1/4분기 일부 통계가 변경되었음",301,DT_132Y003,,,,
통계표,1) 농협중앙회의 타은행을 통한 지자체협약대출금 중 일부 포함				,301,DT_132Y001,,,,
통계표,"
2) 농협 및 수협중앙회의 회원조합을 통한 정책자금 대출금 포함				",301,DT_132Y001,,,,
통계표,"
3) 제11차 한국표준산업분류(2024.7.1)에 따라 개정된 산업분류에 의거 편제",301,DT_132Y001,,,,
통계표,"
5) 시.도별 구분은 취급점포 소재지 기준임",301,DT_132Y001,,,,
통계표,"
6) 2012년 3/4분기부터 세종시 통계가 추가됨에 따라 그동안 충남(연기군전체, 공주시 일부) 및 충북(청원군 일부)지역에 포함되었던 지역통계가 세종시로 이관됨에 따라 충남 및 충북통계 이용시 2012년 3/4분기 전후 시계열 비교에 유의",301,DT_132Y001,,,,
통계표,"
7) 정보통신, 예술, 스포츠, 여가 관련 산업은 2010.1분기부터 정보통신업과 예술,스포츠 및 여가 관련 서비스업으로 분리",301,DT_132Y001,,,,
통계표,"
8) 금융기관 기초자료 보완으로 2021년 3/4분기~2023년 1/4분기 일부 통계가 변경되었음",301,DT_132Y001,,,,
통계표,1) 제11차 표준산업분류(2024.7.1)에 따라 개정된 산업분류에 의거 편제,301,DT_131Y015,,,,
통계표,"
2) 수출입은행, 종합금융회사(수익증권제외), 신탁회사, 상호저축은행, 신용협동기구 및 우체국예금 계정, 발행어음 계정의 ",301,DT_131Y015,,,,
통계표,"
    원화대출금",301,DT_131Y015,,,,
통계표,"
3) 정보통신, 예술, 스포츠, 여가 관련 산업은 2010.1분기부터 정보통신업과 예술,스포츠 및 여가 관련 서비스업으로 분리",301,DT_131Y015,,,,
통계표,"
4) 통화금융통계 개편, 국제기준 등을 고려해 기초자료를 세분화하면서 2008.1분기부터 2026.2분기까지 시계열을 소급 수정하였음(2026년 9월)",301,DT_131Y015,,,,
통계표,"
5) 최종분기는 잠정치",301,DT_131Y015,,,,
자료코드,"정보통신업, 예술, 스포츠 및 여가 분리에 따른 생성",301,DT_131Y015,13102134587ACC_ITEM.BDHF1I,계정항목별,정보통신업,13101134587ACC_ITEM
자료코드,"정보통신업, 예술, 스포츠 및 여가 분리에 따른 생성",301,DT_131Y015,13102134587ACC_ITEM.BDHF1J,계정항목별,예술 스포츠 및 여가 관련 서비스업,13101134587ACC_ITEM
통계표,1) 제11차 표준산업분류(2024.7.1)에 따라 개정된 산업분류에 의거 편제,301,DT_131Y014,,,,
통계표,"
2) 수출입은행, 종합금융회사(수익증권제외), 신탁회사, 상호저축은행, 신용협동기구 및 우체국예금 계정, 발행어음 계정의 ",301,DT_131Y014,,,,
통계표,"
    원화대출금",301,DT_131Y014,,,,
통계표,"
3) 정보통신, 예술, 스포츠, 여가 관련 산업은 2010.1분기부터 정보통신업과 예술,스포츠 및 여가 관련 서비스업으로 분리",301,DT_131Y014,,,,
통계표,"
4) 통화금융통계 개편, 국제기준 등을 고려해 기초자료를 세분화하면서 2008.1분기부터 2026.2분기까지 시계열을 소급 수정하였음(2026년 9월)",301,DT_131Y014,,,,
통계표,"
5) 최종분기는 잠정치",301,DT_131Y014,,,,
자료코드,"정보통신업, 예술, 스포츠 및 여가 분리에 따른 생성",301,DT_131Y014,13102134552ACC_ITEM.BDHE1I,계정항목별,정보통신업,13101134552ACC_ITEM
자료코드,"정보통신업, 예술, 스포츠 및 여가 분리에 따른 생성",301,DT_131Y014,13102134552ACC_ITEM.BDHE1J,계정항목별,예술 스포츠 및 여가 관련 서비스업,13101134552ACC_ITEM
통계표,* 최종월 수치는 잠정치이며 금융기관 조사표 등 기초자료가 보완되거나 편제기준이 변경되는 경우 기공표된 수치는 수정됩니다.,301,DT_141Y010,,,,
통계표,"
1) 시.도별 구분은 취급점포 소재지 기준임",301,DT_141Y010,,,,
통계표,"
2) 2016.9월말 신용협동조합 기초통계 주체별 분류의 세분화에 따른 항목조정 반영",301,DT_141Y010,,,,
통계표,"
3) 새마을금고 일부 지점 이전(충남→세종, 2020.2월) 내용을 반영한 결과 2020.2~5월의 새마을금고 통계가 변경되었음,",301,DT_141Y010,,,,
통계표,"
    2016. 9월중 신용협동조합의 기초자료 재정비로 주체별대출금 재분류 발생",301,DT_141Y010,,,,
통계표,"
4) 기업대출금 기타기관 : 종금계정, 신탁계정, 수출입은행",301,DT_141Y010,,,,
통계표,"
",301,DT_141Y010,,,,
통계표,* 최종월 수치는 잠정치이며 금융기관 조사표 등 기초자료가 보완되거나 편제기준이 변경되는 경우 기공표된 수치는 수정됩니다.,301,DT_141Y006,,,,
통계표,"
1) 시.도별 구분은 취급점포 소재지 기준임",301,DT_141Y006,,,,
통계표,"
2) 2012년 9월부터 세종시 통계가 추가됨에 따라 그동안 충남(연기군전체, 공주시 일부) 및 충북(청원군 일부)지역에",301,DT_141Y006,,,,
통계표,"
    포함되었던 지역통계가 세종시로 이관됨에 따라 충남 및 충북통계 이용시 2012년 9월 전후 시계열 비교에 유의",301,DT_141Y006,,,,
통계표,"
3) 조사대상기관의 기초자료 보완으로 2025년 8월 비은행금융기관 수신 공표치(잠정)가 변동되었음",301,DT_141Y006,,,,
통계표,* 최종월 수치는 잠정치이며 금융기관 조사표 등 기초자료가 보완되거나 편제기준이 변경되는 경우 기공표된 수치는 수정됩니다.,301,DT_141Y007,,,,
통계표,"
1) 시.도별 구분은 취급점포 소재지 기준임",301,DT_141Y007,,,,
통계표,"
2) 2012년 9월부터 세종시 통계가 추가됨에 따라 그동안 충남(연기군전체, 공주시 일부) 및 충북(청원군 일부)지역에",301,DT_141Y007,,,,
통계표,"
   포함되었던 지역통계가 세종시로 이관됨에 따라 충남 및 충북통계 이용시 2012년 9월 전후 시계열 비교에 유의",301,DT_141Y007,,,,
통계표,"
3) 새마을금고 일부 지점 이전(충남→세종, 2020.2월) 내용을 반영한 결과 2020.2~5월의 새마을금고 통계가 변경되었음,",301,DT_141Y007,,,,
통계표,"
   2016. 9월중 신용협동조합의 기초자료 재정비로 주체별대출금 재분류 발생",301,DT_141Y007,,,,
통계표,"
4) 비은행 여수신 기타 : 우체국, 수출입은행",301,DT_141Y007,,,,
통계표,"
",301,DT_141Y007,,,,
통계표,* 최종월 수치는 잠정치이며 금융기관 조사표 등 기초자료가 보완되거나 편제기준이 변경되는 경우 기공표된 수치는 수정됩니다.,301,DT_141Y008,,,,
통계표,"
1) 시.도별 구분은 취급점포 소재지 기준임",301,DT_141Y008,,,,
통계표,"
2) 2012년 9월부터 세종시 통계가 추가됨에 따라 그동안 충남(연기군전체, 공주시 일부) 및 충북(청원군 일부)지역에",301,DT_141Y008,,,,
통계표,"
   포함되었던 지역통계가 세종시로 이관됨에 따라 충남 및 충북통계 이용시 2012년 9월 전후 시계열 비교에 유의",301,DT_141Y008,,,,
통계표,* 최종월 수치는 잠정치이며 금융기관 조사표 등 기초자료가 보완되거나 편제기준이 변경되는 경우 기공표된 수치는 수정됩니다.,301,DT_141Y009,,,,
통계표,"
1) 시.도별 구분은 취급점포 소재지 기준임",301,DT_141Y009,,,,
통계표,"
2) 2012년 9월부터 세종시 통계가 추가됨에 따라 그동안 충남(연기군전체, 공주시 일부) 및 충북(청원군 일부)지역에",301,DT_141Y009,,,,
통계표,"
   포함되었던 지역통계가 세종시로 이관됨에 따라 충남 및 충북통계 이용시 2012년 9월 전후 시계열 비교에 유의",301,DT_141Y009,,,,
통계표,1) 최종반기는 잠정치,301,DT_105Y001,,,,
통계표,"
2) 특정금전신탁: 퇴직연금신탁 제외 기준",301,DT_105Y001,,,,
통계표,"
3) 일부 기관의 기초자료 정비로 2014.상반기~2018.하반기 금전신탁 합계 및 1억원이하 계좌의 계좌수 기발표 수치를 수정 반영함",301,DT_105Y001,,,,
통계표,1) 학자금대출의 경우 신용정보사의 학자금대출 정보 변경으로 25.3/4분기부터 신규 채무자에 한해 반영,301,DT_181Y003,,,,
통계표,"1) 저축은행, 신용협동조합, 상호금융, 새마을금고",301,DT_181Y005,,,,
통계표,"
2) 보험사, 여신전문기관, 증권사, 대부업 등 포함",301,DT_181Y005,,,,
통계표,"
3) 학자금대출의 경우 신용정보사의 학자금대출 정보 변경으로 25.3/4분기부터 신규 채무자에 한해 반영",301,DT_181Y005,,,,
통계표,"1) 예적금담보대출, 주택외 부동산담보대출, 전세보증금담보대출, 지급보증서담보대출 등 포함",301,DT_181Y007,,,,
통계표,"
2) 신용대출 중 상호금융은 기초자료 한계로 2022.1/4분기부터 포함",301,DT_181Y007,,,,
통계표,"
3) 2017.3/4분기 이후 편제. 2017.3/4분기 이전에는 주택외담보대출에 포함",301,DT_181Y007,,,,
통계표,"
4) 할부·리스, 카드론, 학자금대출 등 포함",301,DT_181Y007,,,,
통계표,"
5) 학자금대출의 경우 신용정보사의 학자금대출 정보 변경으로 25.3/4분기부터 신규 채무자에 한해 반영",301,DT_181Y007,,,,
통계표,"1) 저축은행, 신용협동조합, 상호금융, 새마을금고",301,DT_181Y009,,,,
통계표,"
2) 보험사, 여신전문기관, 증권사, 대부업 등 포함",301,DT_181Y009,,,,
통계표,"
3) 예적금담보대출, 주택외 부동산담보대출, 전세보증금담보대출, 지급보증서담보대출 등 포함",301,DT_181Y009,,,,
통계표,"
4) 신용대출 중 상호금융은 기초자료 한계로 2022.1/4분기부터 포함",301,DT_181Y009,,,,
통계표,"
5) 2017.3/4분기 이후 편제. 2017.3/4분기 이전에는 주택외담보대출에 포함",301,DT_181Y009,,,,
통계표,"
6) 할부·리스, 카드론, 학자금대출 등 포함",301,DT_181Y009,,,,
통계표,"
7) 기타대출 중 비은행은 기초자료의 한계로 2022.1/4분기부터 편제",301,DT_181Y009,,,,
통계표,"
8) 학자금대출의 경우 신용정보사의 학자금대출 정보 변경으로 25.3/4분기부터 신규 채무자에 한해 반영",301,DT_181Y009,,,,
통계표,"1) 저축은행, 신용협동조합, 상호금융, 새마을금고",301,DT_181Y006,,,,
통계표,"
2) 보험사, 여신전문기관, 증권사, 대부업 등 포함",301,DT_181Y006,,,,
통계표,"1) 예적금담보대출, 주택외 부동산담보대출, 전세보증금담보대출, 지급보증서담보대출 등 포함",301,DT_181Y008,,,,
통계표,"
2) 신용대출 중 상호금융은 기초자료 한계로 2022.1/4분기부터 포함",301,DT_181Y008,,,,
통계표,"
3) 2017.3/4분기 이후 편제. 2017.3/4분기 이전에는 주택외담보대출에 포함",301,DT_181Y008,,,,
통계표,"
4) 할부·리스, 카드론, 학자금대출 등 포함",301,DT_181Y008,,,,
통계표,"1) 저축은행, 신용협동조합, 상호금융, 새마을금고",301,DT_181Y010,,,,
통계표,"
2) 보험사, 여신전문기관, 증권사, 대부업 등 포함",301,DT_181Y010,,,,
통계표,"
3) 예적금담보대출, 주택외 부동산담보대출, 전세보증금담보대출, 지급보증서담보대출 등 포함",301,DT_181Y010,,,,
통계표,"
4) 신용대출 중 상호금융은 기초자료 한계로 2022.1/4분기부터 포함",301,DT_181Y010,,,,
통계표,"
5) 2017.3/4분기 이후 편제. 2017.3/4분기 이전에는 주택외담보대출에 포함",301,DT_181Y010,,,,
통계표,"
6) 할부·리스, 카드론, 학자금대출 등 포함",301,DT_181Y010,,,,
통계표,"
7) 기타대출 중 비은행은 기초자료의 한계로 2022.1/4분기부터 편제",301,DT_181Y010,,,,
통계표,최종월 수치는 잠정치 ,301,DT_121Y002,,,,
통계표,"
1) 요구불예금 및 수시입출식 저축성예금 제외",301,DT_121Y002,,,,
통계표,"
2) 회전식정기예금의 만기 재분류(계약만기 기준 → 회전기간 기준)에 따라 2009.12월부터 시계열 비연속",301,DT_121Y002,,,,
통계표,"
3) 후순위채, 전환사채 등을 제외한 일반 금융채 기준",301,DT_121Y002,,,,
통계표,최종월 수치는 잠정치,301,DT_121Y013,,,,
통계표,"
1) 후순위채, 전환사채 등을 제외한 일반 금융채 기준",301,DT_121Y013,,,,
통계표,최종월 수치는 잠정치,301,DT_121Y006,,,,
통계표,"
1) 당좌대출 및 마이너스통장대출 제외(마이너스통장대출은 2001.9월부터 제외)",301,DT_121Y006,,,,
통계표,"
2) 2017.9월~2018.2월 일반신용대출과 집단대출 일부 항목 분류 조정",301,DT_121Y006,,,,
통계표,"
3) 2021.7월~2024.4월 고정형·변동형 대출 금리 및 비중 통계 개편을 반영하여 시계열 소급",301,DT_121Y006,,,,
통계표,최종월 수치는 잠정치 ,301,DT_121Y015,,,,
통계표,"
1) 당좌대출 및 마이너스통장대출 포함",301,DT_121Y015,,,,
통계표,"
2) 마이너스통장대출 포함",301,DT_121Y015,,,,
통계표,"
3) 2017.9월~2018.2월 일반신용대출과 집단대출 일부 항목 분류 조정",301,DT_121Y015,,,,
통계표,"
4) 2015.1월~2019.4월 일부 금융기관 당좌대출 금리 수정 사항 반영",301,DT_121Y015,,,,
통계표,"
5) 2021.7월~2024.4월 고정형·변동형 대출 금리 및 비중 통계 개편을 반영하여 시계열 소급",301,DT_121Y015,,,,
통계표,협의통화(M1) = 현금통화 + 요구불예금 및 수시입출식 저축성예금,301,DT_101Y016,,,,
통계표,,301,DT_101Y016,,,,
통계표,"단, 2007년 3월 이전에는 MMF를 포함했으나 2005년 11월부터는 익일환매제도가 적용된 법인 MMF 제외. 2007.3.22부터는 미래가격제가 도입된 개인 MMF도 제외",301,DT_101Y016,,,,
통계표,협의통화(M1) = 현금통화 + 요구불예금 및 수시입출식 저축성예금,301,DT_101Y017,,,,
통계표,,301,DT_101Y017,,,,
통계표,"단, 2007년 3월 이전에는 MMF를 포함했으나 2005년 11월부터는 익일환매제도가 적용된 법인 MMF 제외. 2007.3.22부터는 미래가격제가 도입된 개인 MMF도 제외",301,DT_101Y017,,,,
통계표,협의통화(M1) = 현금통화 + 요구불예금 및 수시입출식 저축성예금,301,DT_101Y018,,,,
통계표,,301,DT_101Y018,,,,
통계표,"단, 2007년 3월 이전에는 MMF를 포함했으나 2005년 11월부터는 익일환매제도가 적용된 법인 MMF 제외. 2007.3.22부터는 미래가격제가 도입된 개인 MMF도 제외",301,DT_101Y018,,,,
통계표,협의통화(M1) = 현금통화 + 요구불예금 및 수시입출식 저축성예금,301,DT_101Y019,,,,
통계표,,301,DT_101Y019,,,,
통계표,"단, 2007년 3월 이전에는 MMF를 포함했으나 2005년 11월부터는 익일환매제도가 적용된 법인 MMF 제외. 2007.3.22부터는 미래가격제가 도입된 개인 MMF도 제외",301,DT_101Y019,,,,
통계표,2009.7월부터 독립적인 결제서비스를 제공하는 증권사의 CMA를 서비스 제공 시점에 따라 M2에 포함. 간접투자자산운용업법 시행(2004년 4월)에 따라 2004년 4월부터 수익증권 취급기관 및 상품 확대분 반영,301,DT_101Y001,,,,
통계표,,301,DT_101Y001,,,,
통계표,"1) 양도성예금증서, 환매조건부채권매도, 표지어음",301,DT_101Y001,,,,
통계표,,301,DT_101Y001,,,,
통계표,"2) CMA, 만기2년미만 외화예수금, 발행어음, 신탁형증권저축",301,DT_101Y001,,,,
통계표,2009.7월부터 독립적인 결제서비스를 제공하는 증권사의 CMA를 서비스 제공 시점에 따라 M2에 포함. 간접투자자산운용업법 시행(2004년 4월)에 따라 2004년 4월부터 수익증권 취급기관 및 상품 확대분 반영,301,DT_101Y002,,,,
통계표,,301,DT_101Y002,,,,
통계표,기초자료 보완 등으로 MMF 및 수익증권의 2018.1월~2022.12월 시계열 수정,301,DT_101Y002,,,,
통계표,2009.7월부터 독립적인 결제서비스를 제공하는 증권사의 CMA를 서비스 제공 시점에 따라 M2에 포함. 간접투자자산운용업법 시행(2004년 4월)에 따라 2004년 4월부터 수익증권 취급기관 및 상품 확대분 반영,301,DT_101Y003,,,,
통계표,,301,DT_101Y003,,,,
통계표,"1) 양도성예금증서, 환매조건부채권매도, 표지어음",301,DT_101Y003,,,,
통계표,,301,DT_101Y003,,,,
통계표,"2) CMA, 만기2년미만 외화예수금, 발행어음, 신탁형증권저축",301,DT_101Y003,,,,
통계표,2009.7월부터 독립적인 결제서비스를 제공하는 증권사의 CMA를 서비스 제공 시점에 따라 M2에 포함. 간접투자자산운용업법 시행(2004년 4월)에 따라 2004년 4월부터 수익증권 취급기관 및 상품 확대분 반영,301,DT_101Y004,,,,
통계표,,301,DT_101Y004,,,,
통계표,기초자료 보완 등으로 MMF 및 수익증권의 2018.1월~2022.12월 시계열 수정,301,DT_101Y004,,,,
통계표,1) 주체별 계절조정결과의 합계는 계절변동조정 기법의 고유한 특성상 금융상품별 구성내역을 합산하여 산출되는 광의통화(M2) 총량의 계절조정결과와 반드시 일치하지는 않음,301,DT_101Y005,,,,
통계표,,301,DT_101Y005,,,,
통계표,2) 가계 및 가계의 편익을 위해 봉사하는 민간비영리단체 등,301,DT_101Y005,,,,
통계표,,301,DT_101Y005,,,,
통계표,3) 공기업 및 민간기업 등,301,DT_101Y005,,,,
통계표,,301,DT_101Y005,,,,
통계표,"4) 예금취급기관 이외의 금융기관(보험회사, 증권회사, 여신전문금융기관 등)",301,DT_101Y005,,,,
통계표,,301,DT_101Y005,,,,
통계표,5) 사회보장기구 및 지방자치단체 등,301,DT_101Y005,,,,
통계표,1) 가계 및 가계의 편익을 위해 봉사하는 민간비영리단체 등,301,DT_101Y014,,,,
통계표,,301,DT_101Y014,,,,
통계표,2) 공기업 및 민간기업 등,301,DT_101Y014,,,,
통계표,,301,DT_101Y014,,,,
통계표,"3) 예금취급기관 이외의 금융기관(보험회사, 증권회사, 여신전문금융기관 등)",301,DT_101Y014,,,,
통계표,,301,DT_101Y014,,,,
통계표,4) 사회보장기구 및 지방자치단체 등,301,DT_101Y014,,,,
통계표,,301,DT_101Y014,,,,
통계표,"5) 자금순환통계 확정치 등 기초자료를 보강하여 원계열을 수정(2019.10월~2020.2월, 2020.10월~2023.12월)하고 이를 바탕으로 경제주체별 계절조정을 실시",301,DT_101Y014,,,,
통계표,1) 주체별 계절조정결과의 합계는 계절변동조정 기법의 고유한 특성상 금융상품별 구성내역을 합산하여 산출되는 광의통화(M2) 총량의 계절조정결과와 반드시 일치하지는 않음,301,DT_101Y006,,,,
통계표,,301,DT_101Y006,,,,
통계표,2) 가계 및 가계의 편익을 위해 봉사하는 민간비영리단체 등,301,DT_101Y006,,,,
통계표,,301,DT_101Y006,,,,
통계표,3) 공기업 및 민간기업 등,301,DT_101Y006,,,,
통계표,,301,DT_101Y006,,,,
통계표,"4) 예금취급기관 이외의 금융기관(보험회사, 증권회사, 여신전문금융기관 등)",301,DT_101Y006,,,,
통계표,,301,DT_101Y006,,,,
통계표,5) 사회보장기구 및 지방자치단체 등,301,DT_101Y006,,,,
통계표,1) 가계 및 가계의 편익을 위해 봉사하는 민간비영리단체 등,301,DT_101Y015,,,,
통계표,,301,DT_101Y015,,,,
통계표,2) 공기업 및 민간기업 등,301,DT_101Y015,,,,
통계표,,301,DT_101Y015,,,,
통계표,"3) 예금취급기관 이외의 금융기관(보험회사, 증권회사, 여신전문금융기관 등)",301,DT_101Y015,,,,
통계표,,301,DT_101Y015,,,,
통계표,4) 사회보장기구 및 지방자치단체 등,301,DT_101Y015,,,,
통계표,,301,DT_101Y015,,,,
통계표,"5) 자금순환통계 확정치 등 기초자료를 보강하여 원계열을 수정(2019.10월~2020.2월, 2020.10월~2023.12월)하고 이를 바탕으로 경제주체별 계절조정을 실시",301,DT_101Y015,,,,
통계표,간접투자자산운용업법 시행(2004년 4월)에 따라 2004년 4월부터 수익증권 취급기관 및 상품 확대분 반영,301,DT_111Y001,,,,
통계표,,301,DT_111Y001,,,,
통계표,최종월 수치는 잠정치,301,DT_111Y001,,,,
통계표,,301,DT_111Y001,,,,
통계표,"1) 2년 이상 장기금융상품 등: 2014년 12월 31일 정책금융공사가 산업은행에 통합. 만기 2년 이상 예적금, 금융채 등을 비롯한 장기금융상품들과 상호거래조정(-)을 포함.",301,DT_111Y001,,,,
통계표,,301,DT_111Y001,,,,
통계표,2) 생명보험계약 준비금 등: 증권금융예수금 포함,301,DT_111Y001,,,,
통계표,,301,DT_111Y001,,,,
통계표,3) IFRS17(2023년 1월) 도입 관련 기초자료 보완으로 2023년 1~4월 시계열이 변경되었음,301,DT_111Y001,,,,
통계표,간접투자자산운용업법 시행(2004년 4월)에 따라 2004년 4월부터 수익증권 취급기관 및 상품 확대분 반영 ,301,DT_111Y002,,,,
통계표,,301,DT_111Y002,,,,
통계표,최종월 수치는 잠정치,301,DT_111Y002,,,,
통계표,,301,DT_111Y002,,,,
통계표,1) 금융채: 2014년 12월 31일 정책금융공사가 산업은행에 통합,301,DT_111Y002,,,,
통계표,,301,DT_111Y002,,,,
통계표,"2) 금전신탁 등: 예금취급기관의 외화예수금, 목적부저축성예금, 어음매출, CMA, 자체발행어음, 청약증거금 포함",301,DT_111Y002,,,,
통계표,,301,DT_111Y002,,,,
통계표,"3) 기타: 한국증권금융의 예수금, 한국증권금융 장단기 금융채, 상호거래 조정(-) 등",301,DT_111Y002,,,,
통계표,,301,DT_111Y002,,,,
통계표,4) IFRS17(2023년 1월) 도입 관련 기초자료 보완으로 2023년 1~4월 시계열이 변경되었음,301,DT_111Y002,,,,
통계표,간접투자자산운용업법 시행(2004년 4월)에 따라 2004년 4월부터 수익증권 취급기관 및 상품 확대분 반영,301,DT_111Y003,,,,
통계표,,301,DT_111Y003,,,,
통계표,최종월 수치는 잠정치,301,DT_111Y003,,,,
통계표,,301,DT_111Y003,,,,
통계표,"1) 2년 이상 장기금융상품 등: 2014년 12월 31일 정책금융공사가 산업은행에 통합. 만기 2년 이상 예적금, 금융채 등을 비롯한 장기금융상품들과 상호거래조정(-)을 포함",301,DT_111Y003,,,,
통계표,,301,DT_111Y003,,,,
통계표,2) 생명보험계약 준비금 등: 증권금융예수금 포함,301,DT_111Y003,,,,
통계표,,301,DT_111Y003,,,,
통계표,3) IFRS17(2023년 1월) 도입 관련 기초자료 보완으로 2023년 1~4월 시계열이 변경되었음,301,DT_111Y003,,,,
통계표,간접투자자산운용업법 시행(2004년 4월)에 따라 2004년 4월부터 수익증권 취급기관 및 상품 확대분 반영,301,DT_111Y004,,,,
통계표,,301,DT_111Y004,,,,
통계표,최종월 수치는 잠정치,301,DT_111Y004,,,,
통계표,,301,DT_111Y004,,,,
통계표,1) 금융채: 2014년 12월 31일 정책금융공사가 산업은행에 통합,301,DT_111Y004,,,,
통계표,,301,DT_111Y004,,,,
통계표,"2) 금전신탁 등: 예금취급기관의 외화예수금, 목적부저축성예금, 어음매출, CMA, 자체발행어음, 청약증거금 포함",301,DT_111Y004,,,,
통계표,,301,DT_111Y004,,,,
통계표,"3) 기타: 한국증권금융의 예수금, 한국증권금융 장단기 금융채, 상호거래 조정(-) 등",301,DT_111Y004,,,,
통계표,,301,DT_111Y004,,,,
통계표,4) IFRS17(2023년 1월) 도입 관련 기초자료 보완으로 2023년 1~4월 시계열이 변경되었음,301,DT_111Y004,,,,
